WRN 2026-09-01T22:48:06.842 ?.141      server_start:197: Failed to start server: read-only file system: /run/user/1000/nvim.141.0
WRN 2026-09-01T22:48:08.141 ui.140     tui_stop:658: TUI: timed out waiting for DA1 response
WRN 2026-09-01T22:48:08.158 ?.143      server_start:197: Failed to start server: read-only file system: /run/user/1000/nvim.143.0
WRN 2026-09-01T22:48:09.443 ui.142     tui_stop:658: TUI: timed out waiting for DA1 response
WRN 2026-09-01T22:48:09.460 ?.145      server_start:197: Failed to start server: read-only file system: /run/user/1000/nvim.145.0
WRN 2026-09-01T22:48:10.745 ui.144     tui_stop:658: TUI: timed out waiting for DA1 response
WRN 2026-09-01T22:48:10.762 ?.147      server_start:197: Failed to start server: read-only file system: /run/user/1000/nvim.147.0
WRN 2026-09-01T22:48:12.048 ui.146     tui_stop:658: TUI: timed out waiting for DA1 response
WRN 2026-09-01T22:48:12.066 ?.149      server_start:197: Failed to start server: read-only file system: /run/user/1000/nvim.149.0
WRN 2026-09-01T22:48:13.351 ui.148     tui_stop:658: TUI: timed out waiting for DA1 response
WRN 2026-09-01T22:48:14.708 ?.288      server_start:197: Failed to start server: read-only file system: /run/user/1000/nvim.288.0
WRN 2026-09-01T22:48:15.993 ui.287     tui_stop:658: TUI: timed out waiting for DA1 response
WRN 2026-09-01T22:48:16.010 ?.290      server_start:197: Failed to start server: read-only file system: /run/user/1000/nvim.290.0
WRN 2026-09-01T22:48:17.296 ui.289     tui_stop:658: TUI: timed out waiting for DA1 response
WRN 2026-09-01T22:48:17.314 ?.292      server_start:197: Failed to start server: read-only file system: /run/user/1000/nvim.292.0
WRN 2026-09-01T22:48:18.599 ui.291     tui_stop:658: TUI: timed out waiting for DA1 response
WRN 2026-09-01T22:48:18.616 ?.294      server_start:197: Failed to start server: read-only file system: /run/user/1000/nvim.294.0
WRN 2026-09-01T22:48:19.900 ui.293     tui_stop:658: TUI: timed out waiting for DA1 response
WRN 2026-09-01T22:48:19.918 ?.296      server_start:197: Failed to start server: read-only file system: /run/user/1000/nvim.296.0
WRN 2026-09-01T22:48:21.203 ui.295     tui_stop:658: TUI: timed out waiting for DA1 response
WRN 2026-09-01T22:48:22.176 ?.328      server_start:197: Failed to start server: read-only file system: /run/user/1000/nvim.328.0
WRN 2026-09-01T22:48:23.474 ui.327     tui_stop:658: TUI: timed out waiting for DA1 response
WRN 2026-09-01T22:48:23.492 ?.330      server_start:197: Failed to start server: read-only file system: /run/user/1000/nvim.330.0
WRN 2026-09-01T22:48:24.786 ui.329     tui_stop:658: TUI: timed out waiting for DA1 response
WRN 2026-09-01T22:48:24.804 ?.332      server_start:197: Failed to start server: read-only file system: /run/user/1000/nvim.332.0
WRN 2026-09-01T22:48:26.098 ui.331     tui_stop:658: TUI: timed out waiting for DA1 response
WRN 2026-09-01T22:48:26.116 ?.334      server_start:197: Failed to start server: read-only file system: /run/user/1000/nvim.334.0
WRN 2026-09-01T22:48:27.410 ui.333     tui_stop:658: TUI: timed out waiting for DA1 response
WRN 2026-09-01T22:48:27.427 ?.336      server_start:197: Failed to start server: read-only file system: /run/user/1000/nvim.336.0
WRN 2026-09-01T22:48:28.720 ui.335     tui_stop:658: TUI: timed out waiting for DA1 response
WRN 2026-09-01T22:48:29.778 ?.368      server_start:197: Failed to start server: read-only file system: /run/user/1000/nvim.368.0
WRN 2026-09-01T22:48:31.093 ui.367     tui_stop:658: TUI: timed out waiting for DA1 response
WRN 2026-09-01T22:48:31.111 ?.370      server_start:197: Failed to start server: read-only file system: /run/user/1000/nvim.370.0
WRN 2026-09-01T22:48:32.428 ui.369     tui_stop:658: TUI: timed out waiting for DA1 response
WRN 2026-09-01T22:48:32.445 ?.372      server_start:197: Failed to start server: read-only file system: /run/user/1000/nvim.372.0
WRN 2026-09-01T22:48:33.760 ui.371     tui_stop:658: TUI: timed out waiting for DA1 response
WRN 2026-09-01T22:48:33.777 ?.374      server_start:197: Failed to start server: read-only file system: /run/user/1000/nvim.374.0
WRN 2026-09-01T22:48:35.090 ui.373     tui_stop:658: TUI: timed out waiting for DA1 response
WRN 2026-09-01T22:48:35.107 ?.376      server_start:197: Failed to start server: read-only file system: /run/user/1000/nvim.376.0
WRN 2026-09-01T22:48:36.417 ui.375     tui_stop:658: TUI: timed out waiting for DA1 response
WRN 2026-09-01T22:48:38.358 ?.515      server_start:197: Failed to start server: read-only file system: /run/user/1000/nvim.515.0
WRN 2026-09-01T22:48:39.584 ui.514     tui_stop:658: TUI: timed out waiting for DA1 response
WRN 2026-09-01T22:48:39.602 ?.517      server_start:197: Failed to start server: read-only file system: /run/user/1000/nvim.517.0
WRN 2026-09-01T22:48:40.829 ui.516     tui_stop:658: TUI: timed out waiting for DA1 response
WRN 2026-09-01T22:48:40.845 ?.519      server_start:197: Failed to start server: read-only file system: /run/user/1000/nvim.519.0
WRN 2026-09-01T22:48:42.072 ui.518     tui_stop:658: TUI: timed out waiting for DA1 response
WRN 2026-09-01T22:48:42.089 ?.521      server_start:197: Failed to start server: read-only file system: /run/user/1000/nvim.521.0
WRN 2026-09-01T22:48:43.316 ui.520     tui_stop:658: TUI: timed out waiting for DA1 response
WRN 2026-09-01T22:48:43.333 ?.523      server_start:197: Failed to start server: read-only file system: /run/user/1000/nvim.523.0
WRN 2026-09-01T22:48:44.559 ui.522     tui_stop:658: TUI: timed out waiting for DA1 response
WRN 2026-09-01T22:48:45.619 ?.661      server_start:197: Failed to start server: read-only file system: /run/user/1000/nvim.661.0
WRN 2026-09-01T22:56:23.552 ?.37       server_start:197: Failed to start server: read-only file system: /run/user/1000/nvim.37.0
WRN 2026-09-01T22:56:24.838 ui.36      tui_stop:658: TUI: timed out waiting for DA1 response
WRN 2026-09-01T22:56:24.854 ?.39       server_start:197: Failed to start server: read-only file system: /run/user/1000/nvim.39.0
WRN 2026-09-01T22:56:26.140 ui.38      tui_stop:658: TUI: timed out waiting for DA1 response
WRN 2026-09-01T22:56:26.156 ?.41       server_start:197: Failed to start server: read-only file system: /run/user/1000/nvim.41.0
WRN 2026-09-01T22:56:27.441 ui.40      tui_stop:658: TUI: timed out waiting for DA1 response
WRN 2026-09-01T22:56:27.459 ?.43       server_start:197: Failed to start server: read-only file system: /run/user/1000/nvim.43.0
WRN 2026-09-01T22:56:28.744 ui.42      tui_stop:658: TUI: timed out waiting for DA1 response
WRN 2026-09-01T22:56:29.673 ?.154      server_start:197: Failed to start server: read-only file system: /run/user/1000/nvim.154.0
WRN 2026-09-01T22:56:30.957 ui.153     tui_stop:658: TUI: timed out waiting for DA1 response
WRN 2026-09-01T22:56:30.974 ?.156      server_start:197: Failed to start server: read-only file system: /run/user/1000/nvim.156.0
WRN 2026-09-01T22:56:32.258 ui.155     tui_stop:658: TUI: timed out waiting for DA1 response
WRN 2026-09-01T22:56:32.276 ?.158      server_start:197: Failed to start server: read-only file system: /run/user/1000/nvim.158.0
WRN 2026-09-01T22:56:33.562 ui.157     tui_stop:658: TUI: timed out waiting for DA1 response
WRN 2026-09-01T22:56:33.579 ?.160      server_start:197: Failed to start server: read-only file system: /run/user/1000/nvim.160.0
WRN 2026-09-01T22:56:34.864 ui.159     tui_stop:658: TUI: timed out waiting for DA1 response
WRN 2026-09-01T22:56:35.932 ?.271      server_start:197: Failed to start server: read-only file system: /run/user/1000/nvim.271.0
WRN 2026-09-01T22:56:37.217 ui.270     tui_stop:658: TUI: timed out waiting for DA1 response
WRN 2026-09-01T22:56:37.234 ?.273      server_start:197: Failed to start server: read-only file system: /run/user/1000/nvim.273.0
WRN 2026-09-01T22:56:38.519 ui.272     tui_stop:658: TUI: timed out waiting for DA1 response
WRN 2026-09-01T22:56:38.536 ?.275      server_start:197: Failed to start server: read-only file system: /run/user/1000/nvim.275.0
WRN 2026-09-01T22:56:39.821 ui.274     tui_stop:658: TUI: timed out waiting for DA1 response
WRN 2026-09-01T22:56:39.839 ?.277      server_start:197: Failed to start server: read-only file system: /run/user/1000/nvim.277.0
WRN 2026-09-01T22:56:41.125 ui.276     tui_stop:658: TUI: timed out waiting for DA1 response
WRN 2026-09-01T22:56:41.908 ?.303      server_start:197: Failed to start server: read-only file system: /run/user/1000/nvim.303.0
WRN 2026-09-01T22:56:43.201 ui.302     tui_stop:658: TUI: timed out waiting for DA1 response
WRN 2026-09-01T22:56:43.218 ?.305      server_start:197: Failed to start server: read-only file system: /run/user/1000/nvim.305.0
WRN 2026-09-01T22:56:44.513 ui.304     tui_stop:658: TUI: timed out waiting for DA1 response
WRN 2026-09-01T22:56:44.530 ?.307      server_start:197: Failed to start server: read-only file system: /run/user/1000/nvim.307.0
WRN 2026-09-01T22:56:45.822 ui.306     tui_stop:658: TUI: timed out waiting for DA1 response
WRN 2026-09-01T22:56:45.839 ?.309      server_start:197: Failed to start server: read-only file system: /run/user/1000/nvim.309.0
WRN 2026-09-01T22:56:47.133 ui.308     tui_stop:658: TUI: timed out waiting for DA1 response
WRN 2026-09-01T22:56:47.981 ?.335      server_start:197: Failed to start server: read-only file system: /run/user/1000/nvim.335.0
WRN 2026-09-01T22:56:49.290 ui.334     tui_stop:658: TUI: timed out waiting for DA1 response
WRN 2026-09-01T22:56:49.307 ?.337      server_start:197: Failed to start server: read-only file system: /run/user/1000/nvim.337.0
WRN 2026-09-01T22:56:50.616 ui.336     tui_stop:658: TUI: timed out waiting for DA1 response
WRN 2026-09-01T22:56:50.632 ?.339      server_start:197: Failed to start server: read-only file system: /run/user/1000/nvim.339.0
WRN 2026-09-01T22:56:51.942 ui.338     tui_stop:658: TUI: timed out waiting for DA1 response
WRN 2026-09-01T22:56:51.959 ?.341      server_start:197: Failed to start server: read-only file system: /run/user/1000/nvim.341.0
WRN 2026-09-01T22:56:53.268 ui.340     tui_stop:658: TUI: timed out waiting for DA1 response
WRN 2026-09-01T22:56:54.814 ?.453      server_start:197: Failed to start server: read-only file system: /run/user/1000/nvim.453.0
WRN 2026-09-01T22:56:56.041 ui.452     tui_stop:658: TUI: timed out waiting for DA1 response
WRN 2026-09-01T22:56:56.057 ?.455      server_start:197: Failed to start server: read-only file system: /run/user/1000/nvim.455.0
WRN 2026-09-01T22:56:57.283 ui.454     tui_stop:658: TUI: timed out waiting for DA1 response
WRN 2026-09-01T22:56:57.300 ?.457      server_start:197: Failed to start server: read-only file system: /run/user/1000/nvim.457.0
WRN 2026-09-01T22:56:58.526 ui.456     tui_stop:658: TUI: timed out waiting for DA1 response
WRN 2026-09-01T22:56:58.543 ?.459      server_start:197: Failed to start server: read-only file system: /run/user/1000/nvim.459.0
WRN 2026-09-01T22:56:59.770 ui.458     tui_stop:658: TUI: timed out waiting for DA1 response
WRN 2026-09-01T22:57:00.625 ?.570      server_start:197: Failed to start server: read-only file system: /run/user/1000/nvim.570.0
WRN 2026-09-01T22:58:01.869 ui.569     tui_stop:658: TUI: timed out waiting for DA1 response
WRN 2026-09-01T22:58:01.886 ?.572      server_start:197: Failed to start server: read-only file system: /run/user/1000/nvim.572.0
WRN 2026-09-01T22:59:03.135 ui.571     tui_stop:658: TUI: timed out waiting for DA1 response
WRN 2026-09-01T22:59:03.151 ?.574      server_start:197: Failed to start server: read-only file system: /run/user/1000/nvim.574.0
WRN 2026-09-01T23:00:04.399 ui.573     tui_stop:658: TUI: timed out waiting for DA1 response
WRN 2026-09-01T23:00:04.416 ?.576      server_start:197: Failed to start server: read-only file system: /run/user/1000/nvim.576.0
WRN 2026-09-01T23:01:05.660 ui.575     tui_stop:658: TUI: timed out waiting for DA1 response
WRN 2026-09-01T23:01:06.531 ?.687      server_start:197: Failed to start server: read-only file system: /run/user/1000/nvim.687.0
WRN 2026-09-01T23:01:07.758 ui.686     tui_stop:658: TUI: timed out waiting for DA1 response
WRN 2026-09-01T23:01:07.775 ?.689      server_start:197: Failed to start server: read-only file system: /run/user/1000/nvim.689.0
WRN 2026-09-01T23:01:09.001 ui.688     tui_stop:658: TUI: timed out waiting for DA1 response
WRN 2026-09-01T23:01:09.018 ?.691      server_start:197: Failed to start server: read-only file system: /run/user/1000/nvim.691.0
WRN 2026-09-01T23:01:10.244 ui.690     tui_stop:658: TUI: timed out waiting for DA1 response
WRN 2026-09-01T23:01:10.261 ?.693      server_start:197: Failed to start server: read-only file system: /run/user/1000/nvim.693.0
WRN 2026-09-01T23:01:11.488 ui.692     tui_stop:658: TUI: timed out waiting for DA1 response
WRN 2026-09-01T23:01:12.359 ?.804      server_start:197: Failed to start server: read-only file system: /run/user/1000/nvim.804.0
WRN 2026-09-01T23:01:13.586 ui.803     tui_stop:658: TUI: timed out waiting for DA1 response
WRN 2026-09-01T23:01:13.602 ?.806      server_start:197: Failed to start server: read-only file system: /run/user/1000/nvim.806.0
WRN 2026-09-01T23:01:14.829 ui.805     tui_stop:658: TUI: timed out waiting for DA1 response
WRN 2026-09-01T23:01:14.845 ?.808      server_start:197: Failed to start server: read-only file system: /run/user/1000/nvim.808.0
WRN 2026-09-01T23:01:16.072 ui.807     tui_stop:658: TUI: timed out waiting for DA1 response
WRN 2026-09-01T23:01:16.089 ?.810      server_start:197: Failed to start server: read-only file system: /run/user/1000/nvim.810.0
WRN 2026-09-01T23:01:17.315 ui.809     tui_stop:658: TUI: timed out waiting for DA1 response
WRN 2026-09-01T23:01:18.183 ?.920      server_start:197: Failed to start server: read-only file system: /run/user/1000/nvim.920.0
WRN 2026-09-01T23:02:17.193 ?.37       server_start:197: Failed to start server: read-only file system: /run/user/1000/nvim.37.0
WRN 2026-09-01T23:02:18.478 ui.36      tui_stop:658: TUI: timed out waiting for DA1 response
WRN 2026-09-01T23:02:18.495 ?.39       server_start:197: Failed to start server: read-only file system: /run/user/1000/nvim.39.0
WRN 2026-09-01T23:02:19.780 ui.38      tui_stop:658: TUI: timed out waiting for DA1 response
WRN 2026-09-01T23:02:19.797 ?.41       server_start:197: Failed to start server: read-only file system: /run/user/1000/nvim.41.0
WRN 2026-09-01T23:02:21.082 ui.40      tui_stop:658: TUI: timed out waiting for DA1 response
WRN 2026-09-01T23:02:21.099 ?.43       server_start:197: Failed to start server: read-only file system: /run/user/1000/nvim.43.0
WRN 2026-09-01T23:02:22.384 ui.42      tui_stop:658: TUI: timed out waiting for DA1 response
WRN 2026-09-01T23:02:23.311 ?.153      server_start:197: Failed to start server: read-only file system: /run/user/1000/nvim.153.0
WRN 2026-09-01T23:02:24.596 ui.152     tui_stop:658: TUI: timed out waiting for DA1 response
WRN 2026-09-01T23:02:24.613 ?.155      server_start:197: Failed to start server: read-only file system: /run/user/1000/nvim.155.0
WRN 2026-09-01T23:02:25.898 ui.154     tui_stop:658: TUI: timed out waiting for DA1 response
WRN 2026-09-01T23:02:25.915 ?.157      server_start:197: Failed to start server: read-only file system: /run/user/1000/nvim.157.0
WRN 2026-09-01T23:02:27.199 ui.156     tui_stop:658: TUI: timed out waiting for DA1 response
WRN 2026-09-01T23:02:27.216 ?.159      server_start:197: Failed to start server: read-only file system: /run/user/1000/nvim.159.0
WRN 2026-09-01T23:02:28.501 ui.158     tui_stop:658: TUI: timed out waiting for DA1 response
WRN 2026-09-01T23:02:29.567 ?.270      server_start:197: Failed to start server: read-only file system: /run/user/1000/nvim.270.0
WRN 2026-09-01T23:02:30.852 ui.269     tui_stop:658: TUI: timed out waiting for DA1 response
WRN 2026-09-01T23:02:30.868 ?.272      server_start:197: Failed to start server: read-only file system: /run/user/1000/nvim.272.0
WRN 2026-09-01T23:02:32.154 ui.271     tui_stop:658: TUI: timed out waiting for DA1 response
WRN 2026-09-01T23:02:32.171 ?.274      server_start:197: Failed to start server: read-only file system: /run/user/1000/nvim.274.0
WRN 2026-09-01T23:02:33.456 ui.273     tui_stop:658: TUI: timed out waiting for DA1 response
WRN 2026-09-01T23:02:33.473 ?.276      server_start:197: Failed to start server: read-only file system: /run/user/1000/nvim.276.0
WRN 2026-09-01T23:02:34.758 ui.275     tui_stop:658: TUI: timed out waiting for DA1 response
WRN 2026-09-01T23:02:35.540 ?.302      server_start:197: Failed to start server: read-only file system: /run/user/1000/nvim.302.0
WRN 2026-09-01T23:02:36.832 ui.301     tui_stop:658: TUI: timed out waiting for DA1 response
WRN 2026-09-01T23:02:36.849 ?.304      server_start:197: Failed to start server: read-only file system: /run/user/1000/nvim.304.0
WRN 2026-09-01T23:02:38.141 ui.303     tui_stop:658: TUI: timed out waiting for DA1 response
WRN 2026-09-01T23:02:38.158 ?.306      server_start:197: Failed to start server: read-only file system: /run/user/1000/nvim.306.0
WRN 2026-09-01T23:02:39.450 ui.305     tui_stop:658: TUI: timed out waiting for DA1 response
WRN 2026-09-01T23:02:39.466 ?.308      server_start:197: Failed to start server: read-only file system: /run/user/1000/nvim.308.0
WRN 2026-09-01T23:02:40.759 ui.307     tui_stop:658: TUI: timed out waiting for DA1 response
WRN 2026-09-01T23:02:41.606 ?.334      server_start:197: Failed to start server: read-only file system: /run/user/1000/nvim.334.0
WRN 2026-09-01T23:02:42.915 ui.333     tui_stop:658: TUI: timed out waiting for DA1 response
WRN 2026-09-01T23:02:42.932 ?.336      server_start:197: Failed to start server: read-only file system: /run/user/1000/nvim.336.0
WRN 2026-09-01T23:02:44.240 ui.335     tui_stop:658: TUI: timed out waiting for DA1 response
WRN 2026-09-01T23:02:44.257 ?.338      server_start:197: Failed to start server: read-only file system: /run/user/1000/nvim.338.0
WRN 2026-09-01T23:02:45.567 ui.337     tui_stop:658: TUI: timed out waiting for DA1 response
WRN 2026-09-01T23:02:45.583 ?.340      server_start:197: Failed to start server: read-only file system: /run/user/1000/nvim.340.0
WRN 2026-09-01T23:02:46.892 ui.339     tui_stop:658: TUI: timed out waiting for DA1 response
WRN 2026-09-01T23:02:48.451 ?.451      server_start:197: Failed to start server: read-only file system: /run/user/1000/nvim.451.0
WRN 2026-09-01T23:02:55.678 ui.450     tui_stop:658: TUI: timed out waiting for DA1 response
WRN 2026-09-01T23:02:55.695 ?.453      server_start:197: Failed to start server: read-only file system: /run/user/1000/nvim.453.0
WRN 2026-09-01T23:03:02.924 ui.452     tui_stop:658: TUI: timed out waiting for DA1 response
WRN 2026-09-01T23:03:02.941 ?.455      server_start:197: Failed to start server: read-only file system: /run/user/1000/nvim.455.0
WRN 2026-09-01T23:03:10.171 ui.454     tui_stop:658: TUI: timed out waiting for DA1 response
WRN 2026-09-01T23:03:10.188 ?.457      server_start:197: Failed to start server: read-only file system: /run/user/1000/nvim.457.0
WRN 2026-09-01T23:03:17.417 ui.456     tui_stop:658: TUI: timed out waiting for DA1 response
WRN 2026-09-01T23:03:19.783 ?.568      server_start:197: Failed to start server: read-only file system: /run/user/1000/nvim.568.0
WRN 2026-09-01T23:03:21.011 ui.567     tui_stop:658: TUI: timed out waiting for DA1 response
WRN 2026-09-01T23:03:21.027 ?.570      server_start:197: Failed to start server: read-only file system: /run/user/1000/nvim.570.0
WRN 2026-09-01T23:03:22.254 ui.569     tui_stop:658: TUI: timed out waiting for DA1 response
WRN 2026-09-01T23:03:22.271 ?.572      server_start:197: Failed to start server: read-only file system: /run/user/1000/nvim.572.0
WRN 2026-09-01T23:03:23.498 ui.571     tui_stop:658: TUI: timed out waiting for DA1 response
WRN 2026-09-01T23:03:23.515 ?.574      server_start:197: Failed to start server: read-only file system: /run/user/1000/nvim.574.0
WRN 2026-09-01T23:03:24.742 ui.573     tui_stop:658: TUI: timed out waiting for DA1 response
WRN 2026-09-01T23:03:25.621 ?.685      server_start:197: Failed to start server: read-only file system: /run/user/1000/nvim.685.0
WRN 2026-09-01T23:03:32.849 ui.684     tui_stop:658: TUI: timed out waiting for DA1 response
WRN 2026-09-01T23:03:32.866 ?.687      server_start:197: Failed to start server: read-only file system: /run/user/1000/nvim.687.0
WRN 2026-09-01T23:03:40.095 ui.686     tui_stop:658: TUI: timed out waiting for DA1 response
WRN 2026-09-01T23:03:40.112 ?.689      server_start:197: Failed to start server: read-only file system: /run/user/1000/nvim.689.0
WRN 2026-09-01T23:03:47.341 ui.688     tui_stop:658: TUI: timed out waiting for DA1 response
WRN 2026-09-01T23:03:47.358 ?.691      server_start:197: Failed to start server: read-only file system: /run/user/1000/nvim.691.0
WRN 2026-09-01T23:03:54.588 ui.690     tui_stop:658: TUI: timed out waiting for DA1 response
WRN 2026-09-01T23:03:55.463 ?.802      server_start:197: Failed to start server: read-only file system: /run/user/1000/nvim.802.0
WRN 2026-09-01T23:04:02.693 ui.801     tui_stop:658: TUI: timed out waiting for DA1 response
WRN 2026-09-01T23:04:02.709 ?.804      server_start:197: Failed to start server: read-only file system: /run/user/1000/nvim.804.0
WRN 2026-09-01T23:04:09.938 ui.803     tui_stop:658: TUI: timed out waiting for DA1 response
WRN 2026-09-01T23:04:09.955 ?.806      server_start:197: Failed to start server: read-only file system: /run/user/1000/nvim.806.0
WRN 2026-09-01T23:04:17.184 ui.805     tui_stop:658: TUI: timed out waiting for DA1 response
WRN 2026-09-01T23:04:17.201 ?.808      server_start:197: Failed to start server: read-only file system: /run/user/1000/nvim.808.0
WRN 2026-09-01T23:04:24.428 ui.807     tui_stop:658: TUI: timed out waiting for DA1 response
WRN 2026-09-01T23:04:27.586 ?.919      server_start:197: Failed to start server: read-only file system: /run/user/1000/nvim.919.0
WRN 2026-09-01T23:04:28.813 ui.918     tui_stop:658: TUI: timed out waiting for DA1 response
WRN 2026-09-01T23:04:28.830 ?.921      server_start:197: Failed to start server: read-only file system: /run/user/1000/nvim.921.0
WRN 2026-09-01T23:04:30.057 ui.920     tui_stop:658: TUI: timed out waiting for DA1 response
WRN 2026-09-01T23:04:30.073 ?.923      server_start:197: Failed to start server: read-only file system: /run/user/1000/nvim.923.0
WRN 2026-09-01T23:04:31.300 ui.922     tui_stop:658: TUI: timed out waiting for DA1 response
WRN 2026-09-01T23:04:31.317 ?.925      server_start:197: Failed to start server: read-only file system: /run/user/1000/nvim.925.0
WRN 2026-09-01T23:04:32.544 ui.924     tui_stop:658: TUI: timed out waiting for DA1 response
WRN 2026-09-01T23:04:33.386 ?.1036     server_start:197: Failed to start server: read-only file system: /run/user/1000/nvim.1036.0
WRN 2026-09-01T23:04:40.617 ui.1035    tui_stop:658: TUI: timed out waiting for DA1 response
WRN 2026-09-01T23:04:40.633 ?.1038     server_start:197: Failed to start server: read-only file system: /run/user/1000/nvim.1038.0
WRN 2026-09-01T23:04:47.864 ui.1037    tui_stop:658: TUI: timed out waiting for DA1 response
WRN 2026-09-01T23:04:47.881 ?.1040     server_start:197: Failed to start server: read-only file system: /run/user/1000/nvim.1040.0
WRN 2026-09-01T23:04:55.111 ui.1039    tui_stop:658: TUI: timed out waiting for DA1 response
WRN 2026-09-01T23:04:55.127 ?.1042     server_start:197: Failed to start server: read-only file system: /run/user/1000/nvim.1042.0
WRN 2026-09-01T23:05:02.358 ui.1041    tui_stop:658: TUI: timed out waiting for DA1 response
WRN 2026-09-01T23:05:03.886 ?.1153     server_start:197: Failed to start server: read-only file system: /run/user/1000/nvim.1153.0
WRN 2026-09-01T23:05:05.115 ui.1152    tui_stop:658: TUI: timed out waiting for DA1 response
WRN 2026-09-01T23:05:05.131 ?.1155     server_start:197: Failed to start server: read-only file system: /run/user/1000/nvim.1155.0
WRN 2026-09-01T23:05:06.360 ui.1154    tui_stop:658: TUI: timed out waiting for DA1 response
WRN 2026-09-01T23:05:06.377 ?.1157     server_start:197: Failed to start server: read-only file system: /run/user/1000/nvim.1157.0
WRN 2026-09-01T23:05:07.605 ui.1156    tui_stop:658: TUI: timed out waiting for DA1 response
WRN 2026-09-01T23:05:07.622 ?.1159     server_start:197: Failed to start server: read-only file system: /run/user/1000/nvim.1159.0
WRN 2026-09-01T23:05:08.850 ui.1158    tui_stop:658: TUI: timed out waiting for DA1 response
WRN 2026-09-01T23:05:10.440 ?.1269     server_start:197: Failed to start server: read-only file system: /run/user/1000/nvim.1269.0
WRN 2026-09-01T23:05:17.670 ui.1268    tui_stop:658: TUI: timed out waiting for DA1 response
WRN 2026-09-01T23:05:17.686 ?.1271     server_start:197: Failed to start server: read-only file system: /run/user/1000/nvim.1271.0
WRN 2026-09-01T23:05:24.916 ui.1270    tui_stop:658: TUI: timed out waiting for DA1 response
WRN 2026-09-01T23:05:24.933 ?.1273     server_start:197: Failed to start server: read-only file system: /run/user/1000/nvim.1273.0
WRN 2026-09-01T23:05:32.160 ui.1272    tui_stop:658: TUI: timed out waiting for DA1 response
WRN 2026-09-01T23:05:32.177 ?.1275     server_start:197: Failed to start server: read-only file system: /run/user/1000/nvim.1275.0
WRN 2026-09-01T23:05:39.405 ui.1274    tui_stop:658: TUI: timed out waiting for DA1 response
WRN 2026-09-01T23:05:40.266 ?.1388     server_start:197: Failed to start server: read-only file system: /run/user/1000/nvim.1388.0
WRN 2026-09-01T23:05:47.494 ui.1387    tui_stop:658: TUI: timed out waiting for DA1 response
WRN 2026-09-01T23:05:47.511 ?.1390     server_start:197: Failed to start server: read-only file system: /run/user/1000/nvim.1390.0
WRN 2026-09-01T23:05:54.738 ui.1389    tui_stop:658: TUI: timed out waiting for DA1 response
WRN 2026-09-01T23:05:54.755 ?.1392     server_start:197: Failed to start server: read-only file system: /run/user/1000/nvim.1392.0
WRN 2026-09-01T23:06:01.983 ui.1391    tui_stop:658: TUI: timed out waiting for DA1 response
WRN 2026-09-01T23:06:01.000 ?.1394     server_start:197: Failed to start server: read-only file system: /run/user/1000/nvim.1394.0
WRN 2026-09-01T23:06:09.227 ui.1393    tui_stop:658: TUI: timed out waiting for DA1 response
WRN 2026-09-01T23:06:09.772 ?.1420     server_start:197: Failed to start server: read-only file system: /run/user/1000/nvim.1420.0
WRN 2026-09-01T23:06:17.008 ui.1419    tui_stop:658: TUI: timed out waiting for DA1 response
WRN 2026-09-01T23:06:17.026 ?.1422     server_start:197: Failed to start server: read-only file system: /run/user/1000/nvim.1422.0
WRN 2026-09-01T23:06:24.259 ui.1421    tui_stop:658: TUI: timed out waiting for DA1 response
WRN 2026-09-01T23:06:24.276 ?.1424     server_start:197: Failed to start server: read-only file system: /run/user/1000/nvim.1424.0
WRN 2026-09-01T23:06:31.509 ui.1423    tui_stop:658: TUI: timed out waiting for DA1 response
WRN 2026-09-01T23:06:31.526 ?.1426     server_start:197: Failed to start server: read-only file system: /run/user/1000/nvim.1426.0
WRN 2026-09-01T23:06:38.760 ui.1425    tui_stop:658: TUI: timed out waiting for DA1 response
WRN 2026-09-01T23:06:39.302 ?.1452     server_start:197: Failed to start server: read-only file system: /run/user/1000/nvim.1452.0
WRN 2026-09-01T23:06:40.534 ui.1451    tui_stop:658: TUI: timed out waiting for DA1 response
WRN 2026-09-01T23:06:40.551 ?.1454     server_start:197: Failed to start server: read-only file system: /run/user/1000/nvim.1454.0
WRN 2026-09-01T23:06:41.783 ui.1453    tui_stop:658: TUI: timed out waiting for DA1 response
WRN 2026-09-01T23:06:41.800 ?.1456     server_start:197: Failed to start server: read-only file system: /run/user/1000/nvim.1456.0
WRN 2026-09-01T23:06:43.032 ui.1455    tui_stop:658: TUI: timed out waiting for DA1 response
WRN 2026-09-01T23:06:43.048 ?.1458     server_start:197: Failed to start server: read-only file system: /run/user/1000/nvim.1458.0
WRN 2026-09-01T23:06:44.281 ui.1457    tui_stop:658: TUI: timed out waiting for DA1 response
WRN 2026-09-01T23:06:44.838 ?.1484     server_start:197: Failed to start server: read-only file system: /run/user/1000/nvim.1484.0
WRN 2026-09-01T23:06:46.073 ui.1483    tui_stop:658: TUI: timed out waiting for DA1 response
WRN 2026-09-01T23:06:46.090 ?.1486     server_start:197: Failed to start server: read-only file system: /run/user/1000/nvim.1486.0
WRN 2026-09-01T23:06:47.325 ui.1485    tui_stop:658: TUI: timed out waiting for DA1 response
WRN 2026-09-01T23:06:47.342 ?.1488     server_start:197: Failed to start server: read-only file system: /run/user/1000/nvim.1488.0
WRN 2026-09-01T23:06:48.577 ui.1487    tui_stop:658: TUI: timed out waiting for DA1 response
WRN 2026-09-01T23:06:48.593 ?.1490     server_start:197: Failed to start server: read-only file system: /run/user/1000/nvim.1490.0
WRN 2026-09-01T23:06:49.828 ui.1489    tui_stop:658: TUI: timed out waiting for DA1 response
WRN 2026-09-01T23:06:50.391 ?.1516     server_start:197: Failed to start server: read-only file system: /run/user/1000/nvim.1516.0
WRN 2026-09-01T23:06:51.628 ui.1515    tui_stop:658: TUI: timed out waiting for DA1 response
WRN 2026-09-01T23:06:51.645 ?.1518     server_start:197: Failed to start server: read-only file system: /run/user/1000/nvim.1518.0
WRN 2026-09-01T23:06:52.882 ui.1517    tui_stop:658: TUI: timed out waiting for DA1 response
WRN 2026-09-01T23:06:52.897 ?.1520     server_start:197: Failed to start server: read-only file system: /run/user/1000/nvim.1520.0
WRN 2026-09-01T23:06:54.135 ui.1519    tui_stop:658: TUI: timed out waiting for DA1 response
WRN 2026-09-01T23:06:54.151 ?.1522     server_start:197: Failed to start server: read-only file system: /run/user/1000/nvim.1522.0
WRN 2026-09-01T23:06:55.390 ui.1521    tui_stop:658: TUI: timed out waiting for DA1 response
WRN 2026-09-01T23:06:56.726 ?.1548     server_start:197: Failed to start server: read-only file system: /run/user/1000/nvim.1548.0
WRN 2026-09-01T23:06:57.963 ui.1547    tui_stop:658: TUI: timed out waiting for DA1 response
WRN 2026-09-01T23:06:57.980 ?.1550     server_start:197: Failed to start server: read-only file system: /run/user/1000/nvim.1550.0
WRN 2026-09-01T23:06:59.216 ui.1549    tui_stop:658: TUI: timed out waiting for DA1 response
WRN 2026-09-01T23:06:59.233 ?.1552     server_start:197: Failed to start server: read-only file system: /run/user/1000/nvim.1552.0
WRN 2026-09-01T23:07:00.468 ui.1551    tui_stop:658: TUI: timed out waiting for DA1 response
WRN 2026-09-01T23:07:00.485 ?.1554     server_start:197: Failed to start server: read-only file system: /run/user/1000/nvim.1554.0
WRN 2026-09-01T23:07:01.721 ui.1553    tui_stop:658: TUI: timed out waiting for DA1 response
WRN 2026-09-02T01:40:46.943 ?.38       server_start:197: Failed to start server: read-only file system: /run/user/1000/nvim.38.0
WRN 2026-09-02T01:40:48.228 ui.37      tui_stop:658: TUI: timed out waiting for DA1 response
WRN 2026-09-02T01:40:48.245 ?.40       server_start:197: Failed to start server: read-only file system: /run/user/1000/nvim.40.0
WRN 2026-09-02T01:40:49.531 ui.39      tui_stop:658: TUI: timed out waiting for DA1 response
WRN 2026-09-02T01:40:49.547 ?.42       server_start:197: Failed to start server: read-only file system: /run/user/1000/nvim.42.0
WRN 2026-09-02T01:40:50.832 ui.41      tui_stop:658: TUI: timed out waiting for DA1 response
WRN 2026-09-02T01:40:50.848 ?.44       server_start:197: Failed to start server: read-only file system: /run/user/1000/nvim.44.0
WRN 2026-09-02T01:40:52.133 ui.43      tui_stop:658: TUI: timed out waiting for DA1 response
WRN 2026-09-02T01:40:53.068 ?.155      server_start:197: Failed to start server: read-only file system: /run/user/1000/nvim.155.0
WRN 2026-09-02T01:40:54.352 ui.154     tui_stop:658: TUI: timed out waiting for DA1 response
WRN 2026-09-02T01:40:54.369 ?.157      server_start:197: Failed to start server: read-only file system: /run/user/1000/nvim.157.0
WRN 2026-09-02T01:40:55.654 ui.156     tui_stop:658: TUI: timed out waiting for DA1 response
WRN 2026-09-02T01:40:55.670 ?.159      server_start:197: Failed to start server: read-only file system: /run/user/1000/nvim.159.0
WRN 2026-09-02T01:40:56.955 ui.158     tui_stop:658: TUI: timed out waiting for DA1 response
WRN 2026-09-02T01:40:56.971 ?.161      server_start:197: Failed to start server: read-only file system: /run/user/1000/nvim.161.0
WRN 2026-09-02T01:40:58.256 ui.160     tui_stop:658: TUI: timed out waiting for DA1 response
WRN 2026-09-02T01:40:59.320 ?.271      server_start:197: Failed to start server: read-only file system: /run/user/1000/nvim.271.0
WRN 2026-09-02T01:41:00.605 ui.270     tui_stop:658: TUI: timed out waiting for DA1 response
WRN 2026-09-02T01:41:00.622 ?.273      server_start:197: Failed to start server: read-only file system: /run/user/1000/nvim.273.0
WRN 2026-09-02T01:41:01.906 ui.272     tui_stop:658: TUI: timed out waiting for DA1 response
WRN 2026-09-02T01:41:01.923 ?.275      server_start:197: Failed to start server: read-only file system: /run/user/1000/nvim.275.0
WRN 2026-09-02T01:41:03.208 ui.274     tui_stop:658: TUI: timed out waiting for DA1 response
WRN 2026-09-02T01:41:03.224 ?.277      server_start:197: Failed to start server: read-only file system: /run/user/1000/nvim.277.0
WRN 2026-09-02T01:41:04.509 ui.276     tui_stop:658: TUI: timed out waiting for DA1 response
WRN 2026-09-02T01:41:05.285 ?.303      server_start:197: Failed to start server: read-only file system: /run/user/1000/nvim.303.0
WRN 2026-09-02T01:41:06.578 ui.302     tui_stop:658: TUI: timed out waiting for DA1 response
WRN 2026-09-02T01:41:06.594 ?.305      server_start:197: Failed to start server: read-only file system: /run/user/1000/nvim.305.0
WRN 2026-09-02T01:41:07.887 ui.304     tui_stop:658: TUI: timed out waiting for DA1 response
WRN 2026-09-02T01:41:07.903 ?.307      server_start:197: Failed to start server: read-only file system: /run/user/1000/nvim.307.0
WRN 2026-09-02T01:41:09.196 ui.306     tui_stop:658: TUI: timed out waiting for DA1 response
WRN 2026-09-02T01:41:09.213 ?.309      server_start:197: Failed to start server: read-only file system: /run/user/1000/nvim.309.0
WRN 2026-09-02T01:41:10.506 ui.308     tui_stop:658: TUI: timed out waiting for DA1 response
WRN 2026-09-02T01:41:11.330 ?.335      server_start:197: Failed to start server: read-only file system: /run/user/1000/nvim.335.0
WRN 2026-09-02T01:41:12.639 ui.334     tui_stop:658: TUI: timed out waiting for DA1 response
WRN 2026-09-02T01:41:12.656 ?.337      server_start:197: Failed to start server: read-only file system: /run/user/1000/nvim.337.0
WRN 2026-09-02T01:41:13.965 ui.336     tui_stop:658: TUI: timed out waiting for DA1 response
WRN 2026-09-02T01:41:13.982 ?.339      server_start:197: Failed to start server: read-only file system: /run/user/1000/nvim.339.0
WRN 2026-09-02T01:41:15.292 ui.338     tui_stop:658: TUI: timed out waiting for DA1 response
WRN 2026-09-02T01:41:15.309 ?.341      server_start:197: Failed to start server: read-only file system: /run/user/1000/nvim.341.0
WRN 2026-09-02T01:41:16.618 ui.340     tui_stop:658: TUI: timed out waiting for DA1 response
WRN 2026-09-02T01:41:17.488 ?.452      server_start:197: Failed to start server: read-only file system: /run/user/1000/nvim.452.0
WRN 2026-09-02T01:41:24.717 ui.451     tui_stop:658: TUI: timed out waiting for DA1 response
WRN 2026-09-02T01:41:24.734 ?.454      server_start:197: Failed to start server: read-only file system: /run/user/1000/nvim.454.0
WRN 2026-09-02T01:41:31.962 ui.453     tui_stop:658: TUI: timed out waiting for DA1 response
WRN 2026-09-02T01:41:31.979 ?.456      server_start:197: Failed to start server: read-only file system: /run/user/1000/nvim.456.0
WRN 2026-09-02T01:41:39.208 ui.455     tui_stop:658: TUI: timed out waiting for DA1 response
WRN 2026-09-02T01:41:39.224 ?.458      server_start:197: Failed to start server: read-only file system: /run/user/1000/nvim.458.0
WRN 2026-09-02T01:41:46.454 ui.457     tui_stop:658: TUI: timed out waiting for DA1 response
WRN 2026-09-02T01:41:47.342 ?.568      server_start:197: Failed to start server: read-only file system: /run/user/1000/nvim.568.0
WRN 2026-09-02T01:41:48.570 ui.567     tui_stop:658: TUI: timed out waiting for DA1 response
WRN 2026-09-02T01:41:48.586 ?.570      server_start:197: Failed to start server: read-only file system: /run/user/1000/nvim.570.0
WRN 2026-09-02T01:41:49.813 ui.569     tui_stop:658: TUI: timed out waiting for DA1 response
WRN 2026-09-02T01:41:49.829 ?.572      server_start:197: Failed to start server: read-only file system: /run/user/1000/nvim.572.0
WRN 2026-09-02T01:41:51.056 ui.571     tui_stop:658: TUI: timed out waiting for DA1 response
WRN 2026-09-02T01:41:51.073 ?.574      server_start:197: Failed to start server: read-only file system: /run/user/1000/nvim.574.0
WRN 2026-09-02T01:41:52.300 ui.573     tui_stop:658: TUI: timed out waiting for DA1 response
WRN 2026-09-02T01:41:53.141 ?.685      server_start:197: Failed to start server: read-only file system: /run/user/1000/nvim.685.0
WRN 2026-09-02T01:42:00.369 ui.684     tui_stop:658: TUI: timed out waiting for DA1 response
WRN 2026-09-02T01:42:00.386 ?.687      server_start:197: Failed to start server: read-only file system: /run/user/1000/nvim.687.0
WRN 2026-09-02T01:42:07.614 ui.686     tui_stop:658: TUI: timed out waiting for DA1 response
WRN 2026-09-02T01:42:07.631 ?.689      server_start:197: Failed to start server: read-only file system: /run/user/1000/nvim.689.0
WRN 2026-09-02T01:42:14.859 ui.688     tui_stop:658: TUI: timed out waiting for DA1 response
WRN 2026-09-02T01:42:14.876 ?.691      server_start:197: Failed to start server: read-only file system: /run/user/1000/nvim.691.0
WRN 2026-09-02T01:42:22.105 ui.690     tui_stop:658: TUI: timed out waiting for DA1 response
WRN 2026-09-02T01:42:22.947 ?.802      server_start:197: Failed to start server: read-only file system: /run/user/1000/nvim.802.0
WRN 2026-09-02T01:42:30.176 ui.801     tui_stop:658: TUI: timed out waiting for DA1 response
WRN 2026-09-02T01:42:30.194 ?.804      server_start:197: Failed to start server: read-only file system: /run/user/1000/nvim.804.0
WRN 2026-09-02T01:42:37.421 ui.803     tui_stop:658: TUI: timed out waiting for DA1 response
WRN 2026-09-02T01:42:37.438 ?.806      server_start:197: Failed to start server: read-only file system: /run/user/1000/nvim.806.0
WRN 2026-09-02T01:42:44.666 ui.805     tui_stop:658: TUI: timed out waiting for DA1 response
WRN 2026-09-02T01:42:44.683 ?.808      server_start:197: Failed to start server: read-only file system: /run/user/1000/nvim.808.0
WRN 2026-09-02T01:42:51.911 ui.807     tui_stop:658: TUI: timed out waiting for DA1 response
WRN 2026-09-02T01:42:52.840 ?.920      server_start:197: Failed to start server: read-only file system: /run/user/1000/nvim.920.0
WRN 2026-09-02T01:42:54.067 ui.919     tui_stop:658: TUI: timed out waiting for DA1 response
WRN 2026-09-02T01:42:54.084 ?.922      server_start:197: Failed to start server: read-only file system: /run/user/1000/nvim.922.0
WRN 2026-09-02T01:42:55.311 ui.921     tui_stop:658: TUI: timed out waiting for DA1 response
WRN 2026-09-02T01:42:55.328 ?.924      server_start:197: Failed to start server: read-only file system: /run/user/1000/nvim.924.0
WRN 2026-09-02T01:42:56.555 ui.923     tui_stop:658: TUI: timed out waiting for DA1 response
WRN 2026-09-02T01:42:56.571 ?.926      server_start:197: Failed to start server: read-only file system: /run/user/1000/nvim.926.0
WRN 2026-09-02T01:42:57.798 ui.925     tui_stop:658: TUI: timed out waiting for DA1 response
WRN 2026-09-02T01:42:58.626 ?.1040     server_start:197: Failed to start server: read-only file system: /run/user/1000/nvim.1040.0
WRN 2026-09-02T01:43:05.857 ui.1039    tui_stop:658: TUI: timed out waiting for DA1 response
WRN 2026-09-02T01:43:05.873 ?.1042     server_start:197: Failed to start server: read-only file system: /run/user/1000/nvim.1042.0
WRN 2026-09-02T01:43:15.107 ?.1044     server_start:197: Failed to start server: read-only file system: /run/user/1000/nvim.1044.0
WRN 2026-09-02T01:43:22.336 ui.1043    tui_stop:658: TUI: timed out waiting for DA1 response
WRN 2026-09-02T01:43:22.353 ?.1046     server_start:197: Failed to start server: read-only file system: /run/user/1000/nvim.1046.0
WRN 2026-09-02T01:43:29.582 ui.1045    tui_stop:658: TUI: timed out waiting for DA1 response
WRN 2026-09-02T01:43:30.428 ?.1156     server_start:197: Failed to start server: read-only file system: /run/user/1000/nvim.1156.0
WRN 2026-09-02T01:43:31.657 ui.1155    tui_stop:658: TUI: timed out waiting for DA1 response
WRN 2026-09-02T01:43:31.673 ?.1158     server_start:197: Failed to start server: read-only file system: /run/user/1000/nvim.1158.0
WRN 2026-09-02T01:43:32.902 ui.1157    tui_stop:658: TUI: timed out waiting for DA1 response
WRN 2026-09-02T01:43:32.918 ?.1160     server_start:197: Failed to start server: read-only file system: /run/user/1000/nvim.1160.0
WRN 2026-09-02T01:43:36.150 ?.1162     server_start:197: Failed to start server: read-only file system: /run/user/1000/nvim.1162.0
WRN 2026-09-02T01:43:37.379 ui.1161    tui_stop:658: TUI: timed out waiting for DA1 response
WRN 2026-09-02T01:43:38.237 ?.1274     server_start:197: Failed to start server: read-only file system: /run/user/1000/nvim.1274.0
WRN 2026-09-02T01:43:45.467 ui.1273    tui_stop:658: TUI: timed out waiting for DA1 response
WRN 2026-09-02T01:43:45.483 ?.1276     server_start:197: Failed to start server: read-only file system: /run/user/1000/nvim.1276.0
WRN 2026-09-02T01:43:52.712 ui.1275    tui_stop:658: TUI: timed out waiting for DA1 response
WRN 2026-09-02T01:43:52.729 ?.1278     server_start:197: Failed to start server: read-only file system: /run/user/1000/nvim.1278.0
WRN 2026-09-02T01:43:59.958 ui.1277    tui_stop:658: TUI: timed out waiting for DA1 response
WRN 2026-09-02T01:43:59.975 ?.1280     server_start:197: Failed to start server: read-only file system: /run/user/1000/nvim.1280.0
WRN 2026-09-02T01:44:07.204 ui.1279    tui_stop:658: TUI: timed out waiting for DA1 response
WRN 2026-09-02T01:44:08.040 ?.1392     server_start:197: Failed to start server: read-only file system: /run/user/1000/nvim.1392.0
WRN 2026-09-02T01:44:15.269 ui.1391    tui_stop:658: TUI: timed out waiting for DA1 response
WRN 2026-09-02T01:44:15.286 ?.1394     server_start:197: Failed to start server: read-only file system: /run/user/1000/nvim.1394.0
WRN 2026-09-02T01:44:22.513 ui.1393    tui_stop:658: TUI: timed out waiting for DA1 response
WRN 2026-09-02T01:44:22.530 ?.1396     server_start:197: Failed to start server: read-only file system: /run/user/1000/nvim.1396.0
WRN 2026-09-02T01:44:29.758 ui.1395    tui_stop:658: TUI: timed out waiting for DA1 response
WRN 2026-09-02T01:44:29.775 ?.1398     server_start:197: Failed to start server: read-only file system: /run/user/1000/nvim.1398.0
WRN 2026-09-02T01:44:37.004 ui.1397    tui_stop:658: TUI: timed out waiting for DA1 response
WRN 2026-09-02T01:44:37.540 ?.1424     server_start:197: Failed to start server: read-only file system: /run/user/1000/nvim.1424.0
WRN 2026-09-02T01:44:44.775 ui.1423    tui_stop:658: TUI: timed out waiting for DA1 response
WRN 2026-09-02T01:44:44.792 ?.1426     server_start:197: Failed to start server: read-only file system: /run/user/1000/nvim.1426.0
WRN 2026-09-02T01:44:52.026 ui.1425    tui_stop:658: TUI: timed out waiting for DA1 response
WRN 2026-09-02T01:44:52.043 ?.1428     server_start:197: Failed to start server: read-only file system: /run/user/1000/nvim.1428.0
WRN 2026-09-02T01:44:59.278 ui.1427    tui_stop:658: TUI: timed out waiting for DA1 response
WRN 2026-09-02T01:44:59.295 ?.1430     server_start:197: Failed to start server: read-only file system: /run/user/1000/nvim.1430.0
WRN 2026-09-02T01:45:06.530 ui.1429    tui_stop:658: TUI: timed out waiting for DA1 response
WRN 2026-09-02T01:45:07.066 ?.1456     server_start:197: Failed to start server: read-only file system: /run/user/1000/nvim.1456.0
WRN 2026-09-02T01:45:08.299 ui.1455    tui_stop:658: TUI: timed out waiting for DA1 response
WRN 2026-09-02T01:45:08.316 ?.1458     server_start:197: Failed to start server: read-only file system: /run/user/1000/nvim.1458.0
WRN 2026-09-02T01:45:09.549 ui.1457    tui_stop:658: TUI: timed out waiting for DA1 response
WRN 2026-09-02T01:45:09.565 ?.1460     server_start:197: Failed to start server: read-only file system: /run/user/1000/nvim.1460.0
WRN 2026-09-02T01:45:10.798 ui.1459    tui_stop:658: TUI: timed out waiting for DA1 response
WRN 2026-09-02T01:45:10.815 ?.1462     server_start:197: Failed to start server: read-only file system: /run/user/1000/nvim.1462.0
WRN 2026-09-02T01:45:12.048 ui.1461    tui_stop:658: TUI: timed out waiting for DA1 response
WRN 2026-09-02T01:45:12.598 ?.1488     server_start:197: Failed to start server: read-only file system: /run/user/1000/nvim.1488.0
WRN 2026-09-02T01:45:13.833 ui.1487    tui_stop:658: TUI: timed out waiting for DA1 response
WRN 2026-09-02T01:45:13.849 ?.1490     server_start:197: Failed to start server: read-only file system: /run/user/1000/nvim.1490.0
WRN 2026-09-02T01:45:15.085 ui.1489    tui_stop:658: TUI: timed out waiting for DA1 response
WRN 2026-09-02T01:45:15.102 ?.1492     server_start:197: Failed to start server: read-only file system: /run/user/1000/nvim.1492.0
WRN 2026-09-02T01:45:16.337 ui.1491    tui_stop:658: TUI: timed out waiting for DA1 response
WRN 2026-09-02T01:45:16.354 ?.1494     server_start:197: Failed to start server: read-only file system: /run/user/1000/nvim.1494.0
WRN 2026-09-02T01:45:17.589 ui.1493    tui_stop:658: TUI: timed out waiting for DA1 response
WRN 2026-09-02T01:45:18.135 ?.1520     server_start:197: Failed to start server: read-only file system: /run/user/1000/nvim.1520.0
WRN 2026-09-02T01:45:19.373 ui.1519    tui_stop:658: TUI: timed out waiting for DA1 response
WRN 2026-09-02T01:45:19.389 ?.1522     server_start:197: Failed to start server: read-only file system: /run/user/1000/nvim.1522.0
WRN 2026-09-02T01:45:20.628 ui.1521    tui_stop:658: TUI: timed out waiting for DA1 response
WRN 2026-09-02T01:45:20.644 ?.1524     server_start:197: Failed to start server: read-only file system: /run/user/1000/nvim.1524.0
WRN 2026-09-02T01:45:21.883 ui.1523    tui_stop:658: TUI: timed out waiting for DA1 response
WRN 2026-09-02T01:45:21.899 ?.1526     server_start:197: Failed to start server: read-only file system: /run/user/1000/nvim.1526.0
WRN 2026-09-02T01:45:23.137 ui.1525    tui_stop:658: TUI: timed out waiting for DA1 response
WRN 2026-09-02T01:45:23.753 ?.1552     server_start:197: Failed to start server: read-only file system: /run/user/1000/nvim.1552.0
WRN 2026-09-02T01:45:24.990 ui.1551    tui_stop:658: TUI: timed out waiting for DA1 response
WRN 2026-09-02T01:45:25.007 ?.1554     server_start:197: Failed to start server: read-only file system: /run/user/1000/nvim.1554.0
WRN 2026-09-02T01:45:26.245 ui.1553    tui_stop:658: TUI: timed out waiting for DA1 response
WRN 2026-09-02T01:45:26.262 ?.1556     server_start:197: Failed to start server: read-only file system: /run/user/1000/nvim.1556.0
WRN 2026-09-02T01:45:27.498 ui.1555    tui_stop:658: TUI: timed out waiting for DA1 response
WRN 2026-09-02T01:45:27.515 ?.1558     server_start:197: Failed to start server: read-only file system: /run/user/1000/nvim.1558.0
WRN 2026-09-02T01:45:28.752 ui.1557    tui_stop:658: TUI: timed out waiting for DA1 response
WRN 2026-09-02T01:46:16.611 ?.773      server_start:197: Failed to start server: read-only file system: /run/user/1000/nvim.773.0
WRN 2026-09-02T01:46:17.897 ui.772     tui_stop:658: TUI: timed out waiting for DA1 response
WRN 2026-09-02T01:46:17.914 ?.775      server_start:197: Failed to start server: read-only file system: /run/user/1000/nvim.775.0
WRN 2026-09-02T01:46:19.200 ui.774     tui_stop:658: TUI: timed out waiting for DA1 response
WRN 2026-09-02T01:46:19.216 ?.777      server_start:197: Failed to start server: read-only file system: /run/user/1000/nvim.777.0
WRN 2026-09-02T01:46:20.501 ui.776     tui_stop:658: TUI: timed out waiting for DA1 response
WRN 2026-09-02T01:46:20.518 ?.779      server_start:197: Failed to start server: read-only file system: /run/user/1000/nvim.779.0
WRN 2026-09-02T01:46:21.803 ui.778     tui_stop:658: TUI: timed out waiting for DA1 response
WRN 2026-09-02T01:46:22.752 ?.890      server_start:197: Failed to start server: read-only file system: /run/user/1000/nvim.890.0
WRN 2026-09-02T01:46:24.037 ui.889     tui_stop:658: TUI: timed out waiting for DA1 response
WRN 2026-09-02T01:46:24.053 ?.892      server_start:197: Failed to start server: read-only file system: /run/user/1000/nvim.892.0
WRN 2026-09-02T01:46:25.338 ui.891     tui_stop:658: TUI: timed out waiting for DA1 response
WRN 2026-09-02T01:46:25.354 ?.894      server_start:197: Failed to start server: read-only file system: /run/user/1000/nvim.894.0
WRN 2026-09-02T01:46:26.639 ui.893     tui_stop:658: TUI: timed out waiting for DA1 response
WRN 2026-09-02T01:46:26.656 ?.896      server_start:197: Failed to start server: read-only file system: /run/user/1000/nvim.896.0
WRN 2026-09-02T01:46:27.941 ui.895     tui_stop:658: TUI: timed out waiting for DA1 response
WRN 2026-09-02T01:46:29.006 ?.1006     server_start:197: Failed to start server: read-only file system: /run/user/1000/nvim.1006.0
WRN 2026-09-02T01:46:30.291 ui.1005    tui_stop:658: TUI: timed out waiting for DA1 response
WRN 2026-09-02T01:46:30.308 ?.1008     server_start:197: Failed to start server: read-only file system: /run/user/1000/nvim.1008.0
WRN 2026-09-02T01:46:31.593 ui.1007    tui_stop:658: TUI: timed out waiting for DA1 response
WRN 2026-09-02T01:46:31.609 ?.1010     server_start:197: Failed to start server: read-only file system: /run/user/1000/nvim.1010.0
WRN 2026-09-02T01:46:32.894 ui.1009    tui_stop:658: TUI: timed out waiting for DA1 response
WRN 2026-09-02T01:46:32.910 ?.1012     server_start:197: Failed to start server: read-only file system: /run/user/1000/nvim.1012.0
WRN 2026-09-02T01:46:34.195 ui.1011    tui_stop:658: TUI: timed out waiting for DA1 response
WRN 2026-09-02T01:46:34.970 ?.1038     server_start:197: Failed to start server: read-only file system: /run/user/1000/nvim.1038.0
WRN 2026-09-02T01:46:36.263 ui.1037    tui_stop:658: TUI: timed out waiting for DA1 response
WRN 2026-09-02T01:46:36.279 ?.1040     server_start:197: Failed to start server: read-only file system: /run/user/1000/nvim.1040.0
WRN 2026-09-02T01:46:37.572 ui.1039    tui_stop:658: TUI: timed out waiting for DA1 response
WRN 2026-09-02T01:46:37.589 ?.1042     server_start:197: Failed to start server: read-only file system: /run/user/1000/nvim.1042.0
WRN 2026-09-02T01:46:38.882 ui.1041    tui_stop:658: TUI: timed out waiting for DA1 response
WRN 2026-09-02T01:46:38.898 ?.1044     server_start:197: Failed to start server: read-only file system: /run/user/1000/nvim.1044.0
WRN 2026-09-02T01:46:40.192 ui.1043    tui_stop:658: TUI: timed out waiting for DA1 response
WRN 2026-09-02T01:46:41.016 ?.1070     server_start:197: Failed to start server: read-only file system: /run/user/1000/nvim.1070.0
WRN 2026-09-02T01:46:42.326 ui.1069    tui_stop:658: TUI: timed out waiting for DA1 response
WRN 2026-09-02T01:46:42.342 ?.1072     server_start:197: Failed to start server: read-only file system: /run/user/1000/nvim.1072.0
WRN 2026-09-02T01:46:43.652 ui.1071    tui_stop:658: TUI: timed out waiting for DA1 response
WRN 2026-09-02T01:46:43.668 ?.1074     server_start:197: Failed to start server: read-only file system: /run/user/1000/nvim.1074.0
WRN 2026-09-02T01:46:44.978 ui.1073    tui_stop:658: TUI: timed out waiting for DA1 response
WRN 2026-09-02T01:46:44.994 ?.1076     server_start:197: Failed to start server: read-only file system: /run/user/1000/nvim.1076.0
WRN 2026-09-02T01:46:46.304 ui.1075    tui_stop:658: TUI: timed out waiting for DA1 response
WRN 2026-09-02T01:46:47.173 ?.1187     server_start:197: Failed to start server: read-only file system: /run/user/1000/nvim.1187.0
WRN 2026-09-02T01:46:54.402 ui.1186    tui_stop:658: TUI: timed out waiting for DA1 response
WRN 2026-09-02T01:46:54.419 ?.1189     server_start:197: Failed to start server: read-only file system: /run/user/1000/nvim.1189.0
WRN 2026-09-02T01:47:01.648 ui.1188    tui_stop:658: TUI: timed out waiting for DA1 response
WRN 2026-09-02T01:47:01.664 ?.1191     server_start:197: Failed to start server: read-only file system: /run/user/1000/nvim.1191.0
WRN 2026-09-02T01:47:08.893 ui.1190    tui_stop:658: TUI: timed out waiting for DA1 response
WRN 2026-09-02T01:47:08.910 ?.1193     server_start:197: Failed to start server: read-only file system: /run/user/1000/nvim.1193.0
WRN 2026-09-02T01:47:16.140 ui.1192    tui_stop:658: TUI: timed out waiting for DA1 response
WRN 2026-09-02T01:47:17.024 ?.1305     server_start:197: Failed to start server: read-only file system: /run/user/1000/nvim.1305.0
WRN 2026-09-02T01:47:18.251 ui.1304    tui_stop:658: TUI: timed out waiting for DA1 response
WRN 2026-09-02T01:47:18.267 ?.1307     server_start:197: Failed to start server: read-only file system: /run/user/1000/nvim.1307.0
WRN 2026-09-02T01:47:19.495 ui.1306    tui_stop:658: TUI: timed out waiting for DA1 response
WRN 2026-09-02T01:47:19.512 ?.1309     server_start:197: Failed to start server: read-only file system: /run/user/1000/nvim.1309.0
WRN 2026-09-02T01:47:20.739 ui.1308    tui_stop:658: TUI: timed out waiting for DA1 response
WRN 2026-09-02T01:47:20.755 ?.1311     server_start:197: Failed to start server: read-only file system: /run/user/1000/nvim.1311.0
WRN 2026-09-02T01:47:21.982 ui.1310    tui_stop:658: TUI: timed out waiting for DA1 response
WRN 2026-09-02T01:47:22.824 ?.1422     server_start:197: Failed to start server: read-only file system: /run/user/1000/nvim.1422.0
WRN 2026-09-02T01:47:30.051 ui.1421    tui_stop:658: TUI: timed out waiting for DA1 response
WRN 2026-09-02T01:47:30.068 ?.1424     server_start:197: Failed to start server: read-only file system: /run/user/1000/nvim.1424.0
WRN 2026-09-02T01:47:37.295 ui.1423    tui_stop:658: TUI: timed out waiting for DA1 response
WRN 2026-09-02T01:47:37.312 ?.1426     server_start:197: Failed to start server: read-only file system: /run/user/1000/nvim.1426.0
WRN 2026-09-02T01:47:44.541 ui.1425    tui_stop:658: TUI: timed out waiting for DA1 response
WRN 2026-09-02T01:47:44.558 ?.1428     server_start:197: Failed to start server: read-only file system: /run/user/1000/nvim.1428.0
WRN 2026-09-02T01:47:51.787 ui.1427    tui_stop:658: TUI: timed out waiting for DA1 response
WRN 2026-09-02T01:47:52.629 ?.1538     server_start:197: Failed to start server: read-only file system: /run/user/1000/nvim.1538.0
WRN 2026-09-02T01:47:59.858 ui.1537    tui_stop:658: TUI: timed out waiting for DA1 response
WRN 2026-09-02T01:47:59.875 ?.1540     server_start:197: Failed to start server: read-only file system: /run/user/1000/nvim.1540.0
WRN 2026-09-02T01:48:07.103 ui.1539    tui_stop:658: TUI: timed out waiting for DA1 response
WRN 2026-09-02T01:48:07.120 ?.1542     server_start:197: Failed to start server: read-only file system: /run/user/1000/nvim.1542.0
WRN 2026-09-02T01:48:14.350 ui.1541    tui_stop:658: TUI: timed out waiting for DA1 response
WRN 2026-09-02T01:48:14.367 ?.1544     server_start:197: Failed to start server: read-only file system: /run/user/1000/nvim.1544.0
WRN 2026-09-02T01:48:21.597 ui.1543    tui_stop:658: TUI: timed out waiting for DA1 response
WRN 2026-09-02T01:48:22.524 ?.1656     server_start:197: Failed to start server: read-only file system: /run/user/1000/nvim.1656.0
WRN 2026-09-02T01:48:23.752 ui.1655    tui_stop:658: TUI: timed out waiting for DA1 response
WRN 2026-09-02T01:48:23.768 ?.1658     server_start:197: Failed to start server: read-only file system: /run/user/1000/nvim.1658.0
WRN 2026-09-02T01:48:24.996 ui.1657    tui_stop:658: TUI: timed out waiting for DA1 response
WRN 2026-09-02T01:48:25.013 ?.1660     server_start:197: Failed to start server: read-only file system: /run/user/1000/nvim.1660.0
WRN 2026-09-02T01:48:26.240 ui.1659    tui_stop:658: TUI: timed out waiting for DA1 response
WRN 2026-09-02T01:48:26.257 ?.1662     server_start:197: Failed to start server: read-only file system: /run/user/1000/nvim.1662.0
WRN 2026-09-02T01:48:27.484 ui.1661    tui_stop:658: TUI: timed out waiting for DA1 response
WRN 2026-09-02T01:48:28.315 ?.1772     server_start:197: Failed to start server: read-only file system: /run/user/1000/nvim.1772.0
WRN 2026-09-02T01:48:35.545 ui.1771    tui_stop:658: TUI: timed out waiting for DA1 response
WRN 2026-09-02T01:48:35.561 ?.1774     server_start:197: Failed to start server: read-only file system: /run/user/1000/nvim.1774.0
WRN 2026-09-02T01:48:42.791 ui.1773    tui_stop:658: TUI: timed out waiting for DA1 response
WRN 2026-09-02T01:48:42.808 ?.1776     server_start:197: Failed to start server: read-only file system: /run/user/1000/nvim.1776.0
WRN 2026-09-02T01:48:50.037 ui.1775    tui_stop:658: TUI: timed out waiting for DA1 response
WRN 2026-09-02T01:48:50.053 ?.1778     server_start:197: Failed to start server: read-only file system: /run/user/1000/nvim.1778.0
WRN 2026-09-02T01:48:57.284 ui.1777    tui_stop:658: TUI: timed out waiting for DA1 response
WRN 2026-09-02T01:48:58.134 ?.1891     server_start:197: Failed to start server: read-only file system: /run/user/1000/nvim.1891.0
WRN 2026-09-02T01:48:59.363 ui.1890    tui_stop:658: TUI: timed out waiting for DA1 response
WRN 2026-09-02T01:48:59.380 ?.1893     server_start:197: Failed to start server: read-only file system: /run/user/1000/nvim.1893.0
WRN 2026-09-02T01:49:00.608 ui.1892    tui_stop:658: TUI: timed out waiting for DA1 response
WRN 2026-09-02T01:49:00.624 ?.1895     server_start:197: Failed to start server: read-only file system: /run/user/1000/nvim.1895.0
WRN 2026-09-02T01:49:01.853 ui.1894    tui_stop:658: TUI: timed out waiting for DA1 response
WRN 2026-09-02T01:49:01.870 ?.1897     server_start:197: Failed to start server: read-only file system: /run/user/1000/nvim.1897.0
WRN 2026-09-02T01:49:03.099 ui.1896    tui_stop:658: TUI: timed out waiting for DA1 response
WRN 2026-09-02T01:49:03.959 ?.2007     server_start:197: Failed to start server: read-only file system: /run/user/1000/nvim.2007.0
WRN 2026-09-02T01:49:11.189 ui.2006    tui_stop:658: TUI: timed out waiting for DA1 response
WRN 2026-09-02T01:49:11.206 ?.2009     server_start:197: Failed to start server: read-only file system: /run/user/1000/nvim.2009.0
WRN 2026-09-02T01:49:18.435 ui.2008    tui_stop:658: TUI: timed out waiting for DA1 response
WRN 2026-09-02T01:49:18.452 ?.2011     server_start:197: Failed to start server: read-only file system: /run/user/1000/nvim.2011.0
WRN 2026-09-02T01:49:25.682 ui.2010    tui_stop:658: TUI: timed out waiting for DA1 response
WRN 2026-09-02T01:49:25.698 ?.2013     server_start:197: Failed to start server: read-only file system: /run/user/1000/nvim.2013.0
WRN 2026-09-02T01:49:32.928 ui.2012    tui_stop:658: TUI: timed out waiting for DA1 response
WRN 2026-09-02T01:49:33.766 ?.2125     server_start:197: Failed to start server: read-only file system: /run/user/1000/nvim.2125.0
WRN 2026-09-02T01:49:40.994 ui.2124    tui_stop:658: TUI: timed out waiting for DA1 response
WRN 2026-09-02T01:49:41.011 ?.2127     server_start:197: Failed to start server: read-only file system: /run/user/1000/nvim.2127.0
WRN 2026-09-02T01:49:48.238 ui.2126    tui_stop:658: TUI: timed out waiting for DA1 response
WRN 2026-09-02T01:49:48.254 ?.2129     server_start:197: Failed to start server: read-only file system: /run/user/1000/nvim.2129.0
WRN 2026-09-02T01:49:55.482 ui.2128    tui_stop:658: TUI: timed out waiting for DA1 response
WRN 2026-09-02T01:49:55.499 ?.2131     server_start:197: Failed to start server: read-only file system: /run/user/1000/nvim.2131.0
WRN 2026-09-02T01:50:02.726 ui.2130    tui_stop:658: TUI: timed out waiting for DA1 response
WRN 2026-09-02T01:50:03.263 ?.2157     server_start:197: Failed to start server: read-only file system: /run/user/1000/nvim.2157.0
WRN 2026-09-02T01:50:10.498 ui.2156    tui_stop:658: TUI: timed out waiting for DA1 response
WRN 2026-09-02T01:50:10.515 ?.2159     server_start:197: Failed to start server: read-only file system: /run/user/1000/nvim.2159.0
WRN 2026-09-02T01:50:17.751 ui.2158    tui_stop:658: TUI: timed out waiting for DA1 response
WRN 2026-09-02T01:50:17.768 ?.2161     server_start:197: Failed to start server: read-only file system: /run/user/1000/nvim.2161.0
WRN 2026-09-02T01:50:25.004 ui.2160    tui_stop:658: TUI: timed out waiting for DA1 response
WRN 2026-09-02T01:50:25.021 ?.2163     server_start:197: Failed to start server: read-only file system: /run/user/1000/nvim.2163.0
WRN 2026-09-02T01:50:32.255 ui.2162    tui_stop:658: TUI: timed out waiting for DA1 response
WRN 2026-09-02T01:50:32.791 ?.2189     server_start:197: Failed to start server: read-only file system: /run/user/1000/nvim.2189.0
WRN 2026-09-02T01:50:34.025 ui.2188    tui_stop:658: TUI: timed out waiting for DA1 response
WRN 2026-09-02T01:50:34.042 ?.2191     server_start:197: Failed to start server: read-only file system: /run/user/1000/nvim.2191.0
WRN 2026-09-02T01:50:35.275 ui.2190    tui_stop:658: TUI: timed out waiting for DA1 response
WRN 2026-09-02T01:50:35.291 ?.2193     server_start:197: Failed to start server: read-only file system: /run/user/1000/nvim.2193.0
WRN 2026-09-02T01:50:36.525 ui.2192    tui_stop:658: TUI: timed out waiting for DA1 response
WRN 2026-09-02T01:50:36.541 ?.2195     server_start:197: Failed to start server: read-only file system: /run/user/1000/nvim.2195.0
WRN 2026-09-02T01:50:37.774 ui.2194    tui_stop:658: TUI: timed out waiting for DA1 response
WRN 2026-09-02T01:50:38.323 ?.2221     server_start:197: Failed to start server: read-only file system: /run/user/1000/nvim.2221.0
WRN 2026-09-02T01:50:39.558 ui.2220    tui_stop:658: TUI: timed out waiting for DA1 response
WRN 2026-09-02T01:50:39.575 ?.2223     server_start:197: Failed to start server: read-only file system: /run/user/1000/nvim.2223.0
WRN 2026-09-02T01:50:40.811 ui.2222    tui_stop:658: TUI: timed out waiting for DA1 response
WRN 2026-09-02T01:50:40.827 ?.2225     server_start:197: Failed to start server: read-only file system: /run/user/1000/nvim.2225.0
WRN 2026-09-02T01:50:42.063 ui.2224    tui_stop:658: TUI: timed out waiting for DA1 response
WRN 2026-09-02T01:50:42.080 ?.2227     server_start:197: Failed to start server: read-only file system: /run/user/1000/nvim.2227.0
WRN 2026-09-02T01:50:43.316 ui.2226    tui_stop:658: TUI: timed out waiting for DA1 response
WRN 2026-09-02T01:50:43.860 ?.2253     server_start:197: Failed to start server: read-only file system: /run/user/1000/nvim.2253.0
WRN 2026-09-02T01:50:45.098 ui.2252    tui_stop:658: TUI: timed out waiting for DA1 response
WRN 2026-09-02T01:50:45.113 ?.2255     server_start:197: Failed to start server: read-only file system: /run/user/1000/nvim.2255.0
WRN 2026-09-02T01:50:46.352 ui.2254    tui_stop:658: TUI: timed out waiting for DA1 response
WRN 2026-09-02T01:50:46.368 ?.2257     server_start:197: Failed to start server: read-only file system: /run/user/1000/nvim.2257.0
WRN 2026-09-02T01:50:47.606 ui.2256    tui_stop:658: TUI: timed out waiting for DA1 response
WRN 2026-09-02T01:50:47.623 ?.2259     server_start:197: Failed to start server: read-only file system: /run/user/1000/nvim.2259.0
WRN 2026-09-02T01:50:48.861 ui.2258    tui_stop:658: TUI: timed out waiting for DA1 response
WRN 2026-09-02T01:50:49.473 ?.2285     server_start:197: Failed to start server: read-only file system: /run/user/1000/nvim.2285.0
WRN 2026-09-02T01:50:50.709 ui.2284    tui_stop:658: TUI: timed out waiting for DA1 response
WRN 2026-09-02T01:50:50.726 ?.2287     server_start:197: Failed to start server: read-only file system: /run/user/1000/nvim.2287.0
WRN 2026-09-02T01:50:51.962 ui.2286    tui_stop:658: TUI: timed out waiting for DA1 response
WRN 2026-09-02T01:50:51.978 ?.2289     server_start:197: Failed to start server: read-only file system: /run/user/1000/nvim.2289.0
WRN 2026-09-02T01:50:53.215 ui.2288    tui_stop:658: TUI: timed out waiting for DA1 response
WRN 2026-09-02T01:50:53.232 ?.2291     server_start:197: Failed to start server: read-only file system: /run/user/1000/nvim.2291.0
WRN 2026-09-02T01:50:54.468 ui.2290    tui_stop:658: TUI: timed out waiting for DA1 response
WRN 2026-09-02T04:49:55.670 ?.46       server_start:197: Failed to start server: read-only file system: /run/user/1000/nvim.46.0
WRN 2026-09-02T04:49:56.955 ui.45      tui_stop:658: TUI: timed out waiting for DA1 response
WRN 2026-09-02T04:49:56.973 ?.48       server_start:197: Failed to start server: read-only file system: /run/user/1000/nvim.48.0
WRN 2026-09-02T04:49:58.259 ui.47      tui_stop:658: TUI: timed out waiting for DA1 response
WRN 2026-09-02T04:49:58.276 ?.50       server_start:197: Failed to start server: read-only file system: /run/user/1000/nvim.50.0
WRN 2026-09-02T04:49:59.561 ui.49      tui_stop:658: TUI: timed out waiting for DA1 response
WRN 2026-09-02T04:49:59.578 ?.52       server_start:197: Failed to start server: read-only file system: /run/user/1000/nvim.52.0
WRN 2026-09-02T04:50:00.863 ui.51      tui_stop:658: TUI: timed out waiting for DA1 response
WRN 2026-09-02T04:50:00.880 ?.54       server_start:197: Failed to start server: read-only file system: /run/user/1000/nvim.54.0
WRN 2026-09-02T04:50:02.166 ui.53      tui_stop:658: TUI: timed out waiting for DA1 response
WRN 2026-09-02T04:50:03.652 ?.192      server_start:197: Failed to start server: read-only file system: /run/user/1000/nvim.192.0
WRN 2026-09-02T04:50:04.937 ui.191     tui_stop:658: TUI: timed out waiting for DA1 response
WRN 2026-09-02T04:50:04.953 ?.194      server_start:197: Failed to start server: read-only file system: /run/user/1000/nvim.194.0
WRN 2026-09-02T04:50:06.238 ui.193     tui_stop:658: TUI: timed out waiting for DA1 response
WRN 2026-09-02T04:50:06.255 ?.196      server_start:197: Failed to start server: read-only file system: /run/user/1000/nvim.196.0
WRN 2026-09-02T04:50:07.540 ui.195     tui_stop:658: TUI: timed out waiting for DA1 response
WRN 2026-09-02T04:50:07.556 ?.198      server_start:197: Failed to start server: read-only file system: /run/user/1000/nvim.198.0
WRN 2026-09-02T04:50:08.841 ui.197     tui_stop:658: TUI: timed out waiting for DA1 response
WRN 2026-09-02T04:50:08.857 ?.200      server_start:197: Failed to start server: read-only file system: /run/user/1000/nvim.200.0
WRN 2026-09-02T04:50:10.142 ui.199     tui_stop:658: TUI: timed out waiting for DA1 response
WRN 2026-09-02T04:50:11.388 ?.340      server_start:197: Failed to start server: read-only file system: /run/user/1000/nvim.340.0
WRN 2026-09-02T04:50:12.673 ui.339     tui_stop:658: TUI: timed out waiting for DA1 response
WRN 2026-09-02T04:50:12.690 ?.342      server_start:197: Failed to start server: read-only file system: /run/user/1000/nvim.342.0
WRN 2026-09-02T04:50:13.974 ui.341     tui_stop:658: TUI: timed out waiting for DA1 response
WRN 2026-09-02T04:50:13.991 ?.344      server_start:197: Failed to start server: read-only file system: /run/user/1000/nvim.344.0
WRN 2026-09-02T04:50:15.276 ui.343     tui_stop:658: TUI: timed out waiting for DA1 response
WRN 2026-09-02T04:50:15.293 ?.346      server_start:197: Failed to start server: read-only file system: /run/user/1000/nvim.346.0
WRN 2026-09-02T04:50:16.578 ui.345     tui_stop:658: TUI: timed out waiting for DA1 response
WRN 2026-09-02T04:50:16.595 ?.348      server_start:197: Failed to start server: read-only file system: /run/user/1000/nvim.348.0
WRN 2026-09-02T04:50:17.880 ui.347     tui_stop:658: TUI: timed out waiting for DA1 response
WRN 2026-09-02T04:50:18.952 ?.380      server_start:197: Failed to start server: read-only file system: /run/user/1000/nvim.380.0
WRN 2026-09-02T04:50:20.244 ui.379     tui_stop:658: TUI: timed out waiting for DA1 response
WRN 2026-09-02T04:50:20.261 ?.382      server_start:197: Failed to start server: read-only file system: /run/user/1000/nvim.382.0
WRN 2026-09-02T04:50:21.554 ui.381     tui_stop:658: TUI: timed out waiting for DA1 response
WRN 2026-09-02T04:50:21.571 ?.384      server_start:197: Failed to start server: read-only file system: /run/user/1000/nvim.384.0
WRN 2026-09-02T04:50:22.864 ui.383     tui_stop:658: TUI: timed out waiting for DA1 response
WRN 2026-09-02T04:50:22.881 ?.386      server_start:197: Failed to start server: read-only file system: /run/user/1000/nvim.386.0
WRN 2026-09-02T04:50:24.174 ui.385     tui_stop:658: TUI: timed out waiting for DA1 response
WRN 2026-09-02T04:50:24.191 ?.388      server_start:197: Failed to start server: read-only file system: /run/user/1000/nvim.388.0
WRN 2026-09-02T04:50:25.484 ui.387     tui_stop:658: TUI: timed out waiting for DA1 response
WRN 2026-09-02T04:50:26.838 ?.420      server_start:197: Failed to start server: read-only file system: /run/user/1000/nvim.420.0
WRN 2026-09-02T04:50:28.148 ui.419     tui_stop:658: TUI: timed out waiting for DA1 response
WRN 2026-09-02T04:50:28.165 ?.422      server_start:197: Failed to start server: read-only file system: /run/user/1000/nvim.422.0
WRN 2026-09-02T04:50:29.475 ui.421     tui_stop:658: TUI: timed out waiting for DA1 response
WRN 2026-09-02T04:50:29.492 ?.424      server_start:197: Failed to start server: read-only file system: /run/user/1000/nvim.424.0
WRN 2026-09-02T04:50:30.802 ui.423     tui_stop:658: TUI: timed out waiting for DA1 response
WRN 2026-09-02T04:50:30.819 ?.426      server_start:197: Failed to start server: read-only file system: /run/user/1000/nvim.426.0
WRN 2026-09-02T04:50:32.129 ui.425     tui_stop:658: TUI: timed out waiting for DA1 response
WRN 2026-09-02T04:50:32.146 ?.428      server_start:197: Failed to start server: read-only file system: /run/user/1000/nvim.428.0
WRN 2026-09-02T04:50:33.457 ui.427     tui_stop:658: TUI: timed out waiting for DA1 response
WRN 2026-09-02T04:50:34.498 ?.566      server_start:197: Failed to start server: read-only file system: /run/user/1000/nvim.566.0
WRN 2026-09-02T04:50:41.725 ui.565     tui_stop:658: TUI: timed out waiting for DA1 response
WRN 2026-09-02T04:50:41.741 ?.568      server_start:197: Failed to start server: read-only file system: /run/user/1000/nvim.568.0
WRN 2026-09-02T04:50:48.970 ui.567     tui_stop:658: TUI: timed out waiting for DA1 response
WRN 2026-09-02T04:50:48.987 ?.570      server_start:197: Failed to start server: read-only file system: /run/user/1000/nvim.570.0
WRN 2026-09-02T04:50:56.214 ui.569     tui_stop:658: TUI: timed out waiting for DA1 response
WRN 2026-09-02T04:50:56.232 ?.572      server_start:197: Failed to start server: read-only file system: /run/user/1000/nvim.572.0
WRN 2026-09-02T04:51:03.461 ui.571     tui_stop:658: TUI: timed out waiting for DA1 response
WRN 2026-09-02T04:51:03.478 ?.574      server_start:197: Failed to start server: read-only file system: /run/user/1000/nvim.574.0
WRN 2026-09-02T04:51:10.706 ui.573     tui_stop:658: TUI: timed out waiting for DA1 response
WRN 2026-09-02T04:51:11.775 ?.712      server_start:197: Failed to start server: read-only file system: /run/user/1000/nvim.712.0
WRN 2026-09-02T04:51:13.002 ui.711     tui_stop:658: TUI: timed out waiting for DA1 response
WRN 2026-09-02T04:51:13.019 ?.714      server_start:197: Failed to start server: read-only file system: /run/user/1000/nvim.714.0
WRN 2026-09-02T04:51:14.246 ui.713     tui_stop:658: TUI: timed out waiting for DA1 response
WRN 2026-09-02T04:51:14.263 ?.716      server_start:197: Failed to start server: read-only file system: /run/user/1000/nvim.716.0
WRN 2026-09-02T04:51:15.491 ui.715     tui_stop:658: TUI: timed out waiting for DA1 response
WRN 2026-09-02T04:51:15.508 ?.718      server_start:197: Failed to start server: read-only file system: /run/user/1000/nvim.718.0
WRN 2026-09-02T04:51:16.735 ui.717     tui_stop:658: TUI: timed out waiting for DA1 response
WRN 2026-09-02T04:51:16.752 ?.720      server_start:197: Failed to start server: read-only file system: /run/user/1000/nvim.720.0
WRN 2026-09-02T04:51:17.980 ui.719     tui_stop:658: TUI: timed out waiting for DA1 response
WRN 2026-09-02T04:51:19.022 ?.857      server_start:197: Failed to start server: read-only file system: /run/user/1000/nvim.857.0
WRN 2026-09-02T04:51:26.252 ui.856     tui_stop:658: TUI: timed out waiting for DA1 response
WRN 2026-09-02T04:51:26.269 ?.859      server_start:197: Failed to start server: read-only file system: /run/user/1000/nvim.859.0
WRN 2026-09-02T04:51:33.498 ui.858     tui_stop:658: TUI: timed out waiting for DA1 response
WRN 2026-09-02T04:51:33.515 ?.861      server_start:197: Failed to start server: read-only file system: /run/user/1000/nvim.861.0
WRN 2026-09-02T04:51:40.746 ui.860     tui_stop:658: TUI: timed out waiting for DA1 response
WRN 2026-09-02T04:51:40.763 ?.863      server_start:197: Failed to start server: read-only file system: /run/user/1000/nvim.863.0
WRN 2026-09-02T04:51:47.993 ui.862     tui_stop:658: TUI: timed out waiting for DA1 response
WRN 2026-09-02T04:51:48.009 ?.865      server_start:197: Failed to start server: read-only file system: /run/user/1000/nvim.865.0
WRN 2026-09-02T04:51:55.237 ui.864     tui_stop:658: TUI: timed out waiting for DA1 response
WRN 2026-09-02T04:51:56.286 ?.1003     server_start:197: Failed to start server: read-only file system: /run/user/1000/nvim.1003.0
WRN 2026-09-02T04:52:03.513 ui.1002    tui_stop:658: TUI: timed out waiting for DA1 response
WRN 2026-09-02T04:52:03.530 ?.1005     server_start:197: Failed to start server: read-only file system: /run/user/1000/nvim.1005.0
WRN 2026-09-02T04:52:10.759 ui.1004    tui_stop:658: TUI: timed out waiting for DA1 response
WRN 2026-09-02T04:52:10.776 ?.1007     server_start:197: Failed to start server: read-only file system: /run/user/1000/nvim.1007.0
WRN 2026-09-02T04:52:18.004 ui.1006    tui_stop:658: TUI: timed out waiting for DA1 response
WRN 2026-09-02T04:52:18.021 ?.1009     server_start:197: Failed to start server: read-only file system: /run/user/1000/nvim.1009.0
WRN 2026-09-02T04:52:25.249 ui.1008    tui_stop:658: TUI: timed out waiting for DA1 response
WRN 2026-09-02T04:52:25.266 ?.1011     server_start:197: Failed to start server: read-only file system: /run/user/1000/nvim.1011.0
WRN 2026-09-02T04:52:32.496 ui.1010    tui_stop:658: TUI: timed out waiting for DA1 response
WRN 2026-09-02T04:52:33.621 ?.1149     server_start:197: Failed to start server: read-only file system: /run/user/1000/nvim.1149.0
WRN 2026-09-02T04:52:34.848 ui.1148    tui_stop:658: TUI: timed out waiting for DA1 response
WRN 2026-09-02T04:52:34.865 ?.1151     server_start:197: Failed to start server: read-only file system: /run/user/1000/nvim.1151.0
WRN 2026-09-02T04:52:36.092 ui.1150    tui_stop:658: TUI: timed out waiting for DA1 response
WRN 2026-09-02T04:52:36.109 ?.1153     server_start:197: Failed to start server: read-only file system: /run/user/1000/nvim.1153.0
WRN 2026-09-02T04:52:37.336 ui.1152    tui_stop:658: TUI: timed out waiting for DA1 response
WRN 2026-09-02T04:52:37.353 ?.1155     server_start:197: Failed to start server: read-only file system: /run/user/1000/nvim.1155.0
WRN 2026-09-02T04:52:38.580 ui.1154    tui_stop:658: TUI: timed out waiting for DA1 response
WRN 2026-09-02T04:52:38.597 ?.1157     server_start:197: Failed to start server: read-only file system: /run/user/1000/nvim.1157.0
WRN 2026-09-02T04:52:39.824 ui.1156    tui_stop:658: TUI: timed out waiting for DA1 response
WRN 2026-09-02T04:52:40.787 ?.1295     server_start:197: Failed to start server: read-only file system: /run/user/1000/nvim.1295.0
WRN 2026-09-02T04:52:50.021 ?.1297     server_start:197: Failed to start server: read-only file system: /run/user/1000/nvim.1297.0
WRN 2026-09-02T04:52:57.252 ui.1296    tui_stop:658: TUI: timed out waiting for DA1 response
WRN 2026-09-02T04:52:57.270 ?.1299     server_start:197: Failed to start server: read-only file system: /run/user/1000/nvim.1299.0
WRN 2026-09-02T04:53:04.501 ui.1298    tui_stop:658: TUI: timed out waiting for DA1 response
WRN 2026-09-02T04:53:04.517 ?.1301     server_start:197: Failed to start server: read-only file system: /run/user/1000/nvim.1301.0
WRN 2026-09-02T04:53:13.751 ?.1303     server_start:197: Failed to start server: read-only file system: /run/user/1000/nvim.1303.0
WRN 2026-09-02T04:53:20.982 ui.1302    tui_stop:658: TUI: timed out waiting for DA1 response
WRN 2026-09-02T04:53:21.937 ?.1442     server_start:197: Failed to start server: read-only file system: /run/user/1000/nvim.1442.0
WRN 2026-09-02T04:53:23.166 ui.1441    tui_stop:658: TUI: timed out waiting for DA1 response
WRN 2026-09-02T04:53:23.182 ?.1444     server_start:197: Failed to start server: read-only file system: /run/user/1000/nvim.1444.0
WRN 2026-09-02T04:53:24.411 ui.1443    tui_stop:658: TUI: timed out waiting for DA1 response
WRN 2026-09-02T04:53:24.427 ?.1446     server_start:197: Failed to start server: read-only file system: /run/user/1000/nvim.1446.0
WRN 2026-09-02T04:53:25.656 ui.1445    tui_stop:658: TUI: timed out waiting for DA1 response
WRN 2026-09-02T04:53:25.673 ?.1448     server_start:197: Failed to start server: read-only file system: /run/user/1000/nvim.1448.0
WRN 2026-09-02T04:53:26.902 ui.1447    tui_stop:658: TUI: timed out waiting for DA1 response
WRN 2026-09-02T04:53:26.918 ?.1450     server_start:197: Failed to start server: read-only file system: /run/user/1000/nvim.1450.0
WRN 2026-09-02T04:53:28.147 ui.1449    tui_stop:658: TUI: timed out waiting for DA1 response
WRN 2026-09-02T04:53:29.320 ?.1587     server_start:197: Failed to start server: read-only file system: /run/user/1000/nvim.1587.0
WRN 2026-09-02T04:53:36.549 ui.1586    tui_stop:658: TUI: timed out waiting for DA1 response
WRN 2026-09-02T04:53:36.566 ?.1589     server_start:197: Failed to start server: read-only file system: /run/user/1000/nvim.1589.0
WRN 2026-09-02T04:53:43.794 ui.1588    tui_stop:658: TUI: timed out waiting for DA1 response
WRN 2026-09-02T04:53:43.811 ?.1591     server_start:197: Failed to start server: read-only file system: /run/user/1000/nvim.1591.0
WRN 2026-09-02T04:53:51.040 ui.1590    tui_stop:658: TUI: timed out waiting for DA1 response
WRN 2026-09-02T04:53:51.056 ?.1593     server_start:197: Failed to start server: read-only file system: /run/user/1000/nvim.1593.0
WRN 2026-09-02T04:53:58.286 ui.1592    tui_stop:658: TUI: timed out waiting for DA1 response
WRN 2026-09-02T04:53:58.303 ?.1595     server_start:197: Failed to start server: read-only file system: /run/user/1000/nvim.1595.0
WRN 2026-09-02T04:54:05.531 ui.1594    tui_stop:658: TUI: timed out waiting for DA1 response
WRN 2026-09-02T04:54:06.525 ?.1734     server_start:197: Failed to start server: read-only file system: /run/user/1000/nvim.1734.0
WRN 2026-09-02T04:54:13.751 ui.1733    tui_stop:658: TUI: timed out waiting for DA1 response
WRN 2026-09-02T04:54:13.768 ?.1736     server_start:197: Failed to start server: read-only file system: /run/user/1000/nvim.1736.0
WRN 2026-09-02T04:54:20.994 ui.1735    tui_stop:658: TUI: timed out waiting for DA1 response
WRN 2026-09-02T04:54:21.011 ?.1738     server_start:197: Failed to start server: read-only file system: /run/user/1000/nvim.1738.0
WRN 2026-09-02T04:54:28.239 ui.1737    tui_stop:658: TUI: timed out waiting for DA1 response
WRN 2026-09-02T04:54:28.256 ?.1740     server_start:197: Failed to start server: read-only file system: /run/user/1000/nvim.1740.0
WRN 2026-09-02T04:54:35.483 ui.1739    tui_stop:658: TUI: timed out waiting for DA1 response
WRN 2026-09-02T04:54:35.500 ?.1742     server_start:197: Failed to start server: read-only file system: /run/user/1000/nvim.1742.0
WRN 2026-09-02T04:54:42.728 ui.1741    tui_stop:658: TUI: timed out waiting for DA1 response
WRN 2026-09-02T04:54:43.512 ?.1774     server_start:197: Failed to start server: read-only file system: /run/user/1000/nvim.1774.0
WRN 2026-09-02T04:54:50.748 ui.1773    tui_stop:658: TUI: timed out waiting for DA1 response
WRN 2026-09-02T04:54:50.765 ?.1776     server_start:197: Failed to start server: read-only file system: /run/user/1000/nvim.1776.0
WRN 2026-09-02T04:54:57.999 ui.1775    tui_stop:658: TUI: timed out waiting for DA1 response
WRN 2026-09-02T04:54:58.016 ?.1778     server_start:197: Failed to start server: read-only file system: /run/user/1000/nvim.1778.0
WRN 2026-09-02T04:55:05.251 ui.1777    tui_stop:658: TUI: timed out waiting for DA1 response
WRN 2026-09-02T04:55:05.268 ?.1780     server_start:197: Failed to start server: read-only file system: /run/user/1000/nvim.1780.0
WRN 2026-09-02T04:55:12.503 ui.1779    tui_stop:658: TUI: timed out waiting for DA1 response
WRN 2026-09-02T04:55:12.520 ?.1782     server_start:197: Failed to start server: read-only file system: /run/user/1000/nvim.1782.0
WRN 2026-09-02T04:55:19.755 ui.1781    tui_stop:658: TUI: timed out waiting for DA1 response
WRN 2026-09-02T04:55:20.537 ?.1814     server_start:197: Failed to start server: read-only file system: /run/user/1000/nvim.1814.0
WRN 2026-09-02T04:55:21.770 ui.1813    tui_stop:658: TUI: timed out waiting for DA1 response
WRN 2026-09-02T04:55:21.787 ?.1816     server_start:197: Failed to start server: read-only file system: /run/user/1000/nvim.1816.0
WRN 2026-09-02T04:55:23.020 ui.1815    tui_stop:658: TUI: timed out waiting for DA1 response
WRN 2026-09-02T04:55:23.037 ?.1818     server_start:197: Failed to start server: read-only file system: /run/user/1000/nvim.1818.0
WRN 2026-09-02T04:55:24.270 ui.1817    tui_stop:658: TUI: timed out waiting for DA1 response
WRN 2026-09-02T04:55:24.287 ?.1820     server_start:197: Failed to start server: read-only file system: /run/user/1000/nvim.1820.0
WRN 2026-09-02T04:55:25.520 ui.1819    tui_stop:658: TUI: timed out waiting for DA1 response
WRN 2026-09-02T04:55:25.537 ?.1822     server_start:197: Failed to start server: read-only file system: /run/user/1000/nvim.1822.0
WRN 2026-09-02T04:55:26.770 ui.1821    tui_stop:658: TUI: timed out waiting for DA1 response
WRN 2026-09-02T04:55:27.652 ?.1854     server_start:197: Failed to start server: read-only file system: /run/user/1000/nvim.1854.0
WRN 2026-09-02T04:55:28.888 ui.1853    tui_stop:658: TUI: timed out waiting for DA1 response
WRN 2026-09-02T04:55:28.906 ?.1856     server_start:197: Failed to start server: read-only file system: /run/user/1000/nvim.1856.0
WRN 2026-09-02T04:55:30.142 ui.1855    tui_stop:658: TUI: timed out waiting for DA1 response
WRN 2026-09-02T04:55:30.159 ?.1858     server_start:197: Failed to start server: read-only file system: /run/user/1000/nvim.1858.0
WRN 2026-09-02T04:55:31.394 ui.1857    tui_stop:658: TUI: timed out waiting for DA1 response
WRN 2026-09-02T04:55:31.411 ?.1860     server_start:197: Failed to start server: read-only file system: /run/user/1000/nvim.1860.0
WRN 2026-09-02T04:55:32.646 ui.1859    tui_stop:658: TUI: timed out waiting for DA1 response
WRN 2026-09-02T04:55:32.665 ?.1862     server_start:197: Failed to start server: read-only file system: /run/user/1000/nvim.1862.0
WRN 2026-09-02T04:55:33.901 ui.1861    tui_stop:658: TUI: timed out waiting for DA1 response
WRN 2026-09-02T04:55:34.741 ?.1894     server_start:197: Failed to start server: read-only file system: /run/user/1000/nvim.1894.0
WRN 2026-09-02T04:55:35.980 ui.1893    tui_stop:658: TUI: timed out waiting for DA1 response
WRN 2026-09-02T04:55:35.996 ?.1896     server_start:197: Failed to start server: read-only file system: /run/user/1000/nvim.1896.0
WRN 2026-09-02T04:55:37.234 ui.1895    tui_stop:658: TUI: timed out waiting for DA1 response
WRN 2026-09-02T04:55:37.251 ?.1898     server_start:197: Failed to start server: read-only file system: /run/user/1000/nvim.1898.0
WRN 2026-09-02T04:55:38.489 ui.1897    tui_stop:658: TUI: timed out waiting for DA1 response
WRN 2026-09-02T04:55:38.506 ?.1900     server_start:197: Failed to start server: read-only file system: /run/user/1000/nvim.1900.0
WRN 2026-09-02T04:55:39.744 ui.1899    tui_stop:658: TUI: timed out waiting for DA1 response
WRN 2026-09-02T04:55:39.760 ?.1902     server_start:197: Failed to start server: read-only file system: /run/user/1000/nvim.1902.0
WRN 2026-09-02T04:55:40.998 ui.1901    tui_stop:658: TUI: timed out waiting for DA1 response
WRN 2026-09-02T04:55:42.134 ?.1934     server_start:197: Failed to start server: read-only file system: /run/user/1000/nvim.1934.0
WRN 2026-09-02T04:55:43.370 ui.1933    tui_stop:658: TUI: timed out waiting for DA1 response
WRN 2026-09-02T04:55:43.387 ?.1936     server_start:197: Failed to start server: read-only file system: /run/user/1000/nvim.1936.0
WRN 2026-09-02T04:55:44.623 ui.1935    tui_stop:658: TUI: timed out waiting for DA1 response
WRN 2026-09-02T04:55:44.640 ?.1938     server_start:197: Failed to start server: read-only file system: /run/user/1000/nvim.1938.0
WRN 2026-09-02T04:55:45.876 ui.1937    tui_stop:658: TUI: timed out waiting for DA1 response
WRN 2026-09-02T04:55:45.893 ?.1940     server_start:197: Failed to start server: read-only file system: /run/user/1000/nvim.1940.0
WRN 2026-09-02T04:55:47.130 ui.1939    tui_stop:658: TUI: timed out waiting for DA1 response
WRN 2026-09-02T04:55:47.146 ?.1942     server_start:197: Failed to start server: read-only file system: /run/user/1000/nvim.1942.0
WRN 2026-09-02T04:55:48.383 ui.1941    tui_stop:658: TUI: timed out waiting for DA1 response
WRN 2026-09-02T04:55:58.705 ?.736      server_start:197: Failed to start server: read-only file system: /run/user/1000/nvim.736.0
WRN 2026-09-02T04:55:59.990 ui.735     tui_stop:658: TUI: timed out waiting for DA1 response
WRN 2026-09-02T04:56:00.007 ?.738      server_start:197: Failed to start server: read-only file system: /run/user/1000/nvim.738.0
WRN 2026-09-02T04:56:01.292 ui.737     tui_stop:658: TUI: timed out waiting for DA1 response
WRN 2026-09-02T04:56:01.309 ?.740      server_start:197: Failed to start server: read-only file system: /run/user/1000/nvim.740.0
WRN 2026-09-02T04:56:02.594 ui.739     tui_stop:658: TUI: timed out waiting for DA1 response
WRN 2026-09-02T04:56:02.610 ?.742      server_start:197: Failed to start server: read-only file system: /run/user/1000/nvim.742.0
WRN 2026-09-02T04:56:03.895 ui.741     tui_stop:658: TUI: timed out waiting for DA1 response
WRN 2026-09-02T04:56:03.912 ?.744      server_start:197: Failed to start server: read-only file system: /run/user/1000/nvim.744.0
WRN 2026-09-02T04:56:05.197 ui.743     tui_stop:658: TUI: timed out waiting for DA1 response
WRN 2026-09-02T04:56:06.348 ?.883      server_start:197: Failed to start server: read-only file system: /run/user/1000/nvim.883.0
WRN 2026-09-02T04:56:07.633 ui.882     tui_stop:658: TUI: timed out waiting for DA1 response
WRN 2026-09-02T04:56:07.650 ?.885      server_start:197: Failed to start server: read-only file system: /run/user/1000/nvim.885.0
WRN 2026-09-02T04:56:08.935 ui.884     tui_stop:658: TUI: timed out waiting for DA1 response
WRN 2026-09-02T04:56:08.951 ?.887      server_start:197: Failed to start server: read-only file system: /run/user/1000/nvim.887.0
WRN 2026-09-02T04:56:10.236 ui.886     tui_stop:658: TUI: timed out waiting for DA1 response
WRN 2026-09-02T04:56:10.253 ?.889      server_start:197: Failed to start server: read-only file system: /run/user/1000/nvim.889.0
WRN 2026-09-02T04:56:11.538 ui.888     tui_stop:658: TUI: timed out waiting for DA1 response
WRN 2026-09-02T04:56:11.555 ?.891      server_start:197: Failed to start server: read-only file system: /run/user/1000/nvim.891.0
WRN 2026-09-02T04:56:12.839 ui.890     tui_stop:658: TUI: timed out waiting for DA1 response
WRN 2026-09-02T04:56:14.169 ?.1027     server_start:197: Failed to start server: read-only file system: /run/user/1000/nvim.1027.0
WRN 2026-09-02T04:56:15.454 ui.1026    tui_stop:658: TUI: timed out waiting for DA1 response
WRN 2026-09-02T04:56:15.470 ?.1029     server_start:197: Failed to start server: read-only file system: /run/user/1000/nvim.1029.0
WRN 2026-09-02T04:56:16.755 ui.1028    tui_stop:658: TUI: timed out waiting for DA1 response
WRN 2026-09-02T04:56:16.771 ?.1031     server_start:197: Failed to start server: read-only file system: /run/user/1000/nvim.1031.0
WRN 2026-09-02T04:56:18.057 ui.1030    tui_stop:658: TUI: timed out waiting for DA1 response
WRN 2026-09-02T04:56:18.074 ?.1033     server_start:197: Failed to start server: read-only file system: /run/user/1000/nvim.1033.0
WRN 2026-09-02T04:56:19.358 ui.1032    tui_stop:658: TUI: timed out waiting for DA1 response
WRN 2026-09-02T04:56:19.375 ?.1035     server_start:197: Failed to start server: read-only file system: /run/user/1000/nvim.1035.0
WRN 2026-09-02T04:56:20.660 ui.1034    tui_stop:658: TUI: timed out waiting for DA1 response
WRN 2026-09-02T04:56:21.626 ?.1067     server_start:197: Failed to start server: read-only file system: /run/user/1000/nvim.1067.0
WRN 2026-09-02T04:56:22.919 ui.1066    tui_stop:658: TUI: timed out waiting for DA1 response
WRN 2026-09-02T04:56:22.936 ?.1069     server_start:197: Failed to start server: read-only file system: /run/user/1000/nvim.1069.0
WRN 2026-09-02T04:56:24.228 ui.1068    tui_stop:658: TUI: timed out waiting for DA1 response
WRN 2026-09-02T04:56:24.244 ?.1071     server_start:197: Failed to start server: read-only file system: /run/user/1000/nvim.1071.0
WRN 2026-09-02T04:56:25.537 ui.1070    tui_stop:658: TUI: timed out waiting for DA1 response
WRN 2026-09-02T04:56:25.554 ?.1073     server_start:197: Failed to start server: read-only file system: /run/user/1000/nvim.1073.0
WRN 2026-09-02T04:56:26.847 ui.1072    tui_stop:658: TUI: timed out waiting for DA1 response
WRN 2026-09-02T04:56:26.864 ?.1075     server_start:197: Failed to start server: read-only file system: /run/user/1000/nvim.1075.0
WRN 2026-09-02T04:56:28.157 ui.1074    tui_stop:658: TUI: timed out waiting for DA1 response
WRN 2026-09-02T04:56:29.184 ?.1107     server_start:197: Failed to start server: read-only file system: /run/user/1000/nvim.1107.0
WRN 2026-09-02T04:56:30.494 ui.1106    tui_stop:658: TUI: timed out waiting for DA1 response
WRN 2026-09-02T04:56:30.510 ?.1109     server_start:197: Failed to start server: read-only file system: /run/user/1000/nvim.1109.0
WRN 2026-09-02T04:56:31.819 ui.1108    tui_stop:658: TUI: timed out waiting for DA1 response
WRN 2026-09-02T04:56:31.836 ?.1111     server_start:197: Failed to start server: read-only file system: /run/user/1000/nvim.1111.0
WRN 2026-09-02T04:56:33.145 ui.1110    tui_stop:658: TUI: timed out waiting for DA1 response
WRN 2026-09-02T04:56:33.162 ?.1113     server_start:197: Failed to start server: read-only file system: /run/user/1000/nvim.1113.0
WRN 2026-09-02T04:56:34.472 ui.1112    tui_stop:658: TUI: timed out waiting for DA1 response
WRN 2026-09-02T04:56:34.489 ?.1115     server_start:197: Failed to start server: read-only file system: /run/user/1000/nvim.1115.0
WRN 2026-09-02T04:56:35.798 ui.1114    tui_stop:658: TUI: timed out waiting for DA1 response
WRN 2026-09-02T04:56:36.878 ?.1255     server_start:197: Failed to start server: read-only file system: /run/user/1000/nvim.1255.0
WRN 2026-09-02T04:56:44.106 ui.1254    tui_stop:658: TUI: timed out waiting for DA1 response
WRN 2026-09-02T04:56:44.123 ?.1257     server_start:197: Failed to start server: read-only file system: /run/user/1000/nvim.1257.0
WRN 2026-09-02T04:56:51.350 ui.1256    tui_stop:658: TUI: timed out waiting for DA1 response
WRN 2026-09-02T04:56:51.367 ?.1259     server_start:197: Failed to start server: read-only file system: /run/user/1000/nvim.1259.0
WRN 2026-09-02T04:56:58.595 ui.1258    tui_stop:658: TUI: timed out waiting for DA1 response
WRN 2026-09-02T04:56:58.612 ?.1261     server_start:197: Failed to start server: read-only file system: /run/user/1000/nvim.1261.0
WRN 2026-09-02T04:57:05.842 ui.1260    tui_stop:658: TUI: timed out waiting for DA1 response
WRN 2026-09-02T04:57:05.858 ?.1263     server_start:197: Failed to start server: read-only file system: /run/user/1000/nvim.1263.0
WRN 2026-09-02T04:57:13.087 ui.1262    tui_stop:658: TUI: timed out waiting for DA1 response
WRN 2026-09-02T04:57:14.188 ?.1400     server_start:197: Failed to start server: read-only file system: /run/user/1000/nvim.1400.0
WRN 2026-09-02T04:57:15.415 ui.1399    tui_stop:658: TUI: timed out waiting for DA1 response
WRN 2026-09-02T04:57:15.431 ?.1402     server_start:197: Failed to start server: read-only file system: /run/user/1000/nvim.1402.0
WRN 2026-09-02T04:57:16.659 ui.1401    tui_stop:658: TUI: timed out waiting for DA1 response
WRN 2026-09-02T04:57:16.676 ?.1404     server_start:197: Failed to start server: read-only file system: /run/user/1000/nvim.1404.0
WRN 2026-09-02T04:57:17.903 ui.1403    tui_stop:658: TUI: timed out waiting for DA1 response
WRN 2026-09-02T04:57:17.920 ?.1406     server_start:197: Failed to start server: read-only file system: /run/user/1000/nvim.1406.0
WRN 2026-09-02T04:57:19.147 ui.1405    tui_stop:658: TUI: timed out waiting for DA1 response
WRN 2026-09-02T04:57:19.164 ?.1408     server_start:197: Failed to start server: read-only file system: /run/user/1000/nvim.1408.0
WRN 2026-09-02T04:57:20.391 ui.1407    tui_stop:658: TUI: timed out waiting for DA1 response
WRN 2026-09-02T04:57:21.442 ?.1548     server_start:197: Failed to start server: read-only file system: /run/user/1000/nvim.1548.0
WRN 2026-09-02T04:57:28.672 ui.1547    tui_stop:658: TUI: timed out waiting for DA1 response
WRN 2026-09-02T04:57:28.688 ?.1550     server_start:197: Failed to start server: read-only file system: /run/user/1000/nvim.1550.0
WRN 2026-09-02T04:57:35.916 ui.1549    tui_stop:658: TUI: timed out waiting for DA1 response
WRN 2026-09-02T04:57:35.933 ?.1552     server_start:197: Failed to start server: read-only file system: /run/user/1000/nvim.1552.0
WRN 2026-09-02T04:57:43.161 ui.1551    tui_stop:658: TUI: timed out waiting for DA1 response
WRN 2026-09-02T04:57:43.178 ?.1554     server_start:197: Failed to start server: read-only file system: /run/user/1000/nvim.1554.0
WRN 2026-09-02T04:57:50.407 ui.1553    tui_stop:658: TUI: timed out waiting for DA1 response
WRN 2026-09-02T04:57:50.424 ?.1556     server_start:197: Failed to start server: read-only file system: /run/user/1000/nvim.1556.0
WRN 2026-09-02T04:57:57.653 ui.1555    tui_stop:658: TUI: timed out waiting for DA1 response
WRN 2026-09-02T04:57:58.704 ?.1694     server_start:197: Failed to start server: read-only file system: /run/user/1000/nvim.1694.0
WRN 2026-09-02T04:58:05.932 ui.1693    tui_stop:658: TUI: timed out waiting for DA1 response
WRN 2026-09-02T04:58:05.949 ?.1696     server_start:197: Failed to start server: read-only file system: /run/user/1000/nvim.1696.0
WRN 2026-09-02T04:58:13.178 ui.1695    tui_stop:658: TUI: timed out waiting for DA1 response
WRN 2026-09-02T04:58:13.195 ?.1698     server_start:197: Failed to start server: read-only file system: /run/user/1000/nvim.1698.0
WRN 2026-09-02T04:58:20.423 ui.1697    tui_stop:658: TUI: timed out waiting for DA1 response
WRN 2026-09-02T04:58:20.440 ?.1700     server_start:197: Failed to start server: read-only file system: /run/user/1000/nvim.1700.0
WRN 2026-09-02T04:58:27.670 ui.1699    tui_stop:658: TUI: timed out waiting for DA1 response
WRN 2026-09-02T04:58:27.687 ?.1702     server_start:197: Failed to start server: read-only file system: /run/user/1000/nvim.1702.0
WRN 2026-09-02T04:58:34.916 ui.1701    tui_stop:658: TUI: timed out waiting for DA1 response
WRN 2026-09-02T04:58:36.064 ?.1841     server_start:197: Failed to start server: read-only file system: /run/user/1000/nvim.1841.0
WRN 2026-09-02T04:58:37.291 ui.1840    tui_stop:658: TUI: timed out waiting for DA1 response
WRN 2026-09-02T04:58:37.308 ?.1843     server_start:197: Failed to start server: read-only file system: /run/user/1000/nvim.1843.0
WRN 2026-09-02T04:58:38.535 ui.1842    tui_stop:658: TUI: timed out waiting for DA1 response
WRN 2026-09-02T04:58:38.551 ?.1845     server_start:197: Failed to start server: read-only file system: /run/user/1000/nvim.1845.0
WRN 2026-09-02T04:58:39.778 ui.1844    tui_stop:658: TUI: timed out waiting for DA1 response
WRN 2026-09-02T04:58:39.795 ?.1847     server_start:197: Failed to start server: read-only file system: /run/user/1000/nvim.1847.0
WRN 2026-09-02T04:58:41.022 ui.1846    tui_stop:658: TUI: timed out waiting for DA1 response
WRN 2026-09-02T04:58:41.039 ?.1849     server_start:197: Failed to start server: read-only file system: /run/user/1000/nvim.1849.0
WRN 2026-09-02T04:58:42.266 ui.1848    tui_stop:658: TUI: timed out waiting for DA1 response
WRN 2026-09-02T04:58:43.304 ?.1988     server_start:197: Failed to start server: read-only file system: /run/user/1000/nvim.1988.0
WRN 2026-09-02T04:58:50.534 ui.1987    tui_stop:658: TUI: timed out waiting for DA1 response
WRN 2026-09-02T04:58:50.551 ?.1990     server_start:197: Failed to start server: read-only file system: /run/user/1000/nvim.1990.0
WRN 2026-09-02T04:58:57.780 ui.1989    tui_stop:658: TUI: timed out waiting for DA1 response
WRN 2026-09-02T04:58:57.797 ?.1992     server_start:197: Failed to start server: read-only file system: /run/user/1000/nvim.1992.0
WRN 2026-09-02T04:59:05.029 ui.1991    tui_stop:658: TUI: timed out waiting for DA1 response
WRN 2026-09-02T04:59:05.045 ?.1994     server_start:197: Failed to start server: read-only file system: /run/user/1000/nvim.1994.0
WRN 2026-09-02T04:59:12.277 ui.1993    tui_stop:658: TUI: timed out waiting for DA1 response
WRN 2026-09-02T04:59:12.293 ?.1996     server_start:197: Failed to start server: read-only file system: /run/user/1000/nvim.1996.0
WRN 2026-09-02T04:59:19.526 ui.1995    tui_stop:658: TUI: timed out waiting for DA1 response
WRN 2026-09-02T04:59:20.575 ?.2134     server_start:197: Failed to start server: read-only file system: /run/user/1000/nvim.2134.0
WRN 2026-09-02T04:59:21.804 ui.2133    tui_stop:658: TUI: timed out waiting for DA1 response
WRN 2026-09-02T04:59:21.820 ?.2136     server_start:197: Failed to start server: read-only file system: /run/user/1000/nvim.2136.0
WRN 2026-09-02T04:59:23.049 ui.2135    tui_stop:658: TUI: timed out waiting for DA1 response
WRN 2026-09-02T04:59:23.065 ?.2138     server_start:197: Failed to start server: read-only file system: /run/user/1000/nvim.2138.0
WRN 2026-09-02T04:59:24.294 ui.2137    tui_stop:658: TUI: timed out waiting for DA1 response
WRN 2026-09-02T04:59:24.311 ?.2140     server_start:197: Failed to start server: read-only file system: /run/user/1000/nvim.2140.0
WRN 2026-09-02T04:59:25.539 ui.2139    tui_stop:658: TUI: timed out waiting for DA1 response
WRN 2026-09-02T04:59:25.555 ?.2142     server_start:197: Failed to start server: read-only file system: /run/user/1000/nvim.2142.0
WRN 2026-09-02T04:59:26.785 ui.2141    tui_stop:658: TUI: timed out waiting for DA1 response
WRN 2026-09-02T04:59:27.853 ?.2281     server_start:197: Failed to start server: read-only file system: /run/user/1000/nvim.2281.0
WRN 2026-09-02T04:59:35.081 ui.2280    tui_stop:658: TUI: timed out waiting for DA1 response
WRN 2026-09-02T04:59:35.098 ?.2283     server_start:197: Failed to start server: read-only file system: /run/user/1000/nvim.2283.0
WRN 2026-09-02T04:59:42.326 ui.2282    tui_stop:658: TUI: timed out waiting for DA1 response
WRN 2026-09-02T04:59:42.343 ?.2285     server_start:197: Failed to start server: read-only file system: /run/user/1000/nvim.2285.0
WRN 2026-09-02T04:59:49.573 ui.2284    tui_stop:658: TUI: timed out waiting for DA1 response
WRN 2026-09-02T04:59:49.589 ?.2287     server_start:197: Failed to start server: read-only file system: /run/user/1000/nvim.2287.0
WRN 2026-09-02T04:59:56.818 ui.2286    tui_stop:658: TUI: timed out waiting for DA1 response
WRN 2026-09-02T04:59:56.836 ?.2289     server_start:197: Failed to start server: read-only file system: /run/user/1000/nvim.2289.0
WRN 2026-09-02T05:00:04.064 ui.2288    tui_stop:658: TUI: timed out waiting for DA1 response
WRN 2026-09-02T05:00:05.104 ?.2428     server_start:197: Failed to start server: read-only file system: /run/user/1000/nvim.2428.0
WRN 2026-09-02T05:00:12.332 ui.2427    tui_stop:658: TUI: timed out waiting for DA1 response
WRN 2026-09-02T05:00:12.349 ?.2430     server_start:197: Failed to start server: read-only file system: /run/user/1000/nvim.2430.0
WRN 2026-09-02T05:00:19.576 ui.2429    tui_stop:658: TUI: timed out waiting for DA1 response
WRN 2026-09-02T05:00:19.594 ?.2432     server_start:197: Failed to start server: read-only file system: /run/user/1000/nvim.2432.0
WRN 2026-09-02T05:00:26.822 ui.2431    tui_stop:658: TUI: timed out waiting for DA1 response
WRN 2026-09-02T05:00:26.839 ?.2434     server_start:197: Failed to start server: read-only file system: /run/user/1000/nvim.2434.0
WRN 2026-09-02T05:00:34.066 ui.2433    tui_stop:658: TUI: timed out waiting for DA1 response
WRN 2026-09-02T05:00:34.083 ?.2436     server_start:197: Failed to start server: read-only file system: /run/user/1000/nvim.2436.0
WRN 2026-09-02T05:00:41.311 ui.2435    tui_stop:658: TUI: timed out waiting for DA1 response
WRN 2026-09-02T05:00:41.979 ?.2468     server_start:197: Failed to start server: read-only file system: /run/user/1000/nvim.2468.0
WRN 2026-09-02T05:00:49.214 ui.2467    tui_stop:658: TUI: timed out waiting for DA1 response
WRN 2026-09-02T05:00:49.231 ?.2470     server_start:197: Failed to start server: read-only file system: /run/user/1000/nvim.2470.0
WRN 2026-09-02T05:00:56.465 ui.2469    tui_stop:658: TUI: timed out waiting for DA1 response
WRN 2026-09-02T05:00:56.482 ?.2472     server_start:197: Failed to start server: read-only file system: /run/user/1000/nvim.2472.0
WRN 2026-09-02T05:01:03.718 ui.2471    tui_stop:658: TUI: timed out waiting for DA1 response
WRN 2026-09-02T05:01:03.737 ?.2474     server_start:197: Failed to start server: read-only file system: /run/user/1000/nvim.2474.0
WRN 2026-09-02T05:01:10.972 ui.2473    tui_stop:658: TUI: timed out waiting for DA1 response
WRN 2026-09-02T05:01:10.989 ?.2476     server_start:197: Failed to start server: read-only file system: /run/user/1000/nvim.2476.0
WRN 2026-09-02T05:01:18.224 ui.2475    tui_stop:658: TUI: timed out waiting for DA1 response
WRN 2026-09-02T05:01:18.891 ?.2508     server_start:197: Failed to start server: read-only file system: /run/user/1000/nvim.2508.0
WRN 2026-09-02T05:01:20.123 ui.2507    tui_stop:658: TUI: timed out waiting for DA1 response
WRN 2026-09-02T05:01:20.140 ?.2510     server_start:197: Failed to start server: read-only file system: /run/user/1000/nvim.2510.0
WRN 2026-09-02T05:01:21.373 ui.2509    tui_stop:658: TUI: timed out waiting for DA1 response
WRN 2026-09-02T05:01:21.390 ?.2512     server_start:197: Failed to start server: read-only file system: /run/user/1000/nvim.2512.0
WRN 2026-09-02T05:01:22.623 ui.2511    tui_stop:658: TUI: timed out waiting for DA1 response
WRN 2026-09-02T05:01:22.640 ?.2514     server_start:197: Failed to start server: read-only file system: /run/user/1000/nvim.2514.0
WRN 2026-09-02T05:01:23.873 ui.2513    tui_stop:658: TUI: timed out waiting for DA1 response
WRN 2026-09-02T05:01:23.890 ?.2516     server_start:197: Failed to start server: read-only file system: /run/user/1000/nvim.2516.0
WRN 2026-09-02T05:01:25.124 ui.2515    tui_stop:658: TUI: timed out waiting for DA1 response
WRN 2026-09-02T05:01:25.809 ?.2548     server_start:197: Failed to start server: read-only file system: /run/user/1000/nvim.2548.0
WRN 2026-09-02T05:01:27.045 ui.2547    tui_stop:658: TUI: timed out waiting for DA1 response
WRN 2026-09-02T05:01:27.062 ?.2550     server_start:197: Failed to start server: read-only file system: /run/user/1000/nvim.2550.0
WRN 2026-09-02T05:01:28.297 ui.2549    tui_stop:658: TUI: timed out waiting for DA1 response
WRN 2026-09-02T05:01:28.314 ?.2552     server_start:197: Failed to start server: read-only file system: /run/user/1000/nvim.2552.0
WRN 2026-09-02T05:01:29.550 ui.2551    tui_stop:658: TUI: timed out waiting for DA1 response
WRN 2026-09-02T05:01:29.566 ?.2554     server_start:197: Failed to start server: read-only file system: /run/user/1000/nvim.2554.0
WRN 2026-09-02T05:01:30.802 ui.2553    tui_stop:658: TUI: timed out waiting for DA1 response
WRN 2026-09-02T05:01:30.819 ?.2556     server_start:197: Failed to start server: read-only file system: /run/user/1000/nvim.2556.0
WRN 2026-09-02T05:01:32.054 ui.2555    tui_stop:658: TUI: timed out waiting for DA1 response
WRN 2026-09-02T05:01:32.732 ?.2588     server_start:197: Failed to start server: read-only file system: /run/user/1000/nvim.2588.0
WRN 2026-09-02T05:01:33.971 ui.2587    tui_stop:658: TUI: timed out waiting for DA1 response
WRN 2026-09-02T05:01:33.987 ?.2590     server_start:197: Failed to start server: read-only file system: /run/user/1000/nvim.2590.0
WRN 2026-09-02T05:01:35.225 ui.2589    tui_stop:658: TUI: timed out waiting for DA1 response
WRN 2026-09-02T05:01:35.241 ?.2592     server_start:197: Failed to start server: read-only file system: /run/user/1000/nvim.2592.0
WRN 2026-09-02T05:01:36.479 ui.2591    tui_stop:658: TUI: timed out waiting for DA1 response
WRN 2026-09-02T05:01:36.495 ?.2594     server_start:197: Failed to start server: read-only file system: /run/user/1000/nvim.2594.0
WRN 2026-09-02T05:01:37.734 ui.2593    tui_stop:658: TUI: timed out waiting for DA1 response
WRN 2026-09-02T05:01:37.750 ?.2596     server_start:197: Failed to start server: read-only file system: /run/user/1000/nvim.2596.0
WRN 2026-09-02T05:01:38.988 ui.2595    tui_stop:658: TUI: timed out waiting for DA1 response
WRN 2026-09-02T05:01:39.752 ?.2628     server_start:197: Failed to start server: read-only file system: /run/user/1000/nvim.2628.0
WRN 2026-09-02T05:01:40.988 ui.2627    tui_stop:658: TUI: timed out waiting for DA1 response
WRN 2026-09-02T05:01:41.005 ?.2630     server_start:197: Failed to start server: read-only file system: /run/user/1000/nvim.2630.0
WRN 2026-09-02T05:01:42.241 ui.2629    tui_stop:658: TUI: timed out waiting for DA1 response
WRN 2026-09-02T05:01:42.258 ?.2632     server_start:197: Failed to start server: read-only file system: /run/user/1000/nvim.2632.0
WRN 2026-09-02T05:01:43.495 ui.2631    tui_stop:658: TUI: timed out waiting for DA1 response
WRN 2026-09-02T05:01:43.512 ?.2634     server_start:197: Failed to start server: read-only file system: /run/user/1000/nvim.2634.0
WRN 2026-09-02T05:01:44.748 ui.2633    tui_stop:658: TUI: timed out waiting for DA1 response
WRN 2026-09-02T05:01:44.764 ?.2636     server_start:197: Failed to start server: read-only file system: /run/user/1000/nvim.2636.0
WRN 2026-09-02T05:01:46.001 ui.2635    tui_stop:658: TUI: timed out waiting for DA1 response
