loop: blame=false active=true hold=113835539 move_ms=0 now=113835539 cursor=0
loop: blame=false active=true hold=113835845 move_ms=0 now=113835845 cursor=0
maybeLoadBlame: stale=true branch=master
 path=/tmp/oz_e2e_1378_1.txt
maybeLoadBlame: stale=true branch=master
 path=/tmp/oz_e2e_1378_1.txt
loop: blame=false active=true hold=113836152 move_ms=0 now=113836152 cursor=0
maybeLoadBlame: stale=true branch=master
 path=/tmp/oz_e2e_1378_2.txt
maybeLoadBlame: stale=true branch=master
 path=/tmp/oz_e2e_1378_2.txt
loop: blame=false active=true hold=113836460 move_ms=0 now=113836460 cursor=0
loop: blame=false active=true hold=113836766 move_ms=0 now=113836766 cursor=0
maybeLoadBlame: stale=true branch=master
 path=/tmp/oz e2e sp 1378 4.txt
maybeLoadBlame: stale=true branch=master
 path=/tmp/oz e2e sp 1378 4.txt
loop: blame=false active=true hold=113837074 move_ms=0 now=113837074 cursor=0
maybeLoadBlame: stale=true branch=master
 path=/tmp/oz_e2e_1378_5th.txt
maybeLoadBlame: stale=true branch=master
 path=/tmp/oz_e2e_1378_5th.txt
loop: blame=false active=true hold=113837382 move_ms=0 now=113837382 cursor=0
maybeLoadBlame: stale=true branch=master
 path=/tmp/oz_e2e_1378_6thp.txt
maybeLoadBlame: stale=true branch=master
 path=/tmp/oz_e2e_1378_6thp.txt
loop: blame=false active=true hold=113837691 move_ms=0 now=113837691 cursor=0
maybeLoadBlame: stale=true branch=master
 path=/tmp/oz_e2e_1378_7.txt
maybeLoadBlame: stale=true branch=master
 path=/tmp/oz_e2e_1378_7.txt
loop: blame=false active=true hold=113837998 move_ms=0 now=113837998 cursor=0
maybeLoadBlame: stale=true branch=master
 path=/tmp/oz_e2e_1378_8.txt
maybeLoadBlame: stale=true branch=master
 path=/tmp/oz_e2e_1378_8.txt
loop: blame=false active=true hold=113838306 move_ms=0 now=113838306 cursor=0
maybeLoadBlame: stale=true branch=master
 path=/tmp/oz_e2e_1378_9search.txt
maybeLoadBlame: stale=true branch=master
 path=/tmp/oz_e2e_1378_9search.txt
loop: blame=false active=true hold=113838614 move_ms=0 now=113838614 cursor=0
maybeLoadBlame: stale=true branch=master
 path=/tmp/oz_e2e_1378_10.txt
maybeLoadBlame: stale=true branch=master
 path=/tmp/oz_e2e_1378_10.txt
loop: blame=false active=true hold=113838923 move_ms=0 now=113838923 cursor=0
maybeLoadBlame: stale=true branch=master
 path=/tmp/oz_e2e_1378_11.txt
maybeLoadBlame: stale=true branch=master
 path=/tmp/oz_e2e_1378_11.txt
loop: blame=false active=true hold=113839231 move_ms=0 now=113839231 cursor=0
maybeLoadBlame: stale=true branch=master
 path=/tmp/oz_e2e_1378.zig
maybeLoadBlame: stale=true branch=master
 path=/tmp/oz_e2e_1378.zig
loop: blame=false active=true hold=113839590 move_ms=0 now=113839590 cursor=0
loop: blame=false active=true hold=113839897 move_ms=0 now=113839897 cursor=0
maybeLoadBlame: stale=true branch=master
 path=/tmp/oz_e2e_1378_13.txt
maybeLoadBlame: stale=true branch=master
 path=/tmp/oz_e2e_1378_13.txt
loop: blame=false active=true hold=113840208 move_ms=0 now=113840208 cursor=0
maybeLoadBlame: stale=true branch=master
 path=/tmp/oz_e2e_1378_14.txt
maybeLoadBlame: stale=true branch=master
 path=/tmp/oz_e2e_1378_14.txt
loop: blame=false active=true hold=113840516 move_ms=0 now=113840516 cursor=0
maybeLoadBlame: stale=true branch=master
 path=/tmp/oz_e2e_1378_15.txt
maybeLoadBlame: stale=true branch=master
 path=/tmp/oz_e2e_1378_15.txt
loop: blame=false active=true hold=113840823 move_ms=0 now=113840823 cursor=0
loop: blame=false active=true hold=113841130 move_ms=0 now=113841130 cursor=0
maybeLoadBlame: stale=true branch=master
 path=/tmp/oz_e2e_1378_17.txt
maybeLoadBlame: stale=true branch=master
 path=/tmp/oz_e2e_1378_17.txt
loop: blame=false active=true hold=113841440 move_ms=0 now=113841440 cursor=0
loop: blame=false active=true hold=113841746 move_ms=0 now=113841746 cursor=0
loop: blame=false active=true hold=113842053 move_ms=0 now=113842053 cursor=0
maybeLoadBlame: stale=true branch=master
 path=/tmp/oz_e2e_1378_19.txt
maybeLoadBlame: stale=true branch=master
 path=/tmp/oz_e2e_1378_19.txt
maybeLoadBlame: stale=true branch=master
 path=/home/leoz/sources/oz/test/e2e.zig
maybeLoadBlame: stale=true branch=master
 path=/home/leoz/sources/oz/test/e2e.zig
blame consumed: out=5611461B parsed=true
loop: blame=true active=true hold=978 move_ms=113842075 now=113843053 cursor=95781
ghost cond: active=true mode=.normal blame=true hold=1000 line=2573 pathMatch=true cursor=95781
ghost cond: active=true mode=.normal blame=true hold=1000 line=2573 pathMatch=true cursor=95781
ghost cond: active=true mode=.normal blame=true hold=6002 line=2573 pathMatch=true cursor=95781
loop: blame=false active=true hold=113848382 move_ms=0 now=113848382 cursor=0
maybeLoadBlame: stale=true branch=master
 path=/tmp/oz_e2e_1378_20g.txt
maybeLoadBlame: stale=true branch=master
 path=/tmp/oz_e2e_1378_20g.txt
maybeLoadBlame: stale=true branch=master
 path=/home/leoz/sources/oz/patches/vaxis-Screen.zig
maybeLoadBlame: stale=true branch=master
 path=/home/leoz/sources/oz/patches/vaxis-Screen.zig
loop: blame=false active=true hold=113848865 move_ms=0 now=113848865 cursor=0
maybeLoadBlame: stale=true branch=master
 path=/tmp/oz_e2e_1378_21.txt
maybeLoadBlame: stale=true branch=master
 path=/tmp/oz_e2e_1378_21.txt
loop: blame=false active=true hold=113849175 move_ms=0 now=113849175 cursor=0
loop: blame=false active=true hold=113849482 move_ms=0 now=113849482 cursor=0
maybeLoadBlame: stale=true branch=master
 path=/tmp/oz_e2e_1378_24b.txt
loop: blame=false active=true hold=113849790 move_ms=0 now=113849790 cursor=0
maybeLoadBlame: stale=true branch=master
 path=/tmp/oz_e2e_1378_26pb.txt
loop: blame=false active=true hold=113850098 move_ms=0 now=113850098 cursor=0
maybeLoadBlame: stale=true branch=master
 path=/tmp/oz_e2e_1378_28kb.txt
maybeLoadBlame: stale=true branch=master
 path=/tmp/oz_e2e_1378_28kb.txt
loop: blame=false active=true hold=113850407 move_ms=0 now=113850407 cursor=0
maybeLoadBlame: stale=true branch=master
 path=/tmp/oz_e2e_1378_29vs.txt
maybeLoadBlame: stale=true branch=master
 path=/tmp/oz_e2e_1378_29vs.txt
loop: blame=false active=true hold=113850715 move_ms=0 now=113850715 cursor=0
maybeLoadBlame: stale=true branch=master
 path=/tmp/oz_e2e_1378_30ra.txt
maybeLoadBlame: stale=true branch=master
 path=/tmp/oz_e2e_1378_30ra.txt
loop: blame=false active=true hold=113851023 move_ms=0 now=113851023 cursor=0
maybeLoadBlame: stale=true branch=master
 path=/tmp/oz_e2e_1378_32syn.zig
maybeLoadBlame: stale=true branch=master
 path=/tmp/oz_e2e_1378_32syn.zig
loop: blame=false active=true hold=113851374 move_ms=0 now=113851374 cursor=0
maybeLoadBlame: stale=true branch=master
 path=/tmp/oz_e2e_1378_33drift.zig
maybeLoadBlame: stale=true branch=master
 path=/tmp/oz_e2e_1378_33drift.zig
loop: blame=false active=true hold=113851753 move_ms=0 now=113851753 cursor=0
loop: blame=false active=true hold=113852060 move_ms=0 now=113852060 cursor=0
maybeLoadBlame: stale=true branch=master
 path=/tmp/oz_e2e_1378_35vis.zig
maybeLoadBlame: stale=true branch=master
 path=/tmp/oz_e2e_1378_35vis.zig
loop: blame=false active=true hold=113852881 move_ms=0 now=113852881 cursor=0
maybeLoadBlame: stale=true branch=master
 path=/tmp/oz_e2e_1378_36.zig
maybeLoadBlame: stale=true branch=master
 path=/tmp/oz_e2e_1378_36.zig
loop: blame=false active=true hold=113853491 move_ms=0 now=113853491 cursor=0
maybeLoadBlame: stale=true branch=master
 path=/tmp/oz_e2e_1378_37.zig
maybeLoadBlame: stale=true branch=master
 path=/tmp/oz_e2e_1378_37.zig
loop: blame=false active=true hold=113854102 move_ms=0 now=113854102 cursor=0
maybeLoadBlame: stale=true branch=master
 path=/tmp/oz_e2e_1378_38.txt
maybeLoadBlame: stale=true branch=master
 path=/tmp/oz_e2e_1378_38.txt
loop: blame=false active=true hold=113854411 move_ms=0 now=113854411 cursor=0
loop: blame=false active=true hold=113854718 move_ms=0 now=113854718 cursor=0
maybeLoadBlame: stale=true branch=master
 path=/tmp/oz_e2e_1378_40blkc.txt
maybeLoadBlame: stale=true branch=master
 path=/tmp/oz_e2e_1378_40blkc.txt
loop: blame=false active=true hold=113855025 move_ms=0 now=113855025 cursor=0
maybeLoadBlame: stale=true branch=master
 path=/tmp/oz_e2e_1378_41.txt
maybeLoadBlame: stale=true branch=master
 path=/tmp/oz_e2e_1378_41.txt
loop: blame=false active=true hold=113855334 move_ms=0 now=113855334 cursor=0
maybeLoadBlame: stale=true branch=master
 path=/tmp/oz_e2e_1378_42.txt
maybeLoadBlame: stale=true branch=master
 path=/tmp/oz_e2e_1378_42.txt
loop: blame=false active=true hold=113855642 move_ms=0 now=113855642 cursor=0
maybeLoadBlame: stale=true branch=master
 path=/tmp/oz_e2e_1378_43f.txt
maybeLoadBlame: stale=true branch=master
 path=/tmp/oz_e2e_1378_43f.txt
loop: blame=false active=true hold=113855951 move_ms=0 now=113855951 cursor=0
maybeLoadBlame: stale=true branch=master
 path=/tmp/oz_e2e_1378_44p.txt
maybeLoadBlame: stale=true branch=master
 path=/tmp/oz_e2e_1378_44p.txt
loop: blame=false active=true hold=113856259 move_ms=0 now=113856259 cursor=0
maybeLoadBlame: stale=true branch=master
 path=/tmp/oz_e2e_1378_45vl.txt
maybeLoadBlame: stale=true branch=master
 path=/tmp/oz_e2e_1378_45vl.txt
loop: blame=false active=true hold=113856567 move_ms=0 now=113856567 cursor=0
maybeLoadBlame: stale=true branch=master
 path=/tmp/oz_e2e_1378_46ft2.txt
maybeLoadBlame: stale=true branch=master
 path=/tmp/oz_e2e_1378_46ft2.txt
loop: blame=false active=true hold=113856877 move_ms=0 now=113856877 cursor=0
maybeLoadBlame: stale=true branch=master
 path=/tmp/oz_e2e_1378_47gta.txt
maybeLoadBlame: stale=true branch=master
 path=/tmp/oz_e2e_1378_47gta.txt
loop: blame=false active=true hold=113857185 move_ms=0 now=113857185 cursor=0
loop: blame=false active=true hold=113857492 move_ms=0 now=113857492 cursor=0
loop: blame=false active=true hold=113857799 move_ms=0 now=113857799 cursor=0
loop: blame=false active=true hold=113858106 move_ms=0 now=113858106 cursor=0
maybeLoadBlame: stale=true branch=master
 path=/tmp/oz_e2e_1378_52alt.txt
maybeLoadBlame: stale=true branch=master
 path=/tmp/oz_e2e_1378_52alt.txt
loop: blame=false active=true hold=113858414 move_ms=0 now=113858414 cursor=0
maybeLoadBlame: stale=true branch=master
 path=/tmp/oz_e2e_1378_53g.txt
maybeLoadBlame: stale=true branch=master
 path=/tmp/oz_e2e_1378_53g.txt
maybeLoadBlame: stale=true branch=master
 path=/home/leoz/sources/oz/src/root.zig
maybeLoadBlame: stale=true branch=master
 path=/home/leoz/sources/oz/src/root.zig
loop: blame=false active=true hold=113858771 move_ms=0 now=113858771 cursor=0
loop: blame=false active=true hold=113859077 move_ms=0 now=113859077 cursor=0
maybeLoadBlame: stale=true branch=master
 path=/tmp/oz_e2e_1378_55vld.txt
maybeLoadBlame: stale=true branch=master
 path=/tmp/oz_e2e_1378_55vld.txt
loop: blame=false active=true hold=113859384 move_ms=0 now=113859384 cursor=0
maybeLoadBlame: stale=true branch=master
 path=/tmp/oz_e2e_1378_56vlc.txt
maybeLoadBlame: stale=true branch=master
 path=/tmp/oz_e2e_1378_56vlc.txt
loop: blame=false active=true hold=113859691 move_ms=0 now=113859691 cursor=0
maybeLoadBlame: stale=true branch=master
 path=/tmp/oz_e2e_1378_57num.txt
maybeLoadBlame: stale=true branch=master
 path=/tmp/oz_e2e_1378_57num.txt
loop: blame=false active=true hold=113859999 move_ms=0 now=113859999 cursor=0
loop: blame=false active=true hold=113860305 move_ms=0 now=113860305 cursor=0
maybeLoadBlame: stale=true branch=master
 path=/tmp/oz_e2e_1378_59colb.txt
maybeLoadBlame: stale=true branch=master
 path=/tmp/oz_e2e_1378_59colb.txt
loop: blame=false active=true hold=113860612 move_ms=0 now=113860612 cursor=0
loop: blame=false active=true hold=113860918 move_ms=0 now=113860918 cursor=0
loop: blame=false active=true hold=113861225 move_ms=0 now=113861225 cursor=0
maybeLoadBlame: stale=true branch=master
 path=/tmp/oz_e2e_1378_62cnt.txt
maybeLoadBlame: stale=true branch=master
 path=/tmp/oz_e2e_1378_62cnt.txt
loop: blame=false active=true hold=113861533 move_ms=0 now=113861533 cursor=0
maybeLoadBlame: stale=true branch=master
 path=/tmp/oz_e2e_1378_63mc.txt
maybeLoadBlame: stale=true branch=master
 path=/tmp/oz_e2e_1378_63mc.txt
loop: blame=false active=true hold=113861841 move_ms=0 now=113861841 cursor=0
maybeLoadBlame: stale=true branch=master
 path=/tmp/oz_e2e_1378_64mcscroll.txt
maybeLoadBlame: stale=true branch=master
 path=/tmp/oz_e2e_1378_64mcscroll.txt
loop: blame=false active=true hold=113862149 move_ms=0 now=113862149 cursor=0
loop: blame=false active=true hold=113862459 move_ms=0 now=113862459 cursor=0
loop: blame=false active=true hold=113862765 move_ms=0 now=113862765 cursor=0
maybeLoadBlame: stale=true branch=master
 path=/home/leoz/sources/oz/build.zig
maybeLoadBlame: stale=true branch=master
 path=/home/leoz/sources/oz/build.zig
maybeLoadBlame: stale=true branch=master
 path=/home/leoz/sources/oz/README.md
maybeLoadBlame: stale=true branch=master
 path=/home/leoz/sources/oz/README.md
blame consumed: out=15464B parsed=true
ghost cond: active=true mode=.normal blame=true hold=113862823 line=0 pathMatch=true cursor=0
ghost cond: active=true mode=.normal blame=true hold=113862873 line=0 pathMatch=true cursor=0
ghost cond: active=true mode=.normal blame=true hold=113862924 line=0 pathMatch=true cursor=0
ghost cond: active=true mode=.normal blame=true hold=113862974 line=0 pathMatch=true cursor=0
ghost cond: active=true mode=.normal blame=true hold=113863025 line=0 pathMatch=true cursor=0
ghost cond: active=true mode=.normal blame=true hold=113863076 line=0 pathMatch=true cursor=0
ghost cond: active=true mode=.normal blame=true hold=113863174 line=0 pathMatch=true cursor=0
maybeLoadBlame: stale=true branch=master
 path=/home/leoz/sources/oz/src/buffer/ops.zig
maybeLoadBlame: stale=true branch=master
 path=/home/leoz/sources/oz/src/buffer/ops.zig
ghost cond: active=true mode=.normal blame=true hold=113863175 line=0 pathMatch=true cursor=0
ghost cond: active=true mode=.normal blame=true hold=113863176 line=0 pathMatch=true cursor=0
loop: blame=false active=true hold=113863480 move_ms=0 now=113863480 cursor=0
maybeLoadBlame: stale=true branch=master
 path=/tmp/oz_e2e_1378_67ud1.txt
maybeLoadBlame: stale=true branch=master
 path=/tmp/oz_e2e_1378_67ud1.txt
loop: blame=false active=true hold=113863788 move_ms=0 now=113863788 cursor=0
maybeLoadBlame: stale=true branch=master
 path=/tmp/oz_e2e_1378_68ud2.txt
maybeLoadBlame: stale=true branch=master
 path=/tmp/oz_e2e_1378_68ud2.txt
loop: blame=false active=true hold=113864095 move_ms=0 now=113864095 cursor=0
maybeLoadBlame: stale=true branch=master
 path=/tmp/oz_e2e_1378_69dd.txt
maybeLoadBlame: stale=true branch=master
 path=/tmp/oz_e2e_1378_69dd.txt
loop: blame=false active=true hold=113864402 move_ms=0 now=113864402 cursor=0
loop: blame=false active=true hold=113864709 move_ms=0 now=113864709 cursor=0
loop: blame=false active=true hold=113865015 move_ms=0 now=113865015 cursor=0
maybeLoadBlame: stale=true branch=master
 path=/tmp/oz_e2e_1378_72yank.txt
maybeLoadBlame: stale=true branch=master
 path=/tmp/oz_e2e_1378_72yank.txt
loop: blame=false active=true hold=113865324 move_ms=0 now=113865324 cursor=0
maybeLoadBlame: stale=true branch=master
 path=/tmp/oz_e2e_1378_73xp.txt
maybeLoadBlame: stale=true branch=master
 path=/tmp/oz_e2e_1378_73xp.txt
loop: blame=false active=true hold=113865631 move_ms=0 now=113865631 cursor=0
maybeLoadBlame: stale=true branch=master
 path=/tmp/oz_e2e_1378_74foc.txt
maybeLoadBlame: stale=true branch=master
 path=/tmp/oz_e2e_1378_74foc.txt
loop: blame=false active=true hold=113865942 move_ms=0 now=113865942 cursor=0
maybeLoadBlame: stale=true branch=master
 path=/tmp/oz_e2e_1378_75comp.txt
maybeLoadBlame: stale=true branch=master
 path=/tmp/oz_e2e_1378_75comp.txt
loop: blame=false active=true hold=113866249 move_ms=0 now=113866249 cursor=0
maybeLoadBlame: stale=true branch=master
 path=/tmp/oz_e2e_1378_76compc.txt
maybeLoadBlame: stale=true branch=master
 path=/tmp/oz_e2e_1378_76compc.txt
loop: blame=false active=true hold=113866558 move_ms=0 now=113866558 cursor=0
maybeLoadBlame: stale=true branch=master
 path=/tmp/oz_e2e_1378_77compn.txt
maybeLoadBlame: stale=true branch=master
 path=/tmp/oz_e2e_1378_77compn.txt
loop: blame=false active=true hold=1203 move_ms=113866559 now=113867762 cursor=34
loop: blame=false active=true hold=113868068 move_ms=0 now=113868068 cursor=0
maybeLoadBlame: stale=true branch=master
 path=/tmp/oz_e2e_1378_78jcol.zig
maybeLoadBlame: stale=true branch=master
 path=/tmp/oz_e2e_1378_78jcol.zig
loop: blame=false active=true hold=113868425 move_ms=0 now=113868425 cursor=0
maybeLoadBlame: stale=true branch=master
 path=/tmp/oz_e2e_1378_79win.txt
maybeLoadBlame: stale=true branch=master
 path=/tmp/oz_e2e_1378_79win.txt
loop: blame=false active=true hold=113868734 move_ms=0 now=113868734 cursor=0
maybeLoadBlame: stale=true branch=master
 path=/tmp/oz_e2e_1378_80winsp.txt
maybeLoadBlame: stale=true branch=master
 path=/tmp/oz_e2e_1378_80winsp.txt
loop: blame=false active=true hold=113869041 move_ms=0 now=113869041 cursor=0
maybeLoadBlame: stale=true branch=master
 path=/tmp/ozfz_1378_81/a.txt
maybeLoadBlame: stale=true branch=master
 path=/tmp/ozfz_1378_81/a.txt
loop: blame=false active=true hold=0 move_ms=113870245 now=113870245 cursor=3
loop: blame=false active=true hold=1202 move_ms=113870245 now=113871447 cursor=3
loop: blame=false active=true hold=2403 move_ms=113870245 now=113872648 cursor=3
loop: blame=false active=true hold=3604 move_ms=113870245 now=113873849 cursor=3
loop: blame=false active=true hold=4805 move_ms=113870245 now=113875050 cursor=3
loop: blame=false active=true hold=6007 move_ms=113870245 now=113876252 cursor=3
loop: blame=false active=true hold=7208 move_ms=113870245 now=113877453 cursor=3
loop: blame=false active=true hold=8409 move_ms=113870245 now=113878654 cursor=3
loop: blame=false active=true hold=9611 move_ms=113870245 now=113879856 cursor=3
loop: blame=false active=true hold=10812 move_ms=113870245 now=113881057 cursor=3
loop: blame=false active=true hold=12013 move_ms=113870245 now=113882258 cursor=3
loop: blame=false active=true hold=13214 move_ms=113870245 now=113883459 cursor=3
loop: blame=false active=true hold=14416 move_ms=113870245 now=113884661 cursor=3
loop: blame=false active=true hold=15617 move_ms=113870245 now=113885862 cursor=3
loop: blame=false active=true hold=16818 move_ms=113870245 now=113887063 cursor=3
loop: blame=false active=true hold=18019 move_ms=113870245 now=113888264 cursor=3
loop: blame=false active=true hold=19221 move_ms=113870245 now=113889466 cursor=3
loop: blame=false active=true hold=20422 move_ms=113870245 now=113890667 cursor=3
loop: blame=false active=true hold=21624 move_ms=113870245 now=113891869 cursor=3
loop: blame=false active=true hold=22827 move_ms=113870245 now=113893072 cursor=3
loop: blame=false active=true hold=24031 move_ms=113870245 now=113894276 cursor=3
loop: blame=false active=true hold=25235 move_ms=113870245 now=113895480 cursor=3
loop: blame=false active=true hold=26439 move_ms=113870245 now=113896684 cursor=3
loop: blame=false active=true hold=27643 move_ms=113870245 now=113897888 cursor=3
loop: blame=false active=true hold=28846 move_ms=113870245 now=113899091 cursor=3
loop: blame=false active=true hold=30050 move_ms=113870245 now=113900295 cursor=3
loop: blame=false active=true hold=31254 move_ms=113870245 now=113901499 cursor=3
loop: blame=false active=true hold=32458 move_ms=113870245 now=113902703 cursor=3
loop: blame=false active=true hold=33663 move_ms=113870245 now=113903908 cursor=3
loop: blame=false active=true hold=34866 move_ms=113870245 now=113905111 cursor=3
loop: blame=false active=true hold=36070 move_ms=113870245 now=113906315 cursor=3
loop: blame=false active=true hold=37274 move_ms=113870245 now=113907519 cursor=3
loop: blame=false active=true hold=38478 move_ms=113870245 now=113908723 cursor=3
loop: blame=false active=true hold=39682 move_ms=113870245 now=113909927 cursor=3
loop: blame=false active=true hold=40886 move_ms=113870245 now=113911131 cursor=3
loop: blame=false active=true hold=42090 move_ms=113870245 now=113912335 cursor=3
loop: blame=false active=true hold=43294 move_ms=113870245 now=113913539 cursor=3
loop: blame=false active=true hold=44498 move_ms=113870245 now=113914743 cursor=3
loop: blame=false active=true hold=45702 move_ms=113870245 now=113915947 cursor=3
loop: blame=false active=true hold=46904 move_ms=113870245 now=113917149 cursor=3
loop: blame=false active=true hold=48105 move_ms=113870245 now=113918350 cursor=3
loop: blame=false active=true hold=49306 move_ms=113870245 now=113919551 cursor=3
loop: blame=false active=true hold=50508 move_ms=113870245 now=113920753 cursor=3
loop: blame=false active=true hold=51709 move_ms=113870245 now=113921954 cursor=3
loop: blame=false active=true hold=52910 move_ms=113870245 now=113923155 cursor=3
loop: blame=false active=true hold=54111 move_ms=113870245 now=113924356 cursor=3
loop: blame=false active=true hold=55312 move_ms=113870245 now=113925557 cursor=3
loop: blame=false active=true hold=56514 move_ms=113870245 now=113926759 cursor=3
loop: blame=false active=true hold=57715 move_ms=113870245 now=113927960 cursor=3
loop: blame=false active=true hold=58916 move_ms=113870245 now=113929161 cursor=3
loop: blame=false active=true hold=60118 move_ms=113870245 now=113930363 cursor=3
loop: blame=false active=true hold=61319 move_ms=113870245 now=113931564 cursor=3
loop: blame=false active=true hold=62520 move_ms=113870245 now=113932765 cursor=3
loop: blame=false active=true hold=63721 move_ms=113870245 now=113933966 cursor=3
loop: blame=false active=true hold=64923 move_ms=113870245 now=113935168 cursor=3
loop: blame=false active=true hold=66124 move_ms=113870245 now=113936369 cursor=3
loop: blame=false active=true hold=67325 move_ms=113870245 now=113937570 cursor=3
loop: blame=false active=true hold=68526 move_ms=113870245 now=113938771 cursor=3
loop: blame=false active=true hold=69728 move_ms=113870245 now=113939973 cursor=3
loop: blame=false active=true hold=0 move_ms=113941174 now=113941174 cursor=5
loop: blame=false active=true hold=1201 move_ms=113941174 now=113942375 cursor=5
loop: blame=false active=true hold=2402 move_ms=113941174 now=113943576 cursor=5
loop: blame=false active=true hold=3604 move_ms=113941174 now=113944778 cursor=5
loop: blame=false active=true hold=4805 move_ms=113941174 now=113945979 cursor=5
loop: blame=false active=true hold=6007 move_ms=113941174 now=113947181 cursor=5
loop: blame=false active=true hold=7208 move_ms=113941174 now=113948382 cursor=5
loop: blame=false active=true hold=8409 move_ms=113941174 now=113949583 cursor=5
loop: blame=false active=true hold=9610 move_ms=113941174 now=113950784 cursor=5
loop: blame=false active=true hold=10811 move_ms=113941174 now=113951985 cursor=5
loop: blame=false active=true hold=12013 move_ms=113941174 now=113953187 cursor=5
loop: blame=false active=true hold=13214 move_ms=113941174 now=113954388 cursor=5
loop: blame=false active=true hold=14415 move_ms=113941174 now=113955589 cursor=5
loop: blame=false active=true hold=15617 move_ms=113941174 now=113956791 cursor=5
loop: blame=false active=true hold=16819 move_ms=113941174 now=113957993 cursor=5
loop: blame=false active=true hold=113959499 move_ms=0 now=113959499 cursor=0
maybeLoadBlame: stale=true branch=master
 path=/home/leoz/sources/oz/build.zig
maybeLoadBlame: stale=true branch=master
 path=/home/leoz/sources/oz/build.zig
blame consumed: out=70902B parsed=true
ghost cond: active=true mode=.normal blame=true hold=113959551 line=0 pathMatch=true cursor=0
ghost cond: active=true mode=.normal blame=true hold=113959952 line=0 pathMatch=true cursor=0
ghost cond: active=true mode=.normal blame=true hold=113960353 line=0 pathMatch=true cursor=0
ghost cond: active=true mode=.normal blame=true hold=113960753 line=0 pathMatch=true cursor=0
loop: blame=true active=true hold=113960754 move_ms=0 now=113960754 cursor=0
ghost cond: active=true mode=.normal blame=true hold=113961154 line=0 pathMatch=true cursor=0
ghost cond: active=true mode=.normal blame=true hold=113961555 line=0 pathMatch=true cursor=0
ghost cond: active=true mode=.normal blame=true hold=113961955 line=0 pathMatch=true cursor=0
loop: blame=true active=true hold=113961956 move_ms=0 now=113961956 cursor=0
ghost cond: active=true mode=.normal blame=true hold=113962356 line=0 pathMatch=true cursor=0
ghost cond: active=true mode=.normal blame=true hold=113962757 line=0 pathMatch=true cursor=0
ghost cond: active=true mode=.normal blame=true hold=113963158 line=0 pathMatch=true cursor=0
loop: blame=true active=true hold=113963158 move_ms=0 now=113963158 cursor=0
ghost cond: active=true mode=.normal blame=true hold=113963559 line=0 pathMatch=true cursor=0
ghost cond: active=true mode=.normal blame=true hold=113963960 line=0 pathMatch=true cursor=0
ghost cond: active=true mode=.normal blame=true hold=113964361 line=0 pathMatch=true cursor=0
loop: blame=true active=true hold=113964362 move_ms=0 now=113964362 cursor=0
ghost cond: active=true mode=.normal blame=true hold=113964762 line=0 pathMatch=true cursor=0
ghost cond: active=true mode=.normal blame=true hold=113965163 line=0 pathMatch=true cursor=0
ghost cond: active=true mode=.normal blame=true hold=113965564 line=0 pathMatch=true cursor=0
loop: blame=true active=true hold=113965564 move_ms=0 now=113965564 cursor=0
ghost cond: active=true mode=.normal blame=true hold=113965965 line=0 pathMatch=true cursor=0
ghost cond: active=true mode=.normal blame=true hold=113966366 line=0 pathMatch=true cursor=0
ghost cond: active=true mode=.normal blame=true hold=113966768 line=0 pathMatch=true cursor=0
loop: blame=true active=true hold=113966768 move_ms=0 now=113966768 cursor=0
ghost cond: active=true mode=.normal blame=true hold=113967169 line=0 pathMatch=true cursor=0
ghost cond: active=true mode=.normal blame=true hold=113967570 line=0 pathMatch=true cursor=0
ghost cond: active=true mode=.normal blame=true hold=113967971 line=0 pathMatch=true cursor=0
loop: blame=true active=true hold=113967972 move_ms=0 now=113967972 cursor=0
ghost cond: active=true mode=.normal blame=true hold=113968373 line=0 pathMatch=true cursor=0
ghost cond: active=true mode=.normal blame=true hold=113968774 line=0 pathMatch=true cursor=0
ghost cond: active=true mode=.normal blame=true hold=113969176 line=0 pathMatch=true cursor=0
loop: blame=true active=true hold=113969176 move_ms=0 now=113969176 cursor=0
ghost cond: active=true mode=.normal blame=true hold=113969577 line=0 pathMatch=true cursor=0
ghost cond: active=true mode=.normal blame=true hold=113969978 line=0 pathMatch=true cursor=0
ghost cond: active=true mode=.normal blame=true hold=113970380 line=0 pathMatch=true cursor=0
loop: blame=true active=true hold=113970380 move_ms=0 now=113970380 cursor=0
ghost cond: active=true mode=.normal blame=true hold=113970782 line=0 pathMatch=true cursor=0
ghost cond: active=true mode=.normal blame=true hold=113971183 line=0 pathMatch=true cursor=0
ghost cond: active=true mode=.normal blame=true hold=113971585 line=0 pathMatch=true cursor=0
loop: blame=true active=true hold=113971585 move_ms=0 now=113971585 cursor=0
ghost cond: active=true mode=.normal blame=true hold=113971986 line=0 pathMatch=true cursor=0
ghost cond: active=true mode=.normal blame=true hold=113972387 line=0 pathMatch=true cursor=0
ghost cond: active=true mode=.normal blame=true hold=113972789 line=0 pathMatch=true cursor=0
loop: blame=true active=true hold=113972789 move_ms=0 now=113972789 cursor=0
ghost cond: active=true mode=.normal blame=true hold=113973191 line=0 pathMatch=true cursor=0
ghost cond: active=true mode=.normal blame=true hold=113973592 line=0 pathMatch=true cursor=0
ghost cond: active=true mode=.normal blame=true hold=113973994 line=0 pathMatch=true cursor=0
loop: blame=true active=true hold=113973994 move_ms=0 now=113973994 cursor=0
ghost cond: active=true mode=.normal blame=true hold=113974395 line=0 pathMatch=true cursor=0
ghost cond: active=true mode=.normal blame=true hold=113974797 line=0 pathMatch=true cursor=0
ghost cond: active=true mode=.normal blame=true hold=113975199 line=0 pathMatch=true cursor=0
loop: blame=true active=true hold=113975199 move_ms=0 now=113975199 cursor=0
ghost cond: active=true mode=.normal blame=true hold=113975600 line=0 pathMatch=true cursor=0
ghost cond: active=true mode=.normal blame=true hold=113976002 line=0 pathMatch=true cursor=0
ghost cond: active=true mode=.normal blame=true hold=113976404 line=0 pathMatch=true cursor=0
loop: blame=true active=true hold=113976405 move_ms=0 now=113976405 cursor=0
ghost cond: active=true mode=.normal blame=true hold=113976806 line=0 pathMatch=true cursor=0
ghost cond: active=true mode=.normal blame=true hold=113977208 line=0 pathMatch=true cursor=0
ghost cond: active=true mode=.normal blame=true hold=113977609 line=0 pathMatch=true cursor=0
loop: blame=true active=true hold=113977610 move_ms=0 now=113977610 cursor=0
ghost cond: active=true mode=.normal blame=true hold=113978011 line=0 pathMatch=true cursor=0
ghost cond: active=true mode=.normal blame=true hold=113978413 line=0 pathMatch=true cursor=0
ghost cond: active=true mode=.normal blame=true hold=113978815 line=0 pathMatch=true cursor=0
loop: blame=true active=true hold=113978815 move_ms=0 now=113978815 cursor=0
ghost cond: active=true mode=.normal blame=true hold=113979216 line=0 pathMatch=true cursor=0
ghost cond: active=true mode=.normal blame=true hold=113979618 line=0 pathMatch=true cursor=0
ghost cond: active=true mode=.normal blame=true hold=113980019 line=0 pathMatch=true cursor=0
loop: blame=true active=true hold=113980020 move_ms=0 now=113980020 cursor=0
ghost cond: active=true mode=.normal blame=true hold=113980421 line=0 pathMatch=true cursor=0
ghost cond: active=true mode=.normal blame=true hold=113980822 line=0 pathMatch=true cursor=0
ghost cond: active=true mode=.normal blame=true hold=113981224 line=0 pathMatch=true cursor=0
loop: blame=true active=true hold=113981224 move_ms=0 now=113981224 cursor=0
ghost cond: active=true mode=.normal blame=true hold=113981625 line=0 pathMatch=true cursor=0
ghost cond: active=true mode=.normal blame=true hold=113982027 line=0 pathMatch=true cursor=0
ghost cond: active=true mode=.normal blame=true hold=113982429 line=0 pathMatch=true cursor=0
loop: blame=true active=true hold=113982429 move_ms=0 now=113982429 cursor=0
ghost cond: active=true mode=.normal blame=true hold=113982831 line=0 pathMatch=true cursor=0
ghost cond: active=true mode=.normal blame=true hold=113983233 line=0 pathMatch=true cursor=0
ghost cond: active=true mode=.normal blame=true hold=113983635 line=0 pathMatch=true cursor=0
loop: blame=false active=true hold=113984040 move_ms=0 now=113984040 cursor=0
maybeLoadBlame: stale=true branch=master
 path=/tmp/oz_1378_82a.txt
maybeLoadBlame: stale=true branch=master
 path=/tmp/oz_1378_82a.txt
maybeLoadBlame: stale=true branch=master
 path=/tmp/oz_1378_84c.txt
loop: blame=false active=true hold=113984350 move_ms=0 now=113984350 cursor=0
maybeLoadBlame: stale=true branch=master
 path=/tmp/oz_e2e_1378_85bha.txt
maybeLoadBlame: stale=true branch=master
 path=/tmp/oz_e2e_1378_85bha.txt
loop: blame=false active=true hold=113984660 move_ms=0 now=113984660 cursor=0
maybeLoadBlame: stale=true branch=master
 path=/home/leoz/sources/oz/build.zig
maybeLoadBlame: stale=true branch=master
 path=/home/leoz/sources/oz/build.zig
blame consumed: out=70902B parsed=true
loop: blame=false active=true hold=113985022 move_ms=0 now=113985022 cursor=0
maybeLoadBlame: stale=true branch=master
 path=/home/leoz/sources/oz/build.zig
maybeLoadBlame: stale=true branch=master
 path=/home/leoz/sources/oz/build.zig
loop: blame=false active=true hold=113985436 move_ms=0 now=113985436 cursor=0
maybeLoadBlame: stale=true branch=master
 path=/tmp/oz_e2e_1378_87lsp.go
maybeLoadBlame: stale=true branch=master
 path=/tmp/oz_e2e_1378_87lsp.go
loop: blame=false active=true hold=113985801 move_ms=0 now=113985801 cursor=0
maybeLoadBlame: stale=true branch=master
 path=/tmp/oz_e2e_1378_88lspm.zig
maybeLoadBlame: stale=true branch=master
 path=/tmp/oz_e2e_1378_88lspm.zig
loop: blame=false active=true hold=113986275 move_ms=0 now=113986275 cursor=0
maybeLoadBlame: stale=true branch=master
 path=/tmp/oz_e2e_1378_89diagc.zig
maybeLoadBlame: stale=true branch=master
 path=/tmp/oz_e2e_1378_89diagc.zig
loop: blame=false active=true hold=113986650 move_ms=0 now=113986650 cursor=0
maybeLoadBlame: stale=true branch=master
 path=/tmp/oz_e2e_1378_90jksync.zig
maybeLoadBlame: stale=true branch=master
 path=/tmp/oz_e2e_1378_90jksync.zig
loop: blame=false active=true hold=113987027 move_ms=0 now=113987027 cursor=0
maybeLoadBlame: stale=true branch=master
 path=/tmp/oz_e2e_1378_91diag.zig
maybeLoadBlame: stale=true branch=master
 path=/tmp/oz_e2e_1378_91diag.zig
loop: blame=false active=true hold=113987501 move_ms=0 now=113987501 cursor=0
maybeLoadBlame: stale=true branch=master
 path=/tmp/oz_e2e_1378_92nav.zig
maybeLoadBlame: stale=true branch=master
 path=/tmp/oz_e2e_1378_92nav.zig
loop: blame=false active=true hold=113988068 move_ms=0 now=113988068 cursor=0
maybeLoadBlame: stale=true branch=master
 path=/tmp/oz_e2e_1378_93comp.zig
maybeLoadBlame: stale=true branch=master
 path=/tmp/oz_e2e_1378_93comp.zig
loop: blame=false active=true hold=113988541 move_ms=0 now=113988541 cursor=0
maybeLoadBlame: stale=true branch=master
 path=/tmp/oz_e2e_1378_94auto.zig
maybeLoadBlame: stale=true branch=master
 path=/tmp/oz_e2e_1378_94auto.zig
loop: blame=false active=true hold=113989015 move_ms=0 now=113989015 cursor=0
maybeLoadBlame: stale=true branch=master
 path=/tmp/oz_e2e_1378_95trig.zig
maybeLoadBlame: stale=true branch=master
 path=/tmp/oz_e2e_1378_95trig.zig
loop: blame=false active=true hold=113989491 move_ms=0 now=113989491 cursor=0
maybeLoadBlame: stale=true branch=master
 path=/tmp/oz_e2e_1378_96dyn.zig
maybeLoadBlame: stale=true branch=master
 path=/tmp/oz_e2e_1378_96dyn.zig
loop: blame=false active=true hold=113989968 move_ms=0 now=113989968 cursor=0
maybeLoadBlame: stale=true branch=master
 path=/tmp/oz_e2e_1378_97snp.zig
maybeLoadBlame: stale=true branch=master
 path=/tmp/oz_e2e_1378_97snp.zig
loop: blame=false active=true hold=113990442 move_ms=0 now=113990442 cursor=0
maybeLoadBlame: stale=true branch=master
 path=/tmp/oz_e2e_1378_98flow.zig
maybeLoadBlame: stale=true branch=master
 path=/tmp/oz_e2e_1378_98flow.zig
loop: blame=false active=true hold=113990937 move_ms=0 now=113990937 cursor=0
maybeLoadBlame: stale=true branch=master
 path=/tmp/oz_e2e_1378_99sig.zig
maybeLoadBlame: stale=true branch=master
 path=/tmp/oz_e2e_1378_99sig.zig
loop: blame=false active=true hold=113991413 move_ms=0 now=113991413 cursor=0
maybeLoadBlame: stale=true branch=master
 path=/tmp/oz_e2e_1378_100edit.zig
maybeLoadBlame: stale=true branch=master
 path=/tmp/oz_e2e_1378_100edit.zig
loop: blame=false active=true hold=0 move_ms=113996472 now=113996472 cursor=20
loop: blame=false active=true hold=113996878 move_ms=0 now=113996878 cursor=0
maybeLoadBlame: stale=true branch=master
 path=/tmp/oz_e2e_1378_101cmdt.zig
maybeLoadBlame: stale=true branch=master
 path=/tmp/oz_e2e_1378_101cmdt.zig
loop: blame=false active=true hold=113997231 move_ms=0 now=113997231 cursor=0
maybeLoadBlame: stale=true branch=master
 path=/tmp/oz_e2e_1378_102km.txt
maybeLoadBlame: stale=true branch=master
 path=/tmp/oz_e2e_1378_102km.txt
loop: blame=false active=true hold=113997543 move_ms=0 now=113997543 cursor=0
maybeLoadBlame: stale=true branch=master
 path=/tmp/oz_e2e_1378_103tr.txt
maybeLoadBlame: stale=true branch=master
 path=/tmp/oz_e2e_1378_103tr.txt
loop: blame=false active=true hold=113997851 move_ms=0 now=113997851 cursor=0
maybeLoadBlame: stale=true branch=master
 path=/home/leoz/sources/oz/build.zig
maybeLoadBlame: stale=true branch=master
 path=/home/leoz/sources/oz/build.zig
loop: blame=false active=true hold=113998207 move_ms=0 now=113998207 cursor=0
maybeLoadBlame: stale=true branch=master
 path=/tmp/oz_e2e_1378_104_newfile.txt
maybeLoadBlame: stale=true branch=master
 path=/tmp/oz_e2e_1378_104_newfile.txt
loop: blame=false active=true hold=113998516 move_ms=0 now=113998516 cursor=0
maybeLoadBlame: stale=true branch=master
 path=/tmp/oz_e2e_1378_105_view.txt
maybeLoadBlame: stale=true branch=master
 path=/tmp/oz_e2e_1378_105_view.txt
loop: blame=false active=true hold=113998826 move_ms=0 now=113998826 cursor=0
maybeLoadBlame: stale=true branch=master
 path=/tmp/oz_e2e_1378_106fold.py
maybeLoadBlame: stale=true branch=master
 path=/tmp/oz_e2e_1378_106fold.py
loop: blame=false active=true hold=113999158 move_ms=0 now=113999158 cursor=0
maybeLoadBlame: stale=true branch=main
 path=/tmp/oz_e2e_git_1378/a.txt
maybeLoadBlame: stale=true branch=main
 path=/tmp/oz_e2e_git_1378/a.txt
blame consumed: out=5203B parsed=true
maybeLoadBlame: stale=true branch=main
 path=/tmp/oz_e2e_git_1378/a.txt
maybeLoadBlame: stale=true branch=main
 path=/tmp/oz_e2e_git_1378/a.txt
blame consumed: out=5203B parsed=true
maybeLoadBlame: stale=true branch=main
 path=/tmp/oz_e2e_git_1378/a.txt
maybeLoadBlame: stale=true branch=main
 path=/tmp/oz_e2e_git_1378/a.txt
blame consumed: out=5364B parsed=true
loop: blame=true active=true hold=894 move_ms=113999264 now=114000158 cursor=105
ghost cond: active=true mode=.normal blame=true hold=1000 line=16 pathMatch=true cursor=105
ghost cond: active=true mode=.normal blame=true hold=1000 line=16 pathMatch=true cursor=105
ghost SKIP: active=false mode=.normal blame=true hold=1000
maybeLoadBlame: stale=false branch=main
 path=/tmp/oz_e2e_git_1378/a.txt
ghost cond: active=true mode=.normal blame=true hold=1001 line=16 pathMatch=true cursor=105
maybeLoadBlame: stale=true branch=main
 path=/tmp/oz_e2e_git_1378/b.txt
maybeLoadBlame: stale=true branch=main
 path=/tmp/oz_e2e_git_1378/b.txt
loop: blame=false active=true hold=114000579 move_ms=0 now=114000579 cursor=0
maybeLoadBlame: stale=true branch=main
 path=/tmp/oz_e2e_ghost_1378/a.txt
maybeLoadBlame: stale=true branch=main
 path=/tmp/oz_e2e_ghost_1378/a.txt
blame consumed: out=288B parsed=true
ghost cond: active=true mode=.normal blame=true hold=114000582 line=0 pathMatch=true cursor=0
ghost cond: active=true mode=.normal blame=true hold=114000582 line=0 pathMatch=true cursor=0
ghost cond: active=true mode=.normal blame=true hold=114000883 line=0 pathMatch=true cursor=0
loop: blame=false active=true hold=114001188 move_ms=0 now=114001188 cursor=0
maybeLoadBlame: stale=true branch=master
 path=/tmp/oz_e2e_1378_107term.txt
maybeLoadBlame: stale=true branch=master
 path=/tmp/oz_e2e_1378_107term.txt
loop: blame=false active=true hold=114001760 move_ms=0 now=114001760 cursor=0
maybeLoadBlame: stale=true branch=master
 path=/tmp/oz_e2e_1378_108termq.txt
maybeLoadBlame: stale=true branch=master
 path=/tmp/oz_e2e_1378_108termq.txt
loop: blame=false active=true hold=114002609 move_ms=0 now=114002609 cursor=0
loop: blame=false active=true hold=114002915 move_ms=0 now=114002915 cursor=0
maybeLoadBlame: stale=true branch=master
 path=/tmp/oz_e2e_3264_1.txt
maybeLoadBlame: stale=true branch=master
 path=/tmp/oz_e2e_3264_1.txt
loop: blame=false active=true hold=114003222 move_ms=0 now=114003222 cursor=0
loop: blame=false active=true hold=114003529 move_ms=0 now=114003529 cursor=0
maybeLoadBlame: stale=true branch=master
 path=/tmp/oz_e2e_3264_3rel.txt
maybeLoadBlame: stale=true branch=master
 path=/tmp/oz_e2e_3264_3rel.txt
loop: blame=false active=true hold=114003836 move_ms=0 now=114003836 cursor=0
loop: blame=false active=true hold=114004143 move_ms=0 now=114004143 cursor=0
maybeLoadBlame: stale=true branch=master
 path=/tmp/oz_e2e_3264_5th.txt
maybeLoadBlame: stale=true branch=master
 path=/tmp/oz_e2e_3264_5th.txt
loop: blame=false active=true hold=114004451 move_ms=0 now=114004451 cursor=0
maybeLoadBlame: stale=true branch=master
 path=/tmp/oz_e2e_3264_6thp.txt
maybeLoadBlame: stale=true branch=master
 path=/tmp/oz_e2e_3264_6thp.txt
loop: blame=false active=true hold=114004760 move_ms=0 now=114004760 cursor=0
maybeLoadBlame: stale=true branch=master
 path=/tmp/oz_e2e_3264_7.txt
maybeLoadBlame: stale=true branch=master
 path=/tmp/oz_e2e_3264_7.txt
loop: blame=false active=true hold=114005067 move_ms=0 now=114005067 cursor=0
maybeLoadBlame: stale=true branch=master
 path=/tmp/oz_e2e_3264_8.txt
maybeLoadBlame: stale=true branch=master
 path=/tmp/oz_e2e_3264_8.txt
loop: blame=false active=true hold=114005375 move_ms=0 now=114005375 cursor=0
maybeLoadBlame: stale=true branch=master
 path=/tmp/oz_e2e_3264_9search.txt
maybeLoadBlame: stale=true branch=master
 path=/tmp/oz_e2e_3264_9search.txt
loop: blame=false active=true hold=114005683 move_ms=0 now=114005683 cursor=0
maybeLoadBlame: stale=true branch=master
 path=/tmp/oz_e2e_3264_10.txt
maybeLoadBlame: stale=true branch=master
 path=/tmp/oz_e2e_3264_10.txt
loop: blame=false active=true hold=114005991 move_ms=0 now=114005991 cursor=0
maybeLoadBlame: stale=true branch=master
 path=/tmp/oz_e2e_3264_11.txt
maybeLoadBlame: stale=true branch=master
 path=/tmp/oz_e2e_3264_11.txt
loop: blame=false active=true hold=114006299 move_ms=0 now=114006299 cursor=0
maybeLoadBlame: stale=true branch=master
 path=/tmp/oz_e2e_3264.zig
maybeLoadBlame: stale=true branch=master
 path=/tmp/oz_e2e_3264.zig
loop: blame=false active=true hold=114006655 move_ms=0 now=114006655 cursor=0
loop: blame=false active=true hold=114006962 move_ms=0 now=114006962 cursor=0
maybeLoadBlame: stale=true branch=master
 path=/tmp/oz_e2e_3264_13.txt
maybeLoadBlame: stale=true branch=master
 path=/tmp/oz_e2e_3264_13.txt
loop: blame=false active=true hold=114007272 move_ms=0 now=114007272 cursor=0
maybeLoadBlame: stale=true branch=master
 path=/tmp/oz_e2e_3264_14.txt
maybeLoadBlame: stale=true branch=master
 path=/tmp/oz_e2e_3264_14.txt
loop: blame=false active=true hold=114007580 move_ms=0 now=114007580 cursor=0
loop: blame=false active=true hold=114007886 move_ms=0 now=114007886 cursor=0
loop: blame=false active=true hold=114008192 move_ms=0 now=114008192 cursor=0
maybeLoadBlame: stale=true branch=master
 path=/tmp/oz_e2e_3264_17.txt
maybeLoadBlame: stale=true branch=master
 path=/tmp/oz_e2e_3264_17.txt
loop: blame=false active=true hold=114008501 move_ms=0 now=114008501 cursor=0
loop: blame=false active=true hold=114008807 move_ms=0 now=114008807 cursor=0
loop: blame=false active=true hold=114009114 move_ms=0 now=114009114 cursor=0
maybeLoadBlame: stale=true branch=master
 path=/tmp/oz_e2e_3264_19.txt
maybeLoadBlame: stale=true branch=master
 path=/tmp/oz_e2e_3264_19.txt
maybeLoadBlame: stale=true branch=master
 path=/home/leoz/sources/oz/test/e2e.zig
maybeLoadBlame: stale=true branch=master
 path=/home/leoz/sources/oz/test/e2e.zig
blame consumed: out=5611461B parsed=true
loop: blame=true active=true hold=931 move_ms=114009184 now=114010115 cursor=95781
ghost cond: active=true mode=.normal blame=true hold=1000 line=2573 pathMatch=true cursor=95781
ghost cond: active=true mode=.normal blame=true hold=6002 line=2573 pathMatch=true cursor=95781
loop: blame=false active=true hold=114015491 move_ms=0 now=114015491 cursor=0
maybeLoadBlame: stale=true branch=master
 path=/tmp/oz_e2e_3264_20g.txt
maybeLoadBlame: stale=true branch=master
 path=/tmp/oz_e2e_3264_20g.txt
maybeLoadBlame: stale=true branch=master
 path=/home/leoz/sources/oz/patches/vaxis-Screen.zig
maybeLoadBlame: stale=true branch=master
 path=/home/leoz/sources/oz/patches/vaxis-Screen.zig
loop: blame=false active=true hold=114016018 move_ms=0 now=114016018 cursor=0
maybeLoadBlame: stale=true branch=master
 path=/tmp/oz_e2e_3264_21.txt
maybeLoadBlame: stale=true branch=master
 path=/tmp/oz_e2e_3264_21.txt
loop: blame=false active=true hold=114016328 move_ms=0 now=114016328 cursor=0
loop: blame=false active=true hold=114016635 move_ms=0 now=114016635 cursor=0
maybeLoadBlame: stale=true branch=master
 path=/tmp/oz_e2e_3264_23a.txt
loop: blame=false active=true hold=114016943 move_ms=0 now=114016943 cursor=0
maybeLoadBlame: stale=true branch=master
 path=/tmp/oz_e2e_3264_26pb.txt
loop: blame=false active=true hold=114017250 move_ms=0 now=114017250 cursor=0
maybeLoadBlame: stale=true branch=master
 path=/tmp/oz_e2e_3264_28kb.txt
loop: blame=false active=true hold=114017559 move_ms=0 now=114017559 cursor=0
maybeLoadBlame: stale=true branch=master
 path=/tmp/oz_e2e_3264_29vs.txt
maybeLoadBlame: stale=true branch=master
 path=/tmp/oz_e2e_3264_29vs.txt
loop: blame=false active=true hold=114017866 move_ms=0 now=114017866 cursor=0
maybeLoadBlame: stale=true branch=master
 path=/tmp/oz_e2e_3264_30ra.txt
maybeLoadBlame: stale=true branch=master
 path=/tmp/oz_e2e_3264_30ra.txt
loop: blame=false active=true hold=114018174 move_ms=0 now=114018174 cursor=0
maybeLoadBlame: stale=true branch=master
 path=/tmp/oz_e2e_3264_32syn.zig
maybeLoadBlame: stale=true branch=master
 path=/tmp/oz_e2e_3264_32syn.zig
loop: blame=false active=true hold=114018527 move_ms=0 now=114018527 cursor=0
maybeLoadBlame: stale=true branch=master
 path=/tmp/oz_e2e_3264_33drift.zig
maybeLoadBlame: stale=true branch=master
 path=/tmp/oz_e2e_3264_33drift.zig
loop: blame=false active=true hold=114018903 move_ms=0 now=114018903 cursor=0
loop: blame=false active=true hold=114019210 move_ms=0 now=114019210 cursor=0
maybeLoadBlame: stale=true branch=master
 path=/tmp/oz_e2e_3264_35vis.zig
maybeLoadBlame: stale=true branch=master
 path=/tmp/oz_e2e_3264_35vis.zig
loop: blame=false active=true hold=114020033 move_ms=0 now=114020033 cursor=0
maybeLoadBlame: stale=true branch=master
 path=/tmp/oz_e2e_3264_36.zig
maybeLoadBlame: stale=true branch=master
 path=/tmp/oz_e2e_3264_36.zig
loop: blame=false active=true hold=114020643 move_ms=0 now=114020643 cursor=0
maybeLoadBlame: stale=true branch=master
 path=/tmp/oz_e2e_3264_37.zig
maybeLoadBlame: stale=true branch=master
 path=/tmp/oz_e2e_3264_37.zig
loop: blame=false active=true hold=114021253 move_ms=0 now=114021253 cursor=0
maybeLoadBlame: stale=true branch=master
 path=/tmp/oz_e2e_3264_38.txt
maybeLoadBlame: stale=true branch=master
 path=/tmp/oz_e2e_3264_38.txt
loop: blame=false active=true hold=114021562 move_ms=0 now=114021562 cursor=0
maybeLoadBlame: stale=true branch=master
 path=/tmp/oz_e2e_3264_39blk.txt
maybeLoadBlame: stale=true branch=master
 path=/tmp/oz_e2e_3264_39blk.txt
loop: blame=false active=true hold=114021869 move_ms=0 now=114021869 cursor=0
loop: blame=false active=true hold=114022176 move_ms=0 now=114022176 cursor=0
maybeLoadBlame: stale=true branch=master
 path=/tmp/oz_e2e_3264_41.txt
maybeLoadBlame: stale=true branch=master
 path=/tmp/oz_e2e_3264_41.txt
loop: blame=false active=true hold=114022485 move_ms=0 now=114022485 cursor=0
maybeLoadBlame: stale=true branch=master
 path=/tmp/oz_e2e_3264_42.txt
maybeLoadBlame: stale=true branch=master
 path=/tmp/oz_e2e_3264_42.txt
loop: blame=false active=true hold=114022792 move_ms=0 now=114022792 cursor=0
maybeLoadBlame: stale=true branch=master
 path=/tmp/oz_e2e_3264_43f.txt
maybeLoadBlame: stale=true branch=master
 path=/tmp/oz_e2e_3264_43f.txt
loop: blame=false active=true hold=114023101 move_ms=0 now=114023101 cursor=0
maybeLoadBlame: stale=true branch=master
 path=/tmp/oz_e2e_3264_44p.txt
maybeLoadBlame: stale=true branch=master
 path=/tmp/oz_e2e_3264_44p.txt
loop: blame=false active=true hold=114023409 move_ms=0 now=114023409 cursor=0
maybeLoadBlame: stale=true branch=master
 path=/tmp/oz_e2e_3264_45vl.txt
maybeLoadBlame: stale=true branch=master
 path=/tmp/oz_e2e_3264_45vl.txt
loop: blame=false active=true hold=114023716 move_ms=0 now=114023716 cursor=0
maybeLoadBlame: stale=true branch=master
 path=/tmp/oz_e2e_3264_46ft2.txt
maybeLoadBlame: stale=true branch=master
 path=/tmp/oz_e2e_3264_46ft2.txt
loop: blame=false active=true hold=114024026 move_ms=0 now=114024026 cursor=0
maybeLoadBlame: stale=true branch=master
 path=/tmp/oz_e2e_3264_48gtb.txt
loop: blame=false active=true hold=114024334 move_ms=0 now=114024334 cursor=0
loop: blame=false active=true hold=114024640 move_ms=0 now=114024640 cursor=0
loop: blame=false active=true hold=114024947 move_ms=0 now=114024947 cursor=0
maybeLoadBlame: stale=true branch=master
 path=/tmp/oz_e2e_3264_51ctl.txt
maybeLoadBlame: stale=true branch=master
 path=/tmp/oz_e2e_3264_51ctl.txt
loop: blame=false active=true hold=114025254 move_ms=0 now=114025254 cursor=0
maybeLoadBlame: stale=true branch=master
 path=/tmp/oz_e2e_3264_52alt.txt
maybeLoadBlame: stale=true branch=master
 path=/tmp/oz_e2e_3264_52alt.txt
loop: blame=false active=true hold=114025562 move_ms=0 now=114025562 cursor=0
maybeLoadBlame: stale=true branch=master
 path=/tmp/oz_e2e_3264_53g.txt
maybeLoadBlame: stale=true branch=master
 path=/tmp/oz_e2e_3264_53g.txt
loop: blame=false active=true hold=114025918 move_ms=0 now=114025918 cursor=0
maybeLoadBlame: stale=true branch=master
 path=/tmp/oz_e2e_3264_54v.txt
maybeLoadBlame: stale=true branch=master
 path=/tmp/oz_e2e_3264_54v.txt
loop: blame=false active=true hold=114026225 move_ms=0 now=114026225 cursor=0
loop: blame=false active=true hold=114026531 move_ms=0 now=114026531 cursor=0
maybeLoadBlame: stale=true branch=master
 path=/tmp/oz_e2e_3264_56vlc.txt
maybeLoadBlame: stale=true branch=master
 path=/tmp/oz_e2e_3264_56vlc.txt
loop: blame=false active=true hold=114026839 move_ms=0 now=114026839 cursor=0
maybeLoadBlame: stale=true branch=master
 path=/tmp/oz_e2e_3264_57num.txt
maybeLoadBlame: stale=true branch=master
 path=/tmp/oz_e2e_3264_57num.txt
loop: blame=false active=true hold=114027146 move_ms=0 now=114027146 cursor=0
loop: blame=false active=true hold=114027452 move_ms=0 now=114027452 cursor=0
loop: blame=false active=true hold=114027759 move_ms=0 now=114027759 cursor=0
loop: blame=false active=true hold=114028065 move_ms=0 now=114028065 cursor=0
loop: blame=false active=true hold=114028372 move_ms=0 now=114028372 cursor=0
maybeLoadBlame: stale=true branch=master
 path=/tmp/oz_e2e_3264_62cnt.txt
maybeLoadBlame: stale=true branch=master
 path=/tmp/oz_e2e_3264_62cnt.txt
loop: blame=false active=true hold=114028679 move_ms=0 now=114028679 cursor=0
loop: blame=false active=true hold=114028986 move_ms=0 now=114028986 cursor=0
maybeLoadBlame: stale=true branch=master
 path=/tmp/oz_e2e_3264_64mcscroll.txt
maybeLoadBlame: stale=true branch=master
 path=/tmp/oz_e2e_3264_64mcscroll.txt
loop: blame=false active=true hold=114029294 move_ms=0 now=114029294 cursor=0
loop: blame=false active=true hold=114029603 move_ms=0 now=114029603 cursor=0
loop: blame=false active=true hold=114029910 move_ms=0 now=114029910 cursor=0
maybeLoadBlame: stale=true branch=master
 path=/home/leoz/sources/oz/build.zig
maybeLoadBlame: stale=true branch=master
 path=/home/leoz/sources/oz/build.zig
maybeLoadBlame: stale=true branch=master
 path=/home/leoz/sources/oz/README.md
maybeLoadBlame: stale=true branch=master
 path=/home/leoz/sources/oz/README.md
blame consumed: out=15464B parsed=true
ghost cond: active=true mode=.normal blame=true hold=114029966 line=0 pathMatch=true cursor=0
ghost cond: active=true mode=.normal blame=true hold=114030016 line=0 pathMatch=true cursor=0
ghost cond: active=true mode=.normal blame=true hold=114030067 line=0 pathMatch=true cursor=0
ghost cond: active=true mode=.normal blame=true hold=114030117 line=0 pathMatch=true cursor=0
ghost cond: active=true mode=.normal blame=true hold=114030168 line=0 pathMatch=true cursor=0
ghost cond: active=true mode=.normal blame=true hold=114030218 line=0 pathMatch=true cursor=0
ghost cond: active=true mode=.normal blame=true hold=114030318 line=0 pathMatch=true cursor=0
maybeLoadBlame: stale=true branch=master
 path=/home/leoz/sources/oz/src/buffer/ops.zig
maybeLoadBlame: stale=true branch=master
 path=/home/leoz/sources/oz/src/buffer/ops.zig
ghost cond: active=true mode=.normal blame=true hold=114030319 line=0 pathMatch=true cursor=0
ghost cond: active=true mode=.normal blame=true hold=114030320 line=0 pathMatch=true cursor=0
loop: blame=false active=true hold=114030624 move_ms=0 now=114030624 cursor=0
maybeLoadBlame: stale=true branch=master
 path=/tmp/oz_e2e_3264_67ud1.txt
maybeLoadBlame: stale=true branch=master
 path=/tmp/oz_e2e_3264_67ud1.txt
loop: blame=false active=true hold=114030933 move_ms=0 now=114030933 cursor=0
maybeLoadBlame: stale=true branch=master
 path=/tmp/oz_e2e_3264_68ud2.txt
maybeLoadBlame: stale=true branch=master
 path=/tmp/oz_e2e_3264_68ud2.txt
loop: blame=false active=true hold=114031240 move_ms=0 now=114031240 cursor=0
loop: blame=false active=true hold=114031547 move_ms=0 now=114031547 cursor=0
loop: blame=false active=true hold=114031853 move_ms=0 now=114031853 cursor=0
maybeLoadBlame: stale=true branch=master
 path=/tmp/oz_e2e_3264_71cc.txt
maybeLoadBlame: stale=true branch=master
 path=/tmp/oz_e2e_3264_71cc.txt
loop: blame=false active=true hold=114032161 move_ms=0 now=114032161 cursor=0
maybeLoadBlame: stale=true branch=master
 path=/tmp/oz_e2e_3264_72yank.txt
maybeLoadBlame: stale=true branch=master
 path=/tmp/oz_e2e_3264_72yank.txt
loop: blame=false active=true hold=114032469 move_ms=0 now=114032469 cursor=0
maybeLoadBlame: stale=true branch=master
 path=/tmp/oz_e2e_3264_73xp.txt
maybeLoadBlame: stale=true branch=master
 path=/tmp/oz_e2e_3264_73xp.txt
loop: blame=false active=true hold=114032776 move_ms=0 now=114032776 cursor=0
maybeLoadBlame: stale=true branch=master
 path=/tmp/oz_e2e_3264_74foc.txt
maybeLoadBlame: stale=true branch=master
 path=/tmp/oz_e2e_3264_74foc.txt
loop: blame=false active=true hold=114033086 move_ms=0 now=114033086 cursor=0
maybeLoadBlame: stale=true branch=master
 path=/tmp/oz_e2e_3264_75comp.txt
maybeLoadBlame: stale=true branch=master
 path=/tmp/oz_e2e_3264_75comp.txt
loop: blame=false active=true hold=114033393 move_ms=0 now=114033393 cursor=0
maybeLoadBlame: stale=true branch=master
 path=/tmp/oz_e2e_3264_76compc.txt
maybeLoadBlame: stale=true branch=master
 path=/tmp/oz_e2e_3264_76compc.txt
loop: blame=false active=true hold=114033702 move_ms=0 now=114033702 cursor=0
maybeLoadBlame: stale=true branch=master
 path=/tmp/oz_e2e_3264_77compn.txt
maybeLoadBlame: stale=true branch=master
 path=/tmp/oz_e2e_3264_77compn.txt
loop: blame=false active=true hold=1203 move_ms=114033703 now=114034906 cursor=34
loop: blame=false active=true hold=114035211 move_ms=0 now=114035211 cursor=0
maybeLoadBlame: stale=true branch=master
 path=/tmp/oz_e2e_3264_78jcol.zig
maybeLoadBlame: stale=true branch=master
 path=/tmp/oz_e2e_3264_78jcol.zig
loop: blame=false active=true hold=114035566 move_ms=0 now=114035566 cursor=0
maybeLoadBlame: stale=true branch=master
 path=/tmp/oz_e2e_3264_79win.txt
maybeLoadBlame: stale=true branch=master
 path=/tmp/oz_e2e_3264_79win.txt
loop: blame=false active=true hold=114035874 move_ms=0 now=114035874 cursor=0
maybeLoadBlame: stale=true branch=master
 path=/tmp/oz_e2e_3264_80winsp.txt
maybeLoadBlame: stale=true branch=master
 path=/tmp/oz_e2e_3264_80winsp.txt
loop: blame=false active=true hold=114036182 move_ms=0 now=114036182 cursor=0
maybeLoadBlame: stale=true branch=master
 path=/tmp/ozfz_3264_81/a.txt
maybeLoadBlame: stale=true branch=master
 path=/tmp/ozfz_3264_81/a.txt
loop: blame=false active=true hold=1 move_ms=114037386 now=114037387 cursor=3
loop: blame=false active=true hold=1202 move_ms=114037386 now=114038588 cursor=3
loop: blame=false active=true hold=2404 move_ms=114037386 now=114039790 cursor=3
loop: blame=false active=true hold=3605 move_ms=114037386 now=114040991 cursor=3
loop: blame=false active=true hold=4806 move_ms=114037386 now=114042192 cursor=3
loop: blame=false active=true hold=6008 move_ms=114037386 now=114043394 cursor=3
loop: blame=false active=true hold=7209 move_ms=114037386 now=114044595 cursor=3
loop: blame=false active=true hold=8410 move_ms=114037386 now=114045796 cursor=3
loop: blame=false active=true hold=9612 move_ms=114037386 now=114046998 cursor=3
loop: blame=false active=true hold=10813 move_ms=114037386 now=114048199 cursor=3
loop: blame=false active=true hold=12014 move_ms=114037386 now=114049400 cursor=3
loop: blame=false active=true hold=13216 move_ms=114037386 now=114050602 cursor=3
loop: blame=false active=true hold=14417 move_ms=114037386 now=114051803 cursor=3
loop: blame=false active=true hold=15618 move_ms=114037386 now=114053004 cursor=3
loop: blame=false active=true hold=16819 move_ms=114037386 now=114054205 cursor=3
loop: blame=false active=true hold=18020 move_ms=114037386 now=114055406 cursor=3
loop: blame=false active=true hold=19222 move_ms=114037386 now=114056608 cursor=3
loop: blame=false active=true hold=20423 move_ms=114037386 now=114057809 cursor=3
loop: blame=false active=true hold=21624 move_ms=114037386 now=114059010 cursor=3
loop: blame=false active=true hold=22827 move_ms=114037386 now=114060213 cursor=3
loop: blame=false active=true hold=24030 move_ms=114037386 now=114061416 cursor=3
loop: blame=false active=true hold=25235 move_ms=114037386 now=114062621 cursor=3
loop: blame=false active=true hold=26438 move_ms=114037386 now=114063824 cursor=3
loop: blame=false active=true hold=27643 move_ms=114037386 now=114065029 cursor=3
loop: blame=false active=true hold=28846 move_ms=114037386 now=114066232 cursor=3
loop: blame=false active=true hold=30051 move_ms=114037386 now=114067437 cursor=3
loop: blame=false active=true hold=31255 move_ms=114037386 now=114068641 cursor=3
loop: blame=false active=true hold=32459 move_ms=114037386 now=114069845 cursor=3
loop: blame=false active=true hold=33663 move_ms=114037386 now=114071049 cursor=3
loop: blame=false active=true hold=34867 move_ms=114037386 now=114072253 cursor=3
loop: blame=false active=true hold=36071 move_ms=114037386 now=114073457 cursor=3
loop: blame=false active=true hold=37276 move_ms=114037386 now=114074662 cursor=3
loop: blame=false active=true hold=38479 move_ms=114037386 now=114075865 cursor=3
loop: blame=false active=true hold=39684 move_ms=114037386 now=114077070 cursor=3
loop: blame=false active=true hold=40889 move_ms=114037386 now=114078275 cursor=3
loop: blame=false active=true hold=42093 move_ms=114037386 now=114079479 cursor=3
loop: blame=false active=true hold=43297 move_ms=114037386 now=114080683 cursor=3
loop: blame=false active=true hold=44501 move_ms=114037386 now=114081887 cursor=3
loop: blame=false active=true hold=45705 move_ms=114037386 now=114083091 cursor=3
loop: blame=false active=true hold=46908 move_ms=114037386 now=114084294 cursor=3
loop: blame=false active=true hold=48110 move_ms=114037386 now=114085496 cursor=3
loop: blame=false active=true hold=49312 move_ms=114037386 now=114086698 cursor=3
loop: blame=false active=true hold=50513 move_ms=114037386 now=114087899 cursor=3
loop: blame=false active=true hold=51715 move_ms=114037386 now=114089101 cursor=3
loop: blame=false active=true hold=52916 move_ms=114037386 now=114090302 cursor=3
loop: blame=false active=true hold=54118 move_ms=114037386 now=114091504 cursor=3
loop: blame=false active=true hold=55319 move_ms=114037386 now=114092705 cursor=3
loop: blame=false active=true hold=56520 move_ms=114037386 now=114093906 cursor=3
loop: blame=false active=true hold=57722 move_ms=114037386 now=114095108 cursor=3
loop: blame=false active=true hold=58923 move_ms=114037386 now=114096309 cursor=3
loop: blame=false active=true hold=60124 move_ms=114037386 now=114097510 cursor=3
loop: blame=false active=true hold=61325 move_ms=114037386 now=114098711 cursor=3
loop: blame=false active=true hold=62527 move_ms=114037386 now=114099913 cursor=3
loop: blame=false active=true hold=63728 move_ms=114037386 now=114101114 cursor=3
loop: blame=false active=true hold=64929 move_ms=114037386 now=114102315 cursor=3
loop: blame=false active=true hold=66130 move_ms=114037386 now=114103516 cursor=3
loop: blame=false active=true hold=67332 move_ms=114037386 now=114104718 cursor=3
loop: blame=false active=true hold=68533 move_ms=114037386 now=114105919 cursor=3
loop: blame=false active=true hold=69734 move_ms=114037386 now=114107120 cursor=3
loop: blame=false active=true hold=0 move_ms=114108322 now=114108322 cursor=5
loop: blame=false active=true hold=1201 move_ms=114108322 now=114109523 cursor=5
loop: blame=false active=true hold=2402 move_ms=114108322 now=114110724 cursor=5
loop: blame=false active=true hold=3604 move_ms=114108322 now=114111926 cursor=5
loop: blame=false active=true hold=4805 move_ms=114108322 now=114113127 cursor=5
loop: blame=false active=true hold=6007 move_ms=114108322 now=114114329 cursor=5
loop: blame=false active=true hold=7208 move_ms=114108322 now=114115530 cursor=5
loop: blame=false active=true hold=8409 move_ms=114108322 now=114116731 cursor=5
loop: blame=false active=true hold=9610 move_ms=114108322 now=114117932 cursor=5
loop: blame=false active=true hold=10812 move_ms=114108322 now=114119134 cursor=5
loop: blame=false active=true hold=12014 move_ms=114108322 now=114120336 cursor=5
loop: blame=false active=true hold=13215 move_ms=114108322 now=114121537 cursor=5
loop: blame=false active=true hold=14416 move_ms=114108322 now=114122738 cursor=5
loop: blame=false active=true hold=15617 move_ms=114108322 now=114123939 cursor=5
loop: blame=false active=true hold=16819 move_ms=114108322 now=114125141 cursor=5
loop: blame=false active=true hold=114126647 move_ms=0 now=114126647 cursor=0
maybeLoadBlame: stale=true branch=master
 path=/home/leoz/sources/oz/build.zig
maybeLoadBlame: stale=true branch=master
 path=/home/leoz/sources/oz/build.zig
blame consumed: out=70902B parsed=true
ghost cond: active=true mode=.normal blame=true hold=114126701 line=0 pathMatch=true cursor=0
ghost cond: active=true mode=.normal blame=true hold=114127102 line=0 pathMatch=true cursor=0
ghost cond: active=true mode=.normal blame=true hold=114127503 line=0 pathMatch=true cursor=0
ghost cond: active=true mode=.normal blame=true hold=114127904 line=0 pathMatch=true cursor=0
loop: blame=true active=true hold=114127904 move_ms=0 now=114127904 cursor=0
ghost cond: active=true mode=.normal blame=true hold=114128305 line=0 pathMatch=true cursor=0
ghost cond: active=true mode=.normal blame=true hold=114128706 line=0 pathMatch=true cursor=0
ghost cond: active=true mode=.normal blame=true hold=114129106 line=0 pathMatch=true cursor=0
loop: blame=true active=true hold=114129107 move_ms=0 now=114129107 cursor=0
ghost cond: active=true mode=.normal blame=true hold=114129507 line=0 pathMatch=true cursor=0
ghost cond: active=true mode=.normal blame=true hold=114129908 line=0 pathMatch=true cursor=0
ghost cond: active=true mode=.normal blame=true hold=114130309 line=0 pathMatch=true cursor=0
loop: blame=true active=true hold=114130309 move_ms=0 now=114130309 cursor=0
ghost cond: active=true mode=.normal blame=true hold=114130710 line=0 pathMatch=true cursor=0
ghost cond: active=true mode=.normal blame=true hold=114131111 line=0 pathMatch=true cursor=0
ghost cond: active=true mode=.normal blame=true hold=114131512 line=0 pathMatch=true cursor=0
loop: blame=true active=true hold=114131513 move_ms=0 now=114131513 cursor=0
ghost cond: active=true mode=.normal blame=true hold=114131913 line=0 pathMatch=true cursor=0
ghost cond: active=true mode=.normal blame=true hold=114132314 line=0 pathMatch=true cursor=0
ghost cond: active=true mode=.normal blame=true hold=114132715 line=0 pathMatch=true cursor=0
loop: blame=true active=true hold=114132715 move_ms=0 now=114132715 cursor=0
ghost cond: active=true mode=.normal blame=true hold=114133116 line=0 pathMatch=true cursor=0
ghost cond: active=true mode=.normal blame=true hold=114133517 line=0 pathMatch=true cursor=0
ghost cond: active=true mode=.normal blame=true hold=114133919 line=0 pathMatch=true cursor=0
loop: blame=true active=true hold=114133919 move_ms=0 now=114133919 cursor=0
ghost cond: active=true mode=.normal blame=true hold=114134320 line=0 pathMatch=true cursor=0
ghost cond: active=true mode=.normal blame=true hold=114134721 line=0 pathMatch=true cursor=0
ghost cond: active=true mode=.normal blame=true hold=114135122 line=0 pathMatch=true cursor=0
loop: blame=true active=true hold=114135123 move_ms=0 now=114135123 cursor=0
ghost cond: active=true mode=.normal blame=true hold=114135524 line=0 pathMatch=true cursor=0
ghost cond: active=true mode=.normal blame=true hold=114135925 line=0 pathMatch=true cursor=0
ghost cond: active=true mode=.normal blame=true hold=114136327 line=0 pathMatch=true cursor=0
loop: blame=true active=true hold=114136327 move_ms=0 now=114136327 cursor=0
ghost cond: active=true mode=.normal blame=true hold=114136728 line=0 pathMatch=true cursor=0
ghost cond: active=true mode=.normal blame=true hold=114137130 line=0 pathMatch=true cursor=0
ghost cond: active=true mode=.normal blame=true hold=114137531 line=0 pathMatch=true cursor=0
loop: blame=true active=true hold=114137532 move_ms=0 now=114137532 cursor=0
ghost cond: active=true mode=.normal blame=true hold=114137933 line=0 pathMatch=true cursor=0
ghost cond: active=true mode=.normal blame=true hold=114138334 line=0 pathMatch=true cursor=0
ghost cond: active=true mode=.normal blame=true hold=114138736 line=0 pathMatch=true cursor=0
loop: blame=true active=true hold=114138736 move_ms=0 now=114138736 cursor=0
ghost cond: active=true mode=.normal blame=true hold=114139138 line=0 pathMatch=true cursor=0
ghost cond: active=true mode=.normal blame=true hold=114139540 line=0 pathMatch=true cursor=0
ghost cond: active=true mode=.normal blame=true hold=114139941 line=0 pathMatch=true cursor=0
loop: blame=true active=true hold=114139941 move_ms=0 now=114139941 cursor=0
ghost cond: active=true mode=.normal blame=true hold=114140342 line=0 pathMatch=true cursor=0
ghost cond: active=true mode=.normal blame=true hold=114140744 line=0 pathMatch=true cursor=0
ghost cond: active=true mode=.normal blame=true hold=114141146 line=0 pathMatch=true cursor=0
loop: blame=true active=true hold=114141146 move_ms=0 now=114141146 cursor=0
ghost cond: active=true mode=.normal blame=true hold=114141547 line=0 pathMatch=true cursor=0
ghost cond: active=true mode=.normal blame=true hold=114141949 line=0 pathMatch=true cursor=0
ghost cond: active=true mode=.normal blame=true hold=114142350 line=0 pathMatch=true cursor=0
loop: blame=true active=true hold=114142350 move_ms=0 now=114142350 cursor=0
ghost cond: active=true mode=.normal blame=true hold=114142752 line=0 pathMatch=true cursor=0
ghost cond: active=true mode=.normal blame=true hold=114143153 line=0 pathMatch=true cursor=0
ghost cond: active=true mode=.normal blame=true hold=114143555 line=0 pathMatch=true cursor=0
loop: blame=true active=true hold=114143555 move_ms=0 now=114143555 cursor=0
ghost cond: active=true mode=.normal blame=true hold=114143957 line=0 pathMatch=true cursor=0
ghost cond: active=true mode=.normal blame=true hold=114144358 line=0 pathMatch=true cursor=0
ghost cond: active=true mode=.normal blame=true hold=114144760 line=0 pathMatch=true cursor=0
loop: blame=true active=true hold=114144760 move_ms=0 now=114144760 cursor=0
ghost cond: active=true mode=.normal blame=true hold=114145162 line=0 pathMatch=true cursor=0
ghost cond: active=true mode=.normal blame=true hold=114145563 line=0 pathMatch=true cursor=0
ghost cond: active=true mode=.normal blame=true hold=114145965 line=0 pathMatch=true cursor=0
loop: blame=true active=true hold=114145965 move_ms=0 now=114145965 cursor=0
ghost cond: active=true mode=.normal blame=true hold=114146366 line=0 pathMatch=true cursor=0
ghost cond: active=true mode=.normal blame=true hold=114146768 line=0 pathMatch=true cursor=0
ghost cond: active=true mode=.normal blame=true hold=114147169 line=0 pathMatch=true cursor=0
loop: blame=true active=true hold=114147170 move_ms=0 now=114147170 cursor=0
ghost cond: active=true mode=.normal blame=true hold=114147572 line=0 pathMatch=true cursor=0
ghost cond: active=true mode=.normal blame=true hold=114147973 line=0 pathMatch=true cursor=0
ghost cond: active=true mode=.normal blame=true hold=114148375 line=0 pathMatch=true cursor=0
loop: blame=true active=true hold=114148375 move_ms=0 now=114148375 cursor=0
ghost cond: active=true mode=.normal blame=true hold=114148776 line=0 pathMatch=true cursor=0
ghost cond: active=true mode=.normal blame=true hold=114149178 line=0 pathMatch=true cursor=0
ghost cond: active=true mode=.normal blame=true hold=114149580 line=0 pathMatch=true cursor=0
loop: blame=true active=true hold=114149580 move_ms=0 now=114149580 cursor=0
ghost cond: active=true mode=.normal blame=true hold=114149981 line=0 pathMatch=true cursor=0
ghost cond: active=true mode=.normal blame=true hold=114150383 line=0 pathMatch=true cursor=0
ghost cond: active=true mode=.normal blame=true hold=114150785 line=0 pathMatch=true cursor=0
loop: blame=false active=true hold=114151190 move_ms=0 now=114151190 cursor=0
maybeLoadBlame: stale=true branch=master
 path=/tmp/oz_3264_82a.txt
maybeLoadBlame: stale=true branch=master
 path=/tmp/oz_3264_82a.txt
loop: blame=false active=true hold=114151500 move_ms=0 now=114151500 cursor=0
maybeLoadBlame: stale=true branch=master
 path=/tmp/oz_e2e_3264_86bhb.txt
maybeLoadBlame: stale=true branch=master
 path=/tmp/oz_e2e_3264_86bhb.txt
loop: blame=false active=true hold=114151810 move_ms=0 now=114151810 cursor=0
maybeLoadBlame: stale=true branch=master
 path=/home/leoz/sources/oz/build.zig
maybeLoadBlame: stale=true branch=master
 path=/home/leoz/sources/oz/build.zig
blame consumed: out=70902B parsed=true
ghost cond: active=true mode=.normal blame=true hold=114151865 line=0 pathMatch=true cursor=0
loop: blame=false active=true hold=114152176 move_ms=0 now=114152176 cursor=0
maybeLoadBlame: stale=true branch=master
 path=/home/leoz/sources/oz/build.zig
maybeLoadBlame: stale=true branch=master
 path=/home/leoz/sources/oz/build.zig
loop: blame=false active=true hold=114152586 move_ms=0 now=114152586 cursor=0
maybeLoadBlame: stale=true branch=master
 path=/tmp/oz_e2e_3264_87lsp.go
maybeLoadBlame: stale=true branch=master
 path=/tmp/oz_e2e_3264_87lsp.go
loop: blame=false active=true hold=114152916 move_ms=0 now=114152916 cursor=0
maybeLoadBlame: stale=true branch=master
 path=/tmp/oz_e2e_3264_88lspm.zig
maybeLoadBlame: stale=true branch=master
 path=/tmp/oz_e2e_3264_88lspm.zig
loop: blame=false active=true hold=114153388 move_ms=0 now=114153388 cursor=0
maybeLoadBlame: stale=true branch=master
 path=/tmp/oz_e2e_3264_89diagc.zig
maybeLoadBlame: stale=true branch=master
 path=/tmp/oz_e2e_3264_89diagc.zig
loop: blame=false active=true hold=114153763 move_ms=0 now=114153763 cursor=0
maybeLoadBlame: stale=true branch=master
 path=/tmp/oz_e2e_3264_90jksync.zig
maybeLoadBlame: stale=true branch=master
 path=/tmp/oz_e2e_3264_90jksync.zig
loop: blame=false active=true hold=114154137 move_ms=0 now=114154137 cursor=0
maybeLoadBlame: stale=true branch=master
 path=/tmp/oz_e2e_3264_91diag.zig
maybeLoadBlame: stale=true branch=master
 path=/tmp/oz_e2e_3264_91diag.zig
loop: blame=false active=true hold=114154612 move_ms=0 now=114154612 cursor=0
maybeLoadBlame: stale=true branch=master
 path=/tmp/oz_e2e_3264_92nav.zig
maybeLoadBlame: stale=true branch=master
 path=/tmp/oz_e2e_3264_92nav.zig
loop: blame=false active=true hold=114155184 move_ms=0 now=114155184 cursor=0
maybeLoadBlame: stale=true branch=master
 path=/tmp/oz_e2e_3264_93comp.zig
maybeLoadBlame: stale=true branch=master
 path=/tmp/oz_e2e_3264_93comp.zig
loop: blame=false active=true hold=114155658 move_ms=0 now=114155658 cursor=0
maybeLoadBlame: stale=true branch=master
 path=/tmp/oz_e2e_3264_94auto.zig
maybeLoadBlame: stale=true branch=master
 path=/tmp/oz_e2e_3264_94auto.zig
loop: blame=false active=true hold=114156134 move_ms=0 now=114156134 cursor=0
maybeLoadBlame: stale=true branch=master
 path=/tmp/oz_e2e_3264_95trig.zig
maybeLoadBlame: stale=true branch=master
 path=/tmp/oz_e2e_3264_95trig.zig
loop: blame=false active=true hold=114156608 move_ms=0 now=114156608 cursor=0
maybeLoadBlame: stale=true branch=master
 path=/tmp/oz_e2e_3264_96dyn.zig
maybeLoadBlame: stale=true branch=master
 path=/tmp/oz_e2e_3264_96dyn.zig
loop: blame=false active=true hold=114157083 move_ms=0 now=114157083 cursor=0
maybeLoadBlame: stale=true branch=master
 path=/tmp/oz_e2e_3264_97snp.zig
maybeLoadBlame: stale=true branch=master
 path=/tmp/oz_e2e_3264_97snp.zig
loop: blame=false active=true hold=114157558 move_ms=0 now=114157558 cursor=0
maybeLoadBlame: stale=true branch=master
 path=/tmp/oz_e2e_3264_98flow.zig
maybeLoadBlame: stale=true branch=master
 path=/tmp/oz_e2e_3264_98flow.zig
loop: blame=false active=true hold=114158052 move_ms=0 now=114158052 cursor=0
maybeLoadBlame: stale=true branch=master
 path=/tmp/oz_e2e_3264_99sig.zig
maybeLoadBlame: stale=true branch=master
 path=/tmp/oz_e2e_3264_99sig.zig
loop: blame=false active=true hold=114158529 move_ms=0 now=114158529 cursor=0
maybeLoadBlame: stale=true branch=master
 path=/tmp/oz_e2e_3264_100edit.zig
maybeLoadBlame: stale=true branch=master
 path=/tmp/oz_e2e_3264_100edit.zig
loop: blame=false active=true hold=1 move_ms=114163585 now=114163586 cursor=20
loop: blame=false active=true hold=114163991 move_ms=0 now=114163991 cursor=0
maybeLoadBlame: stale=true branch=master
 path=/tmp/oz_e2e_3264_101cmdt.zig
maybeLoadBlame: stale=true branch=master
 path=/tmp/oz_e2e_3264_101cmdt.zig
loop: blame=false active=true hold=114164346 move_ms=0 now=114164346 cursor=0
maybeLoadBlame: stale=true branch=master
 path=/tmp/oz_e2e_3264_102km.txt
maybeLoadBlame: stale=true branch=master
 path=/tmp/oz_e2e_3264_102km.txt
loop: blame=false active=true hold=114164657 move_ms=0 now=114164657 cursor=0
maybeLoadBlame: stale=true branch=master
 path=/tmp/oz_e2e_3264_103tr.txt
maybeLoadBlame: stale=true branch=master
 path=/tmp/oz_e2e_3264_103tr.txt
loop: blame=false active=true hold=114164965 move_ms=0 now=114164965 cursor=0
maybeLoadBlame: stale=true branch=master
 path=/home/leoz/sources/oz/build.zig
maybeLoadBlame: stale=true branch=master
 path=/home/leoz/sources/oz/build.zig
loop: blame=false active=true hold=114165322 move_ms=0 now=114165322 cursor=0
maybeLoadBlame: stale=true branch=master
 path=/tmp/oz_e2e_3264_104_newfile.txt
loop: blame=false active=true hold=114165631 move_ms=0 now=114165631 cursor=0
maybeLoadBlame: stale=true branch=master
 path=/tmp/oz_e2e_3264_105_view.txt
maybeLoadBlame: stale=true branch=master
 path=/tmp/oz_e2e_3264_105_view.txt
loop: blame=false active=true hold=114165940 move_ms=0 now=114165940 cursor=0
maybeLoadBlame: stale=true branch=master
 path=/tmp/oz_e2e_3264_106fold.py
maybeLoadBlame: stale=true branch=master
 path=/tmp/oz_e2e_3264_106fold.py
loop: blame=false active=true hold=114166272 move_ms=0 now=114166272 cursor=0
maybeLoadBlame: stale=true branch=main
 path=/tmp/oz_e2e_git_3264/a.txt
maybeLoadBlame: stale=true branch=main
 path=/tmp/oz_e2e_git_3264/a.txt
blame consumed: out=5203B parsed=true
maybeLoadBlame: stale=true branch=main
 path=/tmp/oz_e2e_git_3264/a.txt
maybeLoadBlame: stale=true branch=main
 path=/tmp/oz_e2e_git_3264/a.txt
blame consumed: out=5203B parsed=true
maybeLoadBlame: stale=true branch=main
 path=/tmp/oz_e2e_git_3264/a.txt
maybeLoadBlame: stale=true branch=main
 path=/tmp/oz_e2e_git_3264/a.txt
blame consumed: out=5364B parsed=true
loop: blame=true active=true hold=895 move_ms=114166377 now=114167272 cursor=105
ghost cond: active=true mode=.normal blame=true hold=1000 line=16 pathMatch=true cursor=105
ghost SKIP: active=false mode=.normal blame=true hold=1000
maybeLoadBlame: stale=false branch=main
 path=/tmp/oz_e2e_git_3264/a.txt
ghost cond: active=true mode=.normal blame=true hold=1000 line=16 pathMatch=true cursor=105
maybeLoadBlame: stale=true branch=main
 path=/tmp/oz_e2e_git_3264/b.txt
maybeLoadBlame: stale=true branch=main
 path=/tmp/oz_e2e_git_3264/b.txt
loop: blame=false active=true hold=114167692 move_ms=0 now=114167692 cursor=0
maybeLoadBlame: stale=true branch=main
 path=/tmp/oz_e2e_ghost_3264/a.txt
maybeLoadBlame: stale=true branch=main
 path=/tmp/oz_e2e_ghost_3264/a.txt
blame consumed: out=288B parsed=true
ghost cond: active=true mode=.normal blame=true hold=114167695 line=0 pathMatch=true cursor=0
ghost cond: active=true mode=.normal blame=true hold=114167696 line=0 pathMatch=true cursor=0
ghost cond: active=true mode=.normal blame=true hold=114167996 line=0 pathMatch=true cursor=0
loop: blame=false active=true hold=114168301 move_ms=0 now=114168301 cursor=0
maybeLoadBlame: stale=true branch=master
 path=/tmp/oz_e2e_3264_107term.txt
maybeLoadBlame: stale=true branch=master
 path=/tmp/oz_e2e_3264_107term.txt
loop: blame=false active=true hold=114168875 move_ms=0 now=114168875 cursor=0
maybeLoadBlame: stale=true branch=master
 path=/tmp/oz_e2e_3264_108termq.txt
maybeLoadBlame: stale=true branch=master
 path=/tmp/oz_e2e_3264_108termq.txt
loop: blame=false active=true hold=114169712 move_ms=0 now=114169712 cursor=0
loop: blame=false active=true hold=114170018 move_ms=0 now=114170018 cursor=0
maybeLoadBlame: stale=true branch=master
 path=/tmp/oz_e2e_5144_1.txt
maybeLoadBlame: stale=true branch=master
 path=/tmp/oz_e2e_5144_1.txt
loop: blame=false active=true hold=114170325 move_ms=0 now=114170325 cursor=0
maybeLoadBlame: stale=true branch=master
 path=/tmp/oz_e2e_5144_2.txt
maybeLoadBlame: stale=true branch=master
 path=/tmp/oz_e2e_5144_2.txt
loop: blame=false active=true hold=114170632 move_ms=0 now=114170632 cursor=0
loop: blame=false active=true hold=114170938 move_ms=0 now=114170938 cursor=0
loop: blame=false active=true hold=114171245 move_ms=0 now=114171245 cursor=0
maybeLoadBlame: stale=true branch=master
 path=/tmp/oz_e2e_5144_5th.txt
maybeLoadBlame: stale=true branch=master
 path=/tmp/oz_e2e_5144_5th.txt
loop: blame=false active=true hold=114171553 move_ms=0 now=114171553 cursor=0
maybeLoadBlame: stale=true branch=master
 path=/tmp/oz_e2e_5144_6thp.txt
maybeLoadBlame: stale=true branch=master
 path=/tmp/oz_e2e_5144_6thp.txt
loop: blame=false active=true hold=114171861 move_ms=0 now=114171861 cursor=0
maybeLoadBlame: stale=true branch=master
 path=/tmp/oz_e2e_5144_7.txt
maybeLoadBlame: stale=true branch=master
 path=/tmp/oz_e2e_5144_7.txt
loop: blame=false active=true hold=114172168 move_ms=0 now=114172168 cursor=0
maybeLoadBlame: stale=true branch=master
 path=/tmp/oz_e2e_5144_8.txt
maybeLoadBlame: stale=true branch=master
 path=/tmp/oz_e2e_5144_8.txt
loop: blame=false active=true hold=114172476 move_ms=0 now=114172476 cursor=0
maybeLoadBlame: stale=true branch=master
 path=/tmp/oz_e2e_5144_9search.txt
maybeLoadBlame: stale=true branch=master
 path=/tmp/oz_e2e_5144_9search.txt
loop: blame=false active=true hold=114172785 move_ms=0 now=114172785 cursor=0
maybeLoadBlame: stale=true branch=master
 path=/tmp/oz_e2e_5144_10.txt
maybeLoadBlame: stale=true branch=master
 path=/tmp/oz_e2e_5144_10.txt
loop: blame=false active=true hold=114173093 move_ms=0 now=114173093 cursor=0
maybeLoadBlame: stale=true branch=master
 path=/tmp/oz_e2e_5144_11.txt
maybeLoadBlame: stale=true branch=master
 path=/tmp/oz_e2e_5144_11.txt
loop: blame=false active=true hold=114173401 move_ms=0 now=114173401 cursor=0
maybeLoadBlame: stale=true branch=master
 path=/tmp/oz_e2e_5144.zig
maybeLoadBlame: stale=true branch=master
 path=/tmp/oz_e2e_5144.zig
loop: blame=false active=true hold=114173760 move_ms=0 now=114173760 cursor=0
loop: blame=false active=true hold=114174067 move_ms=0 now=114174067 cursor=0
maybeLoadBlame: stale=true branch=master
 path=/tmp/oz_e2e_5144_13.txt
maybeLoadBlame: stale=true branch=master
 path=/tmp/oz_e2e_5144_13.txt
loop: blame=false active=true hold=114174377 move_ms=0 now=114174377 cursor=0
maybeLoadBlame: stale=true branch=master
 path=/tmp/oz_e2e_5144_14.txt
maybeLoadBlame: stale=true branch=master
 path=/tmp/oz_e2e_5144_14.txt
loop: blame=false active=true hold=114174685 move_ms=0 now=114174685 cursor=0
loop: blame=false active=true hold=114174992 move_ms=0 now=114174992 cursor=0
loop: blame=false active=true hold=114175299 move_ms=0 now=114175299 cursor=0
maybeLoadBlame: stale=true branch=master
 path=/tmp/oz_e2e_5144_17.txt
maybeLoadBlame: stale=true branch=master
 path=/tmp/oz_e2e_5144_17.txt
loop: blame=false active=true hold=114175608 move_ms=0 now=114175608 cursor=0
loop: blame=false active=true hold=114175914 move_ms=0 now=114175914 cursor=0
loop: blame=false active=true hold=114176221 move_ms=0 now=114176221 cursor=0
maybeLoadBlame: stale=true branch=master
 path=/tmp/oz_e2e_5144_19.txt
maybeLoadBlame: stale=true branch=master
 path=/tmp/oz_e2e_5144_19.txt
maybeLoadBlame: stale=true branch=master
 path=/home/leoz/sources/oz/test/e2e.zig
maybeLoadBlame: stale=true branch=master
 path=/home/leoz/sources/oz/test/e2e.zig
blame consumed: out=5611461B parsed=true
loop: blame=true active=true hold=934 move_ms=114176287 now=114177221 cursor=95781
ghost cond: active=true mode=.normal blame=true hold=1000 line=2573 pathMatch=true cursor=95781
ghost cond: active=true mode=.normal blame=true hold=6002 line=2573 pathMatch=true cursor=95781
loop: blame=false active=true hold=114182594 move_ms=0 now=114182594 cursor=0
maybeLoadBlame: stale=true branch=master
 path=/tmp/oz_e2e_5144_20g.txt
maybeLoadBlame: stale=true branch=master
 path=/tmp/oz_e2e_5144_20g.txt
maybeLoadBlame: stale=true branch=master
 path=/home/leoz/sources/oz/patches/vaxis-Screen.zig
maybeLoadBlame: stale=true branch=master
 path=/home/leoz/sources/oz/patches/vaxis-Screen.zig
loop: blame=false active=true hold=114183073 move_ms=0 now=114183073 cursor=0
maybeLoadBlame: stale=true branch=master
 path=/tmp/oz_e2e_5144_21.txt
maybeLoadBlame: stale=true branch=master
 path=/tmp/oz_e2e_5144_21.txt
loop: blame=false active=true hold=114183383 move_ms=0 now=114183383 cursor=0
maybeLoadBlame: stale=true branch=master
 path=/tmp/oz_e2e_5144_22ftb.txt
maybeLoadBlame: stale=true branch=master
 path=/tmp/oz_e2e_5144_22ftb.txt
loop: blame=false active=true hold=114183690 move_ms=0 now=114183690 cursor=0
maybeLoadBlame: stale=true branch=master
 path=/tmp/oz_e2e_5144_24b.txt
loop: blame=false active=true hold=114183999 move_ms=0 now=114183999 cursor=0
maybeLoadBlame: stale=true branch=master
 path=/tmp/oz_e2e_5144_26pb.txt
loop: blame=false active=true hold=114184307 move_ms=0 now=114184307 cursor=0
maybeLoadBlame: stale=true branch=master
 path=/tmp/oz_e2e_5144_27ka.txt
loop: blame=false active=true hold=114184614 move_ms=0 now=114184614 cursor=0
maybeLoadBlame: stale=true branch=master
 path=/tmp/oz_e2e_5144_29vs.txt
maybeLoadBlame: stale=true branch=master
 path=/tmp/oz_e2e_5144_29vs.txt
loop: blame=false active=true hold=114184922 move_ms=0 now=114184922 cursor=0
maybeLoadBlame: stale=true branch=master
 path=/tmp/oz_e2e_5144_30ra.txt
maybeLoadBlame: stale=true branch=master
 path=/tmp/oz_e2e_5144_30ra.txt
loop: blame=false active=true hold=114185229 move_ms=0 now=114185229 cursor=0
maybeLoadBlame: stale=true branch=master
 path=/tmp/oz_e2e_5144_32syn.zig
maybeLoadBlame: stale=true branch=master
 path=/tmp/oz_e2e_5144_32syn.zig
loop: blame=false active=true hold=114185583 move_ms=0 now=114185583 cursor=0
maybeLoadBlame: stale=true branch=master
 path=/tmp/oz_e2e_5144_33drift.zig
maybeLoadBlame: stale=true branch=master
 path=/tmp/oz_e2e_5144_33drift.zig
loop: blame=false active=true hold=114185960 move_ms=0 now=114185960 cursor=0
loop: blame=false active=true hold=114186267 move_ms=0 now=114186267 cursor=0
maybeLoadBlame: stale=true branch=master
 path=/tmp/oz_e2e_5144_35vis.zig
maybeLoadBlame: stale=true branch=master
 path=/tmp/oz_e2e_5144_35vis.zig
loop: blame=false active=true hold=114187088 move_ms=0 now=114187088 cursor=0
maybeLoadBlame: stale=true branch=master
 path=/tmp/oz_e2e_5144_36.zig
maybeLoadBlame: stale=true branch=master
 path=/tmp/oz_e2e_5144_36.zig
loop: blame=false active=true hold=114187700 move_ms=0 now=114187700 cursor=0
maybeLoadBlame: stale=true branch=master
 path=/tmp/oz_e2e_5144_37.zig
maybeLoadBlame: stale=true branch=master
 path=/tmp/oz_e2e_5144_37.zig
loop: blame=false active=true hold=114188310 move_ms=0 now=114188310 cursor=0
maybeLoadBlame: stale=true branch=master
 path=/tmp/oz_e2e_5144_38.txt
maybeLoadBlame: stale=true branch=master
 path=/tmp/oz_e2e_5144_38.txt
loop: blame=false active=true hold=114188619 move_ms=0 now=114188619 cursor=0
maybeLoadBlame: stale=true branch=master
 path=/tmp/oz_e2e_5144_39blk.txt
maybeLoadBlame: stale=true branch=master
 path=/tmp/oz_e2e_5144_39blk.txt
loop: blame=false active=true hold=114188926 move_ms=0 now=114188926 cursor=0
maybeLoadBlame: stale=true branch=master
 path=/tmp/oz_e2e_5144_40blkc.txt
maybeLoadBlame: stale=true branch=master
 path=/tmp/oz_e2e_5144_40blkc.txt
loop: blame=false active=true hold=114189233 move_ms=0 now=114189233 cursor=0
maybeLoadBlame: stale=true branch=master
 path=/tmp/oz_e2e_5144_41.txt
maybeLoadBlame: stale=true branch=master
 path=/tmp/oz_e2e_5144_41.txt
loop: blame=false active=true hold=114189542 move_ms=0 now=114189542 cursor=0
maybeLoadBlame: stale=true branch=master
 path=/tmp/oz_e2e_5144_42.txt
maybeLoadBlame: stale=true branch=master
 path=/tmp/oz_e2e_5144_42.txt
loop: blame=false active=true hold=114189850 move_ms=0 now=114189850 cursor=0
maybeLoadBlame: stale=true branch=master
 path=/tmp/oz_e2e_5144_43f.txt
maybeLoadBlame: stale=true branch=master
 path=/tmp/oz_e2e_5144_43f.txt
loop: blame=false active=true hold=114190158 move_ms=0 now=114190158 cursor=0
maybeLoadBlame: stale=true branch=master
 path=/tmp/oz_e2e_5144_44p.txt
maybeLoadBlame: stale=true branch=master
 path=/tmp/oz_e2e_5144_44p.txt
loop: blame=false active=true hold=114190467 move_ms=0 now=114190467 cursor=0
maybeLoadBlame: stale=true branch=master
 path=/tmp/oz_e2e_5144_45vl.txt
maybeLoadBlame: stale=true branch=master
 path=/tmp/oz_e2e_5144_45vl.txt
loop: blame=false active=true hold=114190774 move_ms=0 now=114190774 cursor=0
maybeLoadBlame: stale=true branch=master
 path=/tmp/oz_e2e_5144_46ft2.txt
maybeLoadBlame: stale=true branch=master
 path=/tmp/oz_e2e_5144_46ft2.txt
loop: blame=false active=true hold=114191083 move_ms=0 now=114191083 cursor=0
maybeLoadBlame: stale=true branch=master
 path=/tmp/oz_e2e_5144_48gtb.txt
loop: blame=false active=true hold=114191392 move_ms=0 now=114191392 cursor=0
loop: blame=false active=true hold=114191698 move_ms=0 now=114191698 cursor=0
loop: blame=false active=true hold=114192004 move_ms=0 now=114192004 cursor=0
maybeLoadBlame: stale=true branch=master
 path=/tmp/oz_e2e_5144_51ctl.txt
maybeLoadBlame: stale=true branch=master
 path=/tmp/oz_e2e_5144_51ctl.txt
loop: blame=false active=true hold=114192311 move_ms=0 now=114192311 cursor=0
maybeLoadBlame: stale=true branch=master
 path=/tmp/oz_e2e_5144_52alt.txt
maybeLoadBlame: stale=true branch=master
 path=/tmp/oz_e2e_5144_52alt.txt
loop: blame=false active=true hold=114192619 move_ms=0 now=114192619 cursor=0
maybeLoadBlame: stale=true branch=master
 path=/tmp/oz_e2e_5144_53g.txt
maybeLoadBlame: stale=true branch=master
 path=/tmp/oz_e2e_5144_53g.txt
maybeLoadBlame: stale=true branch=master
 path=/home/leoz/sources/oz/src/root.zig
maybeLoadBlame: stale=true branch=master
 path=/home/leoz/sources/oz/src/root.zig
loop: blame=false active=true hold=114192975 move_ms=0 now=114192975 cursor=0
loop: blame=false active=true hold=114193282 move_ms=0 now=114193282 cursor=0
loop: blame=false active=true hold=114193588 move_ms=0 now=114193588 cursor=0
maybeLoadBlame: stale=true branch=master
 path=/tmp/oz_e2e_5144_56vlc.txt
maybeLoadBlame: stale=true branch=master
 path=/tmp/oz_e2e_5144_56vlc.txt
loop: blame=false active=true hold=114193895 move_ms=0 now=114193895 cursor=0
maybeLoadBlame: stale=true branch=master
 path=/tmp/oz_e2e_5144_57num.txt
maybeLoadBlame: stale=true branch=master
 path=/tmp/oz_e2e_5144_57num.txt
loop: blame=false active=true hold=114194202 move_ms=0 now=114194202 cursor=0
loop: blame=false active=true hold=114194508 move_ms=0 now=114194508 cursor=0
loop: blame=false active=true hold=114194815 move_ms=0 now=114194815 cursor=0
loop: blame=false active=true hold=114195121 move_ms=0 now=114195121 cursor=0
loop: blame=false active=true hold=114195428 move_ms=0 now=114195428 cursor=0
maybeLoadBlame: stale=true branch=master
 path=/tmp/oz_e2e_5144_62cnt.txt
maybeLoadBlame: stale=true branch=master
 path=/tmp/oz_e2e_5144_62cnt.txt
loop: blame=false active=true hold=114195736 move_ms=0 now=114195736 cursor=0
maybeLoadBlame: stale=true branch=master
 path=/tmp/oz_e2e_5144_63mc.txt
maybeLoadBlame: stale=true branch=master
 path=/tmp/oz_e2e_5144_63mc.txt
loop: blame=false active=true hold=114196044 move_ms=0 now=114196044 cursor=0
loop: blame=false active=true hold=114196350 move_ms=0 now=114196350 cursor=0
loop: blame=false active=true hold=114196660 move_ms=0 now=114196660 cursor=0
loop: blame=false active=true hold=114196966 move_ms=0 now=114196966 cursor=0
maybeLoadBlame: stale=true branch=master
 path=/home/leoz/sources/oz/build.zig
maybeLoadBlame: stale=true branch=master
 path=/home/leoz/sources/oz/build.zig
maybeLoadBlame: stale=true branch=master
 path=/home/leoz/sources/oz/README.md
maybeLoadBlame: stale=true branch=master
 path=/home/leoz/sources/oz/README.md
blame consumed: out=15464B parsed=true
ghost cond: active=true mode=.normal blame=true hold=114197022 line=0 pathMatch=true cursor=0
ghost cond: active=true mode=.normal blame=true hold=114197072 line=0 pathMatch=true cursor=0
ghost cond: active=true mode=.normal blame=true hold=114197123 line=0 pathMatch=true cursor=0
ghost cond: active=true mode=.normal blame=true hold=114197174 line=0 pathMatch=true cursor=0
ghost cond: active=true mode=.normal blame=true hold=114197225 line=0 pathMatch=true cursor=0
ghost cond: active=true mode=.normal blame=true hold=114197275 line=0 pathMatch=true cursor=0
ghost cond: active=true mode=.normal blame=true hold=114197375 line=0 pathMatch=true cursor=0
maybeLoadBlame: stale=true branch=master
 path=/home/leoz/sources/oz/src/buffer/ops.zig
maybeLoadBlame: stale=true branch=master
 path=/home/leoz/sources/oz/src/buffer/ops.zig
ghost cond: active=true mode=.normal blame=true hold=114197376 line=0 pathMatch=true cursor=0
ghost cond: active=true mode=.normal blame=true hold=114197377 line=0 pathMatch=true cursor=0
loop: blame=false active=true hold=114197682 move_ms=0 now=114197682 cursor=0
maybeLoadBlame: stale=true branch=master
 path=/tmp/oz_e2e_5144_67ud1.txt
maybeLoadBlame: stale=true branch=master
 path=/tmp/oz_e2e_5144_67ud1.txt
loop: blame=false active=true hold=114197989 move_ms=0 now=114197989 cursor=0
maybeLoadBlame: stale=true branch=master
 path=/tmp/oz_e2e_5144_68ud2.txt
maybeLoadBlame: stale=true branch=master
 path=/tmp/oz_e2e_5144_68ud2.txt
loop: blame=false active=true hold=114198296 move_ms=0 now=114198296 cursor=0
maybeLoadBlame: stale=true branch=master
 path=/tmp/oz_e2e_5144_69dd.txt
maybeLoadBlame: stale=true branch=master
 path=/tmp/oz_e2e_5144_69dd.txt
loop: blame=false active=true hold=114198603 move_ms=0 now=114198603 cursor=0
loop: blame=false active=true hold=114198909 move_ms=0 now=114198909 cursor=0
maybeLoadBlame: stale=true branch=master
 path=/tmp/oz_e2e_5144_71cc.txt
maybeLoadBlame: stale=true branch=master
 path=/tmp/oz_e2e_5144_71cc.txt
loop: blame=false active=true hold=114199216 move_ms=0 now=114199216 cursor=0
maybeLoadBlame: stale=true branch=master
 path=/tmp/oz_e2e_5144_72yank.txt
maybeLoadBlame: stale=true branch=master
 path=/tmp/oz_e2e_5144_72yank.txt
loop: blame=false active=true hold=114199525 move_ms=0 now=114199525 cursor=0
loop: blame=false active=true hold=114199831 move_ms=0 now=114199831 cursor=0
maybeLoadBlame: stale=true branch=master
 path=/tmp/oz_e2e_5144_74foc.txt
maybeLoadBlame: stale=true branch=master
 path=/tmp/oz_e2e_5144_74foc.txt
loop: blame=false active=true hold=114200142 move_ms=0 now=114200142 cursor=0
maybeLoadBlame: stale=true branch=master
 path=/tmp/oz_e2e_5144_75comp.txt
maybeLoadBlame: stale=true branch=master
 path=/tmp/oz_e2e_5144_75comp.txt
loop: blame=false active=true hold=114200449 move_ms=0 now=114200449 cursor=0
maybeLoadBlame: stale=true branch=master
 path=/tmp/oz_e2e_5144_76compc.txt
maybeLoadBlame: stale=true branch=master
 path=/tmp/oz_e2e_5144_76compc.txt
loop: blame=false active=true hold=114200758 move_ms=0 now=114200758 cursor=0
maybeLoadBlame: stale=true branch=master
 path=/tmp/oz_e2e_5144_77compn.txt
maybeLoadBlame: stale=true branch=master
 path=/tmp/oz_e2e_5144_77compn.txt
loop: blame=false active=true hold=1203 move_ms=114200759 now=114201962 cursor=34
loop: blame=false active=true hold=114202267 move_ms=0 now=114202267 cursor=0
maybeLoadBlame: stale=true branch=master
 path=/tmp/oz_e2e_5144_78jcol.zig
maybeLoadBlame: stale=true branch=master
 path=/tmp/oz_e2e_5144_78jcol.zig
loop: blame=false active=true hold=114202621 move_ms=0 now=114202621 cursor=0
maybeLoadBlame: stale=true branch=master
 path=/tmp/oz_e2e_5144_79win.txt
maybeLoadBlame: stale=true branch=master
 path=/tmp/oz_e2e_5144_79win.txt
loop: blame=false active=true hold=114202930 move_ms=0 now=114202930 cursor=0
maybeLoadBlame: stale=true branch=master
 path=/tmp/oz_e2e_5144_80winsp.txt
maybeLoadBlame: stale=true branch=master
 path=/tmp/oz_e2e_5144_80winsp.txt
loop: blame=false active=true hold=114203237 move_ms=0 now=114203237 cursor=0
maybeLoadBlame: stale=true branch=master
 path=/tmp/ozfz_5144_81/a.txt
maybeLoadBlame: stale=true branch=master
 path=/tmp/ozfz_5144_81/a.txt
loop: blame=false active=true hold=1 move_ms=114204441 now=114204442 cursor=3
loop: blame=false active=true hold=1202 move_ms=114204441 now=114205643 cursor=3
loop: blame=false active=true hold=2403 move_ms=114204441 now=114206844 cursor=3
loop: blame=false active=true hold=3604 move_ms=114204441 now=114208045 cursor=3
loop: blame=false active=true hold=4806 move_ms=114204441 now=114209247 cursor=3
loop: blame=false active=true hold=6007 move_ms=114204441 now=114210448 cursor=3
loop: blame=false active=true hold=7209 move_ms=114204441 now=114211650 cursor=3
loop: blame=false active=true hold=8410 move_ms=114204441 now=114212851 cursor=3
loop: blame=false active=true hold=9611 move_ms=114204441 now=114214052 cursor=3
loop: blame=false active=true hold=10813 move_ms=114204441 now=114215254 cursor=3
loop: blame=false active=true hold=12015 move_ms=114204441 now=114216456 cursor=3
loop: blame=false active=true hold=13216 move_ms=114204441 now=114217657 cursor=3
loop: blame=false active=true hold=14417 move_ms=114204441 now=114218858 cursor=3
loop: blame=false active=true hold=15619 move_ms=114204441 now=114220060 cursor=3
loop: blame=false active=true hold=16820 move_ms=114204441 now=114221261 cursor=3
loop: blame=false active=true hold=18022 move_ms=114204441 now=114222463 cursor=3
loop: blame=false active=true hold=19223 move_ms=114204441 now=114223664 cursor=3
loop: blame=false active=true hold=20424 move_ms=114204441 now=114224865 cursor=3
loop: blame=false active=true hold=21625 move_ms=114204441 now=114226066 cursor=3
loop: blame=false active=true hold=22828 move_ms=114204441 now=114227269 cursor=3
loop: blame=false active=true hold=24032 move_ms=114204441 now=114228473 cursor=3
loop: blame=false active=true hold=25236 move_ms=114204441 now=114229677 cursor=3
loop: blame=false active=true hold=26440 move_ms=114204441 now=114230881 cursor=3
loop: blame=false active=true hold=27644 move_ms=114204441 now=114232085 cursor=3
loop: blame=false active=true hold=28848 move_ms=114204441 now=114233289 cursor=3
loop: blame=false active=true hold=30052 move_ms=114204441 now=114234493 cursor=3
loop: blame=false active=true hold=31257 move_ms=114204441 now=114235698 cursor=3
loop: blame=false active=true hold=32461 move_ms=114204441 now=114236902 cursor=3
loop: blame=false active=true hold=33665 move_ms=114204441 now=114238106 cursor=3
loop: blame=false active=true hold=34869 move_ms=114204441 now=114239310 cursor=3
loop: blame=false active=true hold=36073 move_ms=114204441 now=114240514 cursor=3
loop: blame=false active=true hold=37277 move_ms=114204441 now=114241718 cursor=3
loop: blame=false active=true hold=38481 move_ms=114204441 now=114242922 cursor=3
loop: blame=false active=true hold=39685 move_ms=114204441 now=114244126 cursor=3
loop: blame=false active=true hold=40889 move_ms=114204441 now=114245330 cursor=3
loop: blame=false active=true hold=42093 move_ms=114204441 now=114246534 cursor=3
loop: blame=false active=true hold=43297 move_ms=114204441 now=114247738 cursor=3
loop: blame=false active=true hold=44501 move_ms=114204441 now=114248942 cursor=3
loop: blame=false active=true hold=45705 move_ms=114204441 now=114250146 cursor=3
loop: blame=false active=true hold=46908 move_ms=114204441 now=114251349 cursor=3
loop: blame=false active=true hold=48109 move_ms=114204441 now=114252550 cursor=3
loop: blame=false active=true hold=49311 move_ms=114204441 now=114253752 cursor=3
loop: blame=false active=true hold=50512 move_ms=114204441 now=114254953 cursor=3
loop: blame=false active=true hold=51713 move_ms=114204441 now=114256154 cursor=3
loop: blame=false active=true hold=52915 move_ms=114204441 now=114257356 cursor=3
loop: blame=false active=true hold=54116 move_ms=114204441 now=114258557 cursor=3
loop: blame=false active=true hold=55317 move_ms=114204441 now=114259758 cursor=3
loop: blame=false active=true hold=56519 move_ms=114204441 now=114260960 cursor=3
loop: blame=false active=true hold=57720 move_ms=114204441 now=114262161 cursor=3
loop: blame=false active=true hold=58921 move_ms=114204441 now=114263362 cursor=3
loop: blame=false active=true hold=60122 move_ms=114204441 now=114264563 cursor=3
loop: blame=false active=true hold=61324 move_ms=114204441 now=114265765 cursor=3
loop: blame=false active=true hold=62525 move_ms=114204441 now=114266966 cursor=3
loop: blame=false active=true hold=63726 move_ms=114204441 now=114268167 cursor=3
loop: blame=false active=true hold=64928 move_ms=114204441 now=114269369 cursor=3
loop: blame=false active=true hold=66129 move_ms=114204441 now=114270570 cursor=3
loop: blame=false active=true hold=67330 move_ms=114204441 now=114271771 cursor=3
loop: blame=false active=true hold=68531 move_ms=114204441 now=114272972 cursor=3
loop: blame=false active=true hold=69733 move_ms=114204441 now=114274174 cursor=3
loop: blame=false active=true hold=0 move_ms=114275375 now=114275375 cursor=5
loop: blame=false active=true hold=1202 move_ms=114275375 now=114276577 cursor=5
loop: blame=false active=true hold=2403 move_ms=114275375 now=114277778 cursor=5
loop: blame=false active=true hold=3604 move_ms=114275375 now=114278979 cursor=5
loop: blame=false active=true hold=4805 move_ms=114275375 now=114280180 cursor=5
loop: blame=false active=true hold=6006 move_ms=114275375 now=114281381 cursor=5
loop: blame=false active=true hold=7208 move_ms=114275375 now=114282583 cursor=5
loop: blame=false active=true hold=8409 move_ms=114275375 now=114283784 cursor=5
loop: blame=false active=true hold=9610 move_ms=114275375 now=114284985 cursor=5
loop: blame=false active=true hold=10811 move_ms=114275375 now=114286186 cursor=5
loop: blame=false active=true hold=12013 move_ms=114275375 now=114287388 cursor=5
loop: blame=false active=true hold=13214 move_ms=114275375 now=114288589 cursor=5
loop: blame=false active=true hold=14415 move_ms=114275375 now=114289790 cursor=5
loop: blame=false active=true hold=15616 move_ms=114275375 now=114290991 cursor=5
loop: blame=false active=true hold=16818 move_ms=114275375 now=114292193 cursor=5
loop: blame=false active=true hold=18019 move_ms=114275375 now=114293394 cursor=5
loop: blame=false active=true hold=114293699 move_ms=0 now=114293699 cursor=0
maybeLoadBlame: stale=true branch=master
 path=/home/leoz/sources/oz/build.zig
maybeLoadBlame: stale=true branch=master
 path=/home/leoz/sources/oz/build.zig
blame consumed: out=70902B parsed=true
ghost cond: active=true mode=.normal blame=true hold=114293752 line=0 pathMatch=true cursor=0
ghost cond: active=true mode=.normal blame=true hold=114294153 line=0 pathMatch=true cursor=0
ghost cond: active=true mode=.normal blame=true hold=114294554 line=0 pathMatch=true cursor=0
ghost cond: active=true mode=.normal blame=true hold=114294954 line=0 pathMatch=true cursor=0
loop: blame=true active=true hold=114294954 move_ms=0 now=114294954 cursor=0
ghost cond: active=true mode=.normal blame=true hold=114295355 line=0 pathMatch=true cursor=0
ghost cond: active=true mode=.normal blame=true hold=114295756 line=0 pathMatch=true cursor=0
ghost cond: active=true mode=.normal blame=true hold=114296156 line=0 pathMatch=true cursor=0
loop: blame=true active=true hold=114296157 move_ms=0 now=114296157 cursor=0
ghost cond: active=true mode=.normal blame=true hold=114296557 line=0 pathMatch=true cursor=0
ghost cond: active=true mode=.normal blame=true hold=114296958 line=0 pathMatch=true cursor=0
ghost cond: active=true mode=.normal blame=true hold=114297359 line=0 pathMatch=true cursor=0
loop: blame=true active=true hold=114297359 move_ms=0 now=114297359 cursor=0
ghost cond: active=true mode=.normal blame=true hold=114297760 line=0 pathMatch=true cursor=0
ghost cond: active=true mode=.normal blame=true hold=114298162 line=0 pathMatch=true cursor=0
ghost cond: active=true mode=.normal blame=true hold=114298563 line=0 pathMatch=true cursor=0
loop: blame=true active=true hold=114298563 move_ms=0 now=114298563 cursor=0
ghost cond: active=true mode=.normal blame=true hold=114298964 line=0 pathMatch=true cursor=0
ghost cond: active=true mode=.normal blame=true hold=114299365 line=0 pathMatch=true cursor=0
ghost cond: active=true mode=.normal blame=true hold=114299766 line=0 pathMatch=true cursor=0
loop: blame=true active=true hold=114299766 move_ms=0 now=114299766 cursor=0
ghost cond: active=true mode=.normal blame=true hold=114300167 line=0 pathMatch=true cursor=0
ghost cond: active=true mode=.normal blame=true hold=114300568 line=0 pathMatch=true cursor=0
ghost cond: active=true mode=.normal blame=true hold=114300969 line=0 pathMatch=true cursor=0
loop: blame=true active=true hold=114300970 move_ms=0 now=114300970 cursor=0
ghost cond: active=true mode=.normal blame=true hold=114301371 line=0 pathMatch=true cursor=0
ghost cond: active=true mode=.normal blame=true hold=114301772 line=0 pathMatch=true cursor=0
ghost cond: active=true mode=.normal blame=true hold=114302173 line=0 pathMatch=true cursor=0
loop: blame=true active=true hold=114302174 move_ms=0 now=114302174 cursor=0
ghost cond: active=true mode=.normal blame=true hold=114302575 line=0 pathMatch=true cursor=0
ghost cond: active=true mode=.normal blame=true hold=114302976 line=0 pathMatch=true cursor=0
ghost cond: active=true mode=.normal blame=true hold=114303378 line=0 pathMatch=true cursor=0
loop: blame=true active=true hold=114303378 move_ms=0 now=114303378 cursor=0
ghost cond: active=true mode=.normal blame=true hold=114303779 line=0 pathMatch=true cursor=0
ghost cond: active=true mode=.normal blame=true hold=114304180 line=0 pathMatch=true cursor=0
ghost cond: active=true mode=.normal blame=true hold=114304582 line=0 pathMatch=true cursor=0
loop: blame=true active=true hold=114304582 move_ms=0 now=114304582 cursor=0
ghost cond: active=true mode=.normal blame=true hold=114304984 line=0 pathMatch=true cursor=0
ghost cond: active=true mode=.normal blame=true hold=114305385 line=0 pathMatch=true cursor=0
ghost cond: active=true mode=.normal blame=true hold=114305787 line=0 pathMatch=true cursor=0
loop: blame=true active=true hold=114305787 move_ms=0 now=114305787 cursor=0
ghost cond: active=true mode=.normal blame=true hold=114306188 line=0 pathMatch=true cursor=0
ghost cond: active=true mode=.normal blame=true hold=114306590 line=0 pathMatch=true cursor=0
ghost cond: active=true mode=.normal blame=true hold=114306991 line=0 pathMatch=true cursor=0
loop: blame=true active=true hold=114306991 move_ms=0 now=114306991 cursor=0
ghost cond: active=true mode=.normal blame=true hold=114307393 line=0 pathMatch=true cursor=0
ghost cond: active=true mode=.normal blame=true hold=114307794 line=0 pathMatch=true cursor=0
ghost cond: active=true mode=.normal blame=true hold=114308196 line=0 pathMatch=true cursor=0
loop: blame=true active=true hold=114308196 move_ms=0 now=114308196 cursor=0
ghost cond: active=true mode=.normal blame=true hold=114308597 line=0 pathMatch=true cursor=0
ghost cond: active=true mode=.normal blame=true hold=114308999 line=0 pathMatch=true cursor=0
ghost cond: active=true mode=.normal blame=true hold=114309400 line=0 pathMatch=true cursor=0
loop: blame=true active=true hold=114309401 move_ms=0 now=114309401 cursor=0
ghost cond: active=true mode=.normal blame=true hold=114309802 line=0 pathMatch=true cursor=0
ghost cond: active=true mode=.normal blame=true hold=114310204 line=0 pathMatch=true cursor=0
ghost cond: active=true mode=.normal blame=true hold=114310605 line=0 pathMatch=true cursor=0
loop: blame=true active=true hold=114310606 move_ms=0 now=114310606 cursor=0
ghost cond: active=true mode=.normal blame=true hold=114311007 line=0 pathMatch=true cursor=0
ghost cond: active=true mode=.normal blame=true hold=114311409 line=0 pathMatch=true cursor=0
ghost cond: active=true mode=.normal blame=true hold=114311810 line=0 pathMatch=true cursor=0
loop: blame=true active=true hold=114311811 move_ms=0 now=114311811 cursor=0
ghost cond: active=true mode=.normal blame=true hold=114312212 line=0 pathMatch=true cursor=0
ghost cond: active=true mode=.normal blame=true hold=114312614 line=0 pathMatch=true cursor=0
ghost cond: active=true mode=.normal blame=true hold=114313016 line=0 pathMatch=true cursor=0
loop: blame=true active=true hold=114313016 move_ms=0 now=114313016 cursor=0
ghost cond: active=true mode=.normal blame=true hold=114313417 line=0 pathMatch=true cursor=0
ghost cond: active=true mode=.normal blame=true hold=114313819 line=0 pathMatch=true cursor=0
ghost cond: active=true mode=.normal blame=true hold=114314220 line=0 pathMatch=true cursor=0
loop: blame=true active=true hold=114314220 move_ms=0 now=114314220 cursor=0
ghost cond: active=true mode=.normal blame=true hold=114314622 line=0 pathMatch=true cursor=0
ghost cond: active=true mode=.normal blame=true hold=114315023 line=0 pathMatch=true cursor=0
ghost cond: active=true mode=.normal blame=true hold=114315425 line=0 pathMatch=true cursor=0
loop: blame=true active=true hold=114315425 move_ms=0 now=114315425 cursor=0
ghost cond: active=true mode=.normal blame=true hold=114315826 line=0 pathMatch=true cursor=0
ghost cond: active=true mode=.normal blame=true hold=114316228 line=0 pathMatch=true cursor=0
ghost cond: active=true mode=.normal blame=true hold=114316630 line=0 pathMatch=true cursor=0
loop: blame=true active=true hold=114316630 move_ms=0 now=114316630 cursor=0
ghost cond: active=true mode=.normal blame=true hold=114317031 line=0 pathMatch=true cursor=0
ghost cond: active=true mode=.normal blame=true hold=114317433 line=0 pathMatch=true cursor=0
ghost cond: active=true mode=.normal blame=true hold=114317835 line=0 pathMatch=true cursor=0
loop: blame=false active=true hold=114318240 move_ms=0 now=114318240 cursor=0
maybeLoadBlame: stale=true branch=master
 path=/tmp/oz_5144_82a.txt
maybeLoadBlame: stale=true branch=master
 path=/tmp/oz_5144_82a.txt
loop: blame=false active=true hold=114318550 move_ms=0 now=114318550 cursor=0
maybeLoadBlame: stale=true branch=master
 path=/tmp/oz_e2e_5144_86bhb.txt
maybeLoadBlame: stale=true branch=master
 path=/tmp/oz_e2e_5144_86bhb.txt
loop: blame=false active=true hold=114318859 move_ms=0 now=114318859 cursor=0
maybeLoadBlame: stale=true branch=master
 path=/home/leoz/sources/oz/build.zig
maybeLoadBlame: stale=true branch=master
 path=/home/leoz/sources/oz/build.zig
blame consumed: out=70902B parsed=true
ghost cond: active=true mode=.normal blame=true hold=114318915 line=0 pathMatch=true cursor=0
loop: blame=false active=true hold=114319225 move_ms=0 now=114319225 cursor=0
maybeLoadBlame: stale=true branch=master
 path=/home/leoz/sources/oz/build.zig
maybeLoadBlame: stale=true branch=master
 path=/home/leoz/sources/oz/build.zig
loop: blame=false active=true hold=114319642 move_ms=0 now=114319642 cursor=0
maybeLoadBlame: stale=true branch=master
 path=/tmp/oz_e2e_5144_87lsp.go
maybeLoadBlame: stale=true branch=master
 path=/tmp/oz_e2e_5144_87lsp.go
loop: blame=false active=true hold=114319971 move_ms=0 now=114319971 cursor=0
maybeLoadBlame: stale=true branch=master
 path=/tmp/oz_e2e_5144_88lspm.zig
maybeLoadBlame: stale=true branch=master
 path=/tmp/oz_e2e_5144_88lspm.zig
loop: blame=false active=true hold=114320445 move_ms=0 now=114320445 cursor=0
maybeLoadBlame: stale=true branch=master
 path=/tmp/oz_e2e_5144_89diagc.zig
maybeLoadBlame: stale=true branch=master
 path=/tmp/oz_e2e_5144_89diagc.zig
loop: blame=false active=true hold=114320821 move_ms=0 now=114320821 cursor=0
maybeLoadBlame: stale=true branch=master
 path=/tmp/oz_e2e_5144_90jksync.zig
maybeLoadBlame: stale=true branch=master
 path=/tmp/oz_e2e_5144_90jksync.zig
loop: blame=false active=true hold=114321195 move_ms=0 now=114321195 cursor=0
maybeLoadBlame: stale=true branch=master
 path=/tmp/oz_e2e_5144_91diag.zig
maybeLoadBlame: stale=true branch=master
 path=/tmp/oz_e2e_5144_91diag.zig
loop: blame=false active=true hold=114321669 move_ms=0 now=114321669 cursor=0
maybeLoadBlame: stale=true branch=master
 path=/tmp/oz_e2e_5144_92nav.zig
maybeLoadBlame: stale=true branch=master
 path=/tmp/oz_e2e_5144_92nav.zig
loop: blame=false active=true hold=114322240 move_ms=0 now=114322240 cursor=0
maybeLoadBlame: stale=true branch=master
 path=/tmp/oz_e2e_5144_93comp.zig
maybeLoadBlame: stale=true branch=master
 path=/tmp/oz_e2e_5144_93comp.zig
loop: blame=false active=true hold=114322716 move_ms=0 now=114322716 cursor=0
maybeLoadBlame: stale=true branch=master
 path=/tmp/oz_e2e_5144_94auto.zig
maybeLoadBlame: stale=true branch=master
 path=/tmp/oz_e2e_5144_94auto.zig
loop: blame=false active=true hold=114323191 move_ms=0 now=114323191 cursor=0
maybeLoadBlame: stale=true branch=master
 path=/tmp/oz_e2e_5144_95trig.zig
maybeLoadBlame: stale=true branch=master
 path=/tmp/oz_e2e_5144_95trig.zig
loop: blame=false active=true hold=114323667 move_ms=0 now=114323667 cursor=0
maybeLoadBlame: stale=true branch=master
 path=/tmp/oz_e2e_5144_96dyn.zig
maybeLoadBlame: stale=true branch=master
 path=/tmp/oz_e2e_5144_96dyn.zig
loop: blame=false active=true hold=114324143 move_ms=0 now=114324143 cursor=0
maybeLoadBlame: stale=true branch=master
 path=/tmp/oz_e2e_5144_97snp.zig
maybeLoadBlame: stale=true branch=master
 path=/tmp/oz_e2e_5144_97snp.zig
loop: blame=false active=true hold=114324620 move_ms=0 now=114324620 cursor=0
maybeLoadBlame: stale=true branch=master
 path=/tmp/oz_e2e_5144_98flow.zig
maybeLoadBlame: stale=true branch=master
 path=/tmp/oz_e2e_5144_98flow.zig
loop: blame=false active=true hold=114325113 move_ms=0 now=114325113 cursor=0
maybeLoadBlame: stale=true branch=master
 path=/tmp/oz_e2e_5144_99sig.zig
maybeLoadBlame: stale=true branch=master
 path=/tmp/oz_e2e_5144_99sig.zig
loop: blame=false active=true hold=114325590 move_ms=0 now=114325590 cursor=0
maybeLoadBlame: stale=true branch=master
 path=/tmp/oz_e2e_5144_100edit.zig
maybeLoadBlame: stale=true branch=master
 path=/tmp/oz_e2e_5144_100edit.zig
loop: blame=false active=true hold=0 move_ms=114330646 now=114330646 cursor=20
loop: blame=false active=true hold=114331052 move_ms=0 now=114331052 cursor=0
maybeLoadBlame: stale=true branch=master
 path=/tmp/oz_e2e_5144_101cmdt.zig
maybeLoadBlame: stale=true branch=master
 path=/tmp/oz_e2e_5144_101cmdt.zig
loop: blame=false active=true hold=114331405 move_ms=0 now=114331405 cursor=0
maybeLoadBlame: stale=true branch=master
 path=/tmp/oz_e2e_5144_102km.txt
maybeLoadBlame: stale=true branch=master
 path=/tmp/oz_e2e_5144_102km.txt
loop: blame=false active=true hold=114331716 move_ms=0 now=114331716 cursor=0
maybeLoadBlame: stale=true branch=master
 path=/tmp/oz_e2e_5144_103tr.txt
maybeLoadBlame: stale=true branch=master
 path=/tmp/oz_e2e_5144_103tr.txt
loop: blame=false active=true hold=114332024 move_ms=0 now=114332024 cursor=0
maybeLoadBlame: stale=true branch=master
 path=/home/leoz/sources/oz/build.zig
maybeLoadBlame: stale=true branch=master
 path=/home/leoz/sources/oz/build.zig
loop: blame=false active=true hold=114332380 move_ms=0 now=114332380 cursor=0
maybeLoadBlame: stale=true branch=master
 path=/tmp/oz_e2e_5144_104_newfile.txt
loop: blame=false active=true hold=114332689 move_ms=0 now=114332689 cursor=0
maybeLoadBlame: stale=true branch=master
 path=/tmp/oz_e2e_5144_105_view.txt
maybeLoadBlame: stale=true branch=master
 path=/tmp/oz_e2e_5144_105_view.txt
loop: blame=false active=true hold=114332999 move_ms=0 now=114332999 cursor=0
maybeLoadBlame: stale=true branch=master
 path=/tmp/oz_e2e_5144_106fold.py
maybeLoadBlame: stale=true branch=master
 path=/tmp/oz_e2e_5144_106fold.py
loop: blame=false active=true hold=114333330 move_ms=0 now=114333330 cursor=0
maybeLoadBlame: stale=true branch=main
 path=/tmp/oz_e2e_git_5144/a.txt
maybeLoadBlame: stale=true branch=main
 path=/tmp/oz_e2e_git_5144/a.txt
blame consumed: out=5203B parsed=true
maybeLoadBlame: stale=true branch=main
 path=/tmp/oz_e2e_git_5144/a.txt
maybeLoadBlame: stale=true branch=main
 path=/tmp/oz_e2e_git_5144/a.txt
blame consumed: out=5203B parsed=true
maybeLoadBlame: stale=true branch=main
 path=/tmp/oz_e2e_git_5144/a.txt
maybeLoadBlame: stale=true branch=main
 path=/tmp/oz_e2e_git_5144/a.txt
blame consumed: out=5364B parsed=true
loop: blame=true active=true hold=894 move_ms=114333436 now=114334330 cursor=105
ghost cond: active=true mode=.normal blame=true hold=1000 line=16 pathMatch=true cursor=105
ghost SKIP: active=false mode=.normal blame=true hold=1001
maybeLoadBlame: stale=false branch=main
 path=/tmp/oz_e2e_git_5144/a.txt
ghost cond: active=true mode=.normal blame=true hold=1001 line=16 pathMatch=true cursor=105
maybeLoadBlame: stale=true branch=main
 path=/tmp/oz_e2e_git_5144/b.txt
maybeLoadBlame: stale=true branch=main
 path=/tmp/oz_e2e_git_5144/b.txt
loop: blame=false active=true hold=114334751 move_ms=0 now=114334751 cursor=0
maybeLoadBlame: stale=true branch=main
 path=/tmp/oz_e2e_ghost_5144/a.txt
maybeLoadBlame: stale=true branch=main
 path=/tmp/oz_e2e_ghost_5144/a.txt
blame consumed: out=288B parsed=true
ghost cond: active=true mode=.normal blame=true hold=114334755 line=0 pathMatch=true cursor=0
ghost cond: active=true mode=.normal blame=true hold=114335055 line=0 pathMatch=true cursor=0
loop: blame=false active=true hold=114335360 move_ms=0 now=114335360 cursor=0
maybeLoadBlame: stale=true branch=master
 path=/tmp/oz_e2e_5144_107term.txt
maybeLoadBlame: stale=true branch=master
 path=/tmp/oz_e2e_5144_107term.txt
loop: blame=false active=true hold=114335933 move_ms=0 now=114335933 cursor=0
maybeLoadBlame: stale=true branch=master
 path=/tmp/oz_e2e_5144_108termq.txt
maybeLoadBlame: stale=true branch=master
 path=/tmp/oz_e2e_5144_108termq.txt
loop: blame=false active=true hold=114336786 move_ms=0 now=114336786 cursor=0
loop: blame=false active=true hold=114337092 move_ms=0 now=114337092 cursor=0
maybeLoadBlame: stale=true branch=master
 path=/tmp/oz_e2e_7024_1.txt
maybeLoadBlame: stale=true branch=master
 path=/tmp/oz_e2e_7024_1.txt
loop: blame=false active=true hold=114337399 move_ms=0 now=114337399 cursor=0
maybeLoadBlame: stale=true branch=master
 path=/tmp/oz_e2e_7024_2.txt
maybeLoadBlame: stale=true branch=master
 path=/tmp/oz_e2e_7024_2.txt
loop: blame=false active=true hold=114337706 move_ms=0 now=114337706 cursor=0
loop: blame=false active=true hold=114338013 move_ms=0 now=114338013 cursor=0
loop: blame=false active=true hold=114338319 move_ms=0 now=114338319 cursor=0
maybeLoadBlame: stale=true branch=master
 path=/tmp/oz_e2e_7024_5th.txt
maybeLoadBlame: stale=true branch=master
 path=/tmp/oz_e2e_7024_5th.txt
loop: blame=false active=true hold=114338627 move_ms=0 now=114338627 cursor=0
maybeLoadBlame: stale=true branch=master
 path=/tmp/oz_e2e_7024_6thp.txt
maybeLoadBlame: stale=true branch=master
 path=/tmp/oz_e2e_7024_6thp.txt
loop: blame=false active=true hold=114338936 move_ms=0 now=114338936 cursor=0
maybeLoadBlame: stale=true branch=master
 path=/tmp/oz_e2e_7024_7.txt
maybeLoadBlame: stale=true branch=master
 path=/tmp/oz_e2e_7024_7.txt
loop: blame=false active=true hold=114339243 move_ms=0 now=114339243 cursor=0
maybeLoadBlame: stale=true branch=master
 path=/tmp/oz_e2e_7024_8.txt
maybeLoadBlame: stale=true branch=master
 path=/tmp/oz_e2e_7024_8.txt
loop: blame=false active=true hold=114339551 move_ms=0 now=114339551 cursor=0
maybeLoadBlame: stale=true branch=master
 path=/tmp/oz_e2e_7024_9search.txt
maybeLoadBlame: stale=true branch=master
 path=/tmp/oz_e2e_7024_9search.txt
loop: blame=false active=true hold=114339860 move_ms=0 now=114339860 cursor=0
maybeLoadBlame: stale=true branch=master
 path=/tmp/oz_e2e_7024_10.txt
maybeLoadBlame: stale=true branch=master
 path=/tmp/oz_e2e_7024_10.txt
loop: blame=false active=true hold=114340168 move_ms=0 now=114340168 cursor=0
maybeLoadBlame: stale=true branch=master
 path=/tmp/oz_e2e_7024_11.txt
maybeLoadBlame: stale=true branch=master
 path=/tmp/oz_e2e_7024_11.txt
loop: blame=false active=true hold=114340477 move_ms=0 now=114340477 cursor=0
maybeLoadBlame: stale=true branch=master
 path=/tmp/oz_e2e_7024.zig
maybeLoadBlame: stale=true branch=master
 path=/tmp/oz_e2e_7024.zig
loop: blame=false active=true hold=114340833 move_ms=0 now=114340833 cursor=0
loop: blame=false active=true hold=114341140 move_ms=0 now=114341140 cursor=0
maybeLoadBlame: stale=true branch=master
 path=/tmp/oz_e2e_7024_13.txt
maybeLoadBlame: stale=true branch=master
 path=/tmp/oz_e2e_7024_13.txt
loop: blame=false active=true hold=114341450 move_ms=0 now=114341450 cursor=0
maybeLoadBlame: stale=true branch=master
 path=/tmp/oz_e2e_7024_14.txt
maybeLoadBlame: stale=true branch=master
 path=/tmp/oz_e2e_7024_14.txt
loop: blame=false active=true hold=114341758 move_ms=0 now=114341758 cursor=0
maybeLoadBlame: stale=true branch=master
 path=/tmp/oz_e2e_7024_15.txt
maybeLoadBlame: stale=true branch=master
 path=/tmp/oz_e2e_7024_15.txt
loop: blame=false active=true hold=114342064 move_ms=0 now=114342064 cursor=0
loop: blame=false active=true hold=114342370 move_ms=0 now=114342370 cursor=0
maybeLoadBlame: stale=true branch=master
 path=/tmp/oz_e2e_7024_17.txt
maybeLoadBlame: stale=true branch=master
 path=/tmp/oz_e2e_7024_17.txt
loop: blame=false active=true hold=114342679 move_ms=0 now=114342679 cursor=0
loop: blame=false active=true hold=114342985 move_ms=0 now=114342985 cursor=0
loop: blame=false active=true hold=114343291 move_ms=0 now=114343291 cursor=0
maybeLoadBlame: stale=true branch=master
 path=/tmp/oz_e2e_7024_19.txt
maybeLoadBlame: stale=true branch=master
 path=/tmp/oz_e2e_7024_19.txt
maybeLoadBlame: stale=true branch=master
 path=/home/leoz/sources/oz/test/e2e.zig
maybeLoadBlame: stale=true branch=master
 path=/home/leoz/sources/oz/test/e2e.zig
blame consumed: out=5611461B parsed=true
loop: blame=true active=true hold=980 move_ms=114343311 now=114344291 cursor=95781
ghost cond: active=true mode=.normal blame=true hold=1000 line=2573 pathMatch=true cursor=95781
ghost cond: active=true mode=.normal blame=true hold=6003 line=2573 pathMatch=true cursor=95781
loop: blame=false active=true hold=114349619 move_ms=0 now=114349619 cursor=0
maybeLoadBlame: stale=true branch=master
 path=/tmp/oz_e2e_7024_20g.txt
maybeLoadBlame: stale=true branch=master
 path=/tmp/oz_e2e_7024_20g.txt
maybeLoadBlame: stale=true branch=master
 path=/home/leoz/sources/oz/patches/vaxis-Screen.zig
maybeLoadBlame: stale=true branch=master
 path=/home/leoz/sources/oz/patches/vaxis-Screen.zig
loop: blame=false active=true hold=114350101 move_ms=0 now=114350101 cursor=0
maybeLoadBlame: stale=true branch=master
 path=/tmp/oz_e2e_7024_21.txt
maybeLoadBlame: stale=true branch=master
 path=/tmp/oz_e2e_7024_21.txt
loop: blame=false active=true hold=114350411 move_ms=0 now=114350411 cursor=0
maybeLoadBlame: stale=true branch=master
 path=/tmp/oz_e2e_7024_22ftb.txt
maybeLoadBlame: stale=true branch=master
 path=/tmp/oz_e2e_7024_22ftb.txt
loop: blame=false active=true hold=114350718 move_ms=0 now=114350718 cursor=0
maybeLoadBlame: stale=true branch=master
 path=/tmp/oz_e2e_7024_24b.txt
loop: blame=false active=true hold=114351026 move_ms=0 now=114351026 cursor=0
maybeLoadBlame: stale=true branch=master
 path=/tmp/oz_e2e_7024_26pb.txt
loop: blame=false active=true hold=114351334 move_ms=0 now=114351334 cursor=0
maybeLoadBlame: stale=true branch=master
 path=/tmp/oz_e2e_7024_28kb.txt
loop: blame=false active=true hold=114351642 move_ms=0 now=114351642 cursor=0
loop: blame=false active=true hold=114351949 move_ms=0 now=114351949 cursor=0
maybeLoadBlame: stale=true branch=master
 path=/tmp/oz_e2e_7024_30ra.txt
maybeLoadBlame: stale=true branch=master
 path=/tmp/oz_e2e_7024_30ra.txt
loop: blame=false active=true hold=114352258 move_ms=0 now=114352258 cursor=0
maybeLoadBlame: stale=true branch=master
 path=/tmp/oz_e2e_7024_32syn.zig
maybeLoadBlame: stale=true branch=master
 path=/tmp/oz_e2e_7024_32syn.zig
loop: blame=false active=true hold=114352611 move_ms=0 now=114352611 cursor=0
maybeLoadBlame: stale=true branch=master
 path=/tmp/oz_e2e_7024_33drift.zig
maybeLoadBlame: stale=true branch=master
 path=/tmp/oz_e2e_7024_33drift.zig
loop: blame=false active=true hold=114352988 move_ms=0 now=114352988 cursor=0
loop: blame=false active=true hold=114353295 move_ms=0 now=114353295 cursor=0
maybeLoadBlame: stale=true branch=master
 path=/tmp/oz_e2e_7024_35vis.zig
maybeLoadBlame: stale=true branch=master
 path=/tmp/oz_e2e_7024_35vis.zig
loop: blame=false active=true hold=114354115 move_ms=0 now=114354115 cursor=0
maybeLoadBlame: stale=true branch=master
 path=/tmp/oz_e2e_7024_36.zig
maybeLoadBlame: stale=true branch=master
 path=/tmp/oz_e2e_7024_36.zig
loop: blame=false active=true hold=114354725 move_ms=0 now=114354725 cursor=0
maybeLoadBlame: stale=true branch=master
 path=/tmp/oz_e2e_7024_37.zig
maybeLoadBlame: stale=true branch=master
 path=/tmp/oz_e2e_7024_37.zig
loop: blame=false active=true hold=114355335 move_ms=0 now=114355335 cursor=0
maybeLoadBlame: stale=true branch=master
 path=/tmp/oz_e2e_7024_38.txt
maybeLoadBlame: stale=true branch=master
 path=/tmp/oz_e2e_7024_38.txt
loop: blame=false active=true hold=114355644 move_ms=0 now=114355644 cursor=0
loop: blame=false active=true hold=114355951 move_ms=0 now=114355951 cursor=0
maybeLoadBlame: stale=true branch=master
 path=/tmp/oz_e2e_7024_40blkc.txt
maybeLoadBlame: stale=true branch=master
 path=/tmp/oz_e2e_7024_40blkc.txt
loop: blame=false active=true hold=114356260 move_ms=0 now=114356260 cursor=0
maybeLoadBlame: stale=true branch=master
 path=/tmp/oz_e2e_7024_41.txt
maybeLoadBlame: stale=true branch=master
 path=/tmp/oz_e2e_7024_41.txt
loop: blame=false active=true hold=114356569 move_ms=0 now=114356569 cursor=0
maybeLoadBlame: stale=true branch=master
 path=/tmp/oz_e2e_7024_42.txt
maybeLoadBlame: stale=true branch=master
 path=/tmp/oz_e2e_7024_42.txt
loop: blame=false active=true hold=114356877 move_ms=0 now=114356877 cursor=0
maybeLoadBlame: stale=true branch=master
 path=/tmp/oz_e2e_7024_43f.txt
maybeLoadBlame: stale=true branch=master
 path=/tmp/oz_e2e_7024_43f.txt
loop: blame=false active=true hold=114357186 move_ms=0 now=114357186 cursor=0
maybeLoadBlame: stale=true branch=master
 path=/tmp/oz_e2e_7024_44p.txt
maybeLoadBlame: stale=true branch=master
 path=/tmp/oz_e2e_7024_44p.txt
loop: blame=false active=true hold=114357494 move_ms=0 now=114357494 cursor=0
maybeLoadBlame: stale=true branch=master
 path=/tmp/oz_e2e_7024_45vl.txt
maybeLoadBlame: stale=true branch=master
 path=/tmp/oz_e2e_7024_45vl.txt
loop: blame=false active=true hold=114357802 move_ms=0 now=114357802 cursor=0
maybeLoadBlame: stale=true branch=master
 path=/tmp/oz_e2e_7024_46ft2.txt
maybeLoadBlame: stale=true branch=master
 path=/tmp/oz_e2e_7024_46ft2.txt
loop: blame=false active=true hold=114358111 move_ms=0 now=114358111 cursor=0
maybeLoadBlame: stale=true branch=master
 path=/tmp/oz_e2e_7024_48gtb.txt
loop: blame=false active=true hold=114358420 move_ms=0 now=114358420 cursor=0
maybeLoadBlame: stale=true branch=master
 path=/tmp/oz_e2e_7024_49ent.txt
maybeLoadBlame: stale=true branch=master
 path=/tmp/oz_e2e_7024_49ent.txt
loop: blame=false active=true hold=114358727 move_ms=0 now=114358727 cursor=0
maybeLoadBlame: stale=true branch=master
 path=/tmp/oz_e2e_7024_50enti.txt
maybeLoadBlame: stale=true branch=master
 path=/tmp/oz_e2e_7024_50enti.txt
loop: blame=false active=true hold=114359034 move_ms=0 now=114359034 cursor=0
maybeLoadBlame: stale=true branch=master
 path=/tmp/oz_e2e_7024_51ctl.txt
maybeLoadBlame: stale=true branch=master
 path=/tmp/oz_e2e_7024_51ctl.txt
loop: blame=false active=true hold=114359342 move_ms=0 now=114359342 cursor=0
maybeLoadBlame: stale=true branch=master
 path=/tmp/oz_e2e_7024_52alt.txt
maybeLoadBlame: stale=true branch=master
 path=/tmp/oz_e2e_7024_52alt.txt
loop: blame=false active=true hold=114359650 move_ms=0 now=114359650 cursor=0
maybeLoadBlame: stale=true branch=master
 path=/tmp/oz_e2e_7024_53g.txt
maybeLoadBlame: stale=true branch=master
 path=/tmp/oz_e2e_7024_53g.txt
maybeLoadBlame: stale=true branch=master
 path=/home/leoz/sources/oz/src/root.zig
maybeLoadBlame: stale=true branch=master
 path=/home/leoz/sources/oz/src/root.zig
loop: blame=false active=true hold=114360006 move_ms=0 now=114360006 cursor=0
maybeLoadBlame: stale=true branch=master
 path=/tmp/oz_e2e_7024_54v.txt
maybeLoadBlame: stale=true branch=master
 path=/tmp/oz_e2e_7024_54v.txt
loop: blame=false active=true hold=114360314 move_ms=0 now=114360314 cursor=0
loop: blame=false active=true hold=114360620 move_ms=0 now=114360620 cursor=0
loop: blame=false active=true hold=114360927 move_ms=0 now=114360927 cursor=0
loop: blame=false active=true hold=114361234 move_ms=0 now=114361234 cursor=0
loop: blame=false active=true hold=114361540 move_ms=0 now=114361540 cursor=0
loop: blame=false active=true hold=114361847 move_ms=0 now=114361847 cursor=0
loop: blame=false active=true hold=114362153 move_ms=0 now=114362153 cursor=0
loop: blame=false active=true hold=114362459 move_ms=0 now=114362459 cursor=0
maybeLoadBlame: stale=true branch=master
 path=/tmp/oz_e2e_7024_62cnt.txt
maybeLoadBlame: stale=true branch=master
 path=/tmp/oz_e2e_7024_62cnt.txt
loop: blame=false active=true hold=114362767 move_ms=0 now=114362767 cursor=0
loop: blame=false active=true hold=114363074 move_ms=0 now=114363074 cursor=0
loop: blame=false active=true hold=114363381 move_ms=0 now=114363381 cursor=0
loop: blame=false active=true hold=114363690 move_ms=0 now=114363690 cursor=0
loop: blame=false active=true hold=114363997 move_ms=0 now=114363997 cursor=0
maybeLoadBlame: stale=true branch=master
 path=/home/leoz/sources/oz/build.zig
maybeLoadBlame: stale=true branch=master
 path=/home/leoz/sources/oz/build.zig
maybeLoadBlame: stale=true branch=master
 path=/home/leoz/sources/oz/README.md
maybeLoadBlame: stale=true branch=master
 path=/home/leoz/sources/oz/README.md
blame consumed: out=15464B parsed=true
ghost cond: active=true mode=.normal blame=true hold=114364053 line=0 pathMatch=true cursor=0
ghost cond: active=true mode=.normal blame=true hold=114364104 line=0 pathMatch=true cursor=0
ghost cond: active=true mode=.normal blame=true hold=114364154 line=0 pathMatch=true cursor=0
ghost cond: active=true mode=.normal blame=true hold=114364205 line=0 pathMatch=true cursor=0
ghost cond: active=true mode=.normal blame=true hold=114364256 line=0 pathMatch=true cursor=0
ghost cond: active=true mode=.normal blame=true hold=114364306 line=0 pathMatch=true cursor=0
ghost cond: active=true mode=.normal blame=true hold=114364407 line=0 pathMatch=true cursor=0
maybeLoadBlame: stale=true branch=master
 path=/home/leoz/sources/oz/src/buffer/ops.zig
maybeLoadBlame: stale=true branch=master
 path=/home/leoz/sources/oz/src/buffer/ops.zig
ghost cond: active=true mode=.normal blame=true hold=114364408 line=0 pathMatch=true cursor=0
ghost cond: active=true mode=.normal blame=true hold=114364409 line=0 pathMatch=true cursor=0
loop: blame=false active=true hold=114364713 move_ms=0 now=114364713 cursor=0
loop: blame=false active=true hold=114365020 move_ms=0 now=114365020 cursor=0
maybeLoadBlame: stale=true branch=master
 path=/tmp/oz_e2e_7024_68ud2.txt
maybeLoadBlame: stale=true branch=master
 path=/tmp/oz_e2e_7024_68ud2.txt
loop: blame=false active=true hold=114365327 move_ms=0 now=114365327 cursor=0
loop: blame=false active=true hold=114365634 move_ms=0 now=114365634 cursor=0
loop: blame=false active=true hold=114365941 move_ms=0 now=114365941 cursor=0
loop: blame=false active=true hold=114366247 move_ms=0 now=114366247 cursor=0
maybeLoadBlame: stale=true branch=master
 path=/tmp/oz_e2e_7024_72yank.txt
maybeLoadBlame: stale=true branch=master
 path=/tmp/oz_e2e_7024_72yank.txt
loop: blame=false active=true hold=114366556 move_ms=0 now=114366556 cursor=0
loop: blame=false active=true hold=114366863 move_ms=0 now=114366863 cursor=0
maybeLoadBlame: stale=true branch=master
 path=/tmp/oz_e2e_7024_74foc.txt
maybeLoadBlame: stale=true branch=master
 path=/tmp/oz_e2e_7024_74foc.txt
loop: blame=false active=true hold=114367172 move_ms=0 now=114367172 cursor=0
maybeLoadBlame: stale=true branch=master
 path=/tmp/oz_e2e_7024_75comp.txt
maybeLoadBlame: stale=true branch=master
 path=/tmp/oz_e2e_7024_75comp.txt
loop: blame=false active=true hold=114367479 move_ms=0 now=114367479 cursor=0
maybeLoadBlame: stale=true branch=master
 path=/tmp/oz_e2e_7024_76compc.txt
maybeLoadBlame: stale=true branch=master
 path=/tmp/oz_e2e_7024_76compc.txt
loop: blame=false active=true hold=114367788 move_ms=0 now=114367788 cursor=0
maybeLoadBlame: stale=true branch=master
 path=/tmp/oz_e2e_7024_77compn.txt
maybeLoadBlame: stale=true branch=master
 path=/tmp/oz_e2e_7024_77compn.txt
loop: blame=false active=true hold=1203 move_ms=114367789 now=114368992 cursor=34
loop: blame=false active=true hold=114369297 move_ms=0 now=114369297 cursor=0
maybeLoadBlame: stale=true branch=master
 path=/tmp/oz_e2e_7024_78jcol.zig
maybeLoadBlame: stale=true branch=master
 path=/tmp/oz_e2e_7024_78jcol.zig
loop: blame=false active=true hold=114369652 move_ms=0 now=114369652 cursor=0
maybeLoadBlame: stale=true branch=master
 path=/tmp/oz_e2e_7024_79win.txt
maybeLoadBlame: stale=true branch=master
 path=/tmp/oz_e2e_7024_79win.txt
loop: blame=false active=true hold=114369961 move_ms=0 now=114369961 cursor=0
maybeLoadBlame: stale=true branch=master
 path=/tmp/oz_e2e_7024_80winsp.txt
maybeLoadBlame: stale=true branch=master
 path=/tmp/oz_e2e_7024_80winsp.txt
loop: blame=false active=true hold=114370268 move_ms=0 now=114370268 cursor=0
maybeLoadBlame: stale=true branch=master
 path=/tmp/ozfz_7024_81/a.txt
maybeLoadBlame: stale=true branch=master
 path=/tmp/ozfz_7024_81/a.txt
loop: blame=false active=true hold=0 move_ms=114371473 now=114371473 cursor=3
loop: blame=false active=true hold=1202 move_ms=114371473 now=114372675 cursor=3
loop: blame=false active=true hold=2403 move_ms=114371473 now=114373876 cursor=3
loop: blame=false active=true hold=3604 move_ms=114371473 now=114375077 cursor=3
loop: blame=false active=true hold=4805 move_ms=114371473 now=114376278 cursor=3
loop: blame=false active=true hold=6006 move_ms=114371473 now=114377479 cursor=3
loop: blame=false active=true hold=7208 move_ms=114371473 now=114378681 cursor=3
loop: blame=false active=true hold=8409 move_ms=114371473 now=114379882 cursor=3
loop: blame=false active=true hold=9611 move_ms=114371473 now=114381084 cursor=3
loop: blame=false active=true hold=10812 move_ms=114371473 now=114382285 cursor=3
loop: blame=false active=true hold=12014 move_ms=114371473 now=114383487 cursor=3
loop: blame=false active=true hold=13215 move_ms=114371473 now=114384688 cursor=3
loop: blame=false active=true hold=14417 move_ms=114371473 now=114385890 cursor=3
loop: blame=false active=true hold=15618 move_ms=114371473 now=114387091 cursor=3
loop: blame=false active=true hold=16819 move_ms=114371473 now=114388292 cursor=3
loop: blame=false active=true hold=18021 move_ms=114371473 now=114389494 cursor=3
loop: blame=false active=true hold=19223 move_ms=114371473 now=114390696 cursor=3
loop: blame=false active=true hold=20424 move_ms=114371473 now=114391897 cursor=3
loop: blame=false active=true hold=21625 move_ms=114371473 now=114393098 cursor=3
loop: blame=false active=true hold=22828 move_ms=114371473 now=114394301 cursor=3
loop: blame=false active=true hold=24031 move_ms=114371473 now=114395504 cursor=3
loop: blame=false active=true hold=25237 move_ms=114371473 now=114396710 cursor=3
loop: blame=false active=true hold=26441 move_ms=114371473 now=114397914 cursor=3
loop: blame=false active=true hold=27646 move_ms=114371473 now=114399119 cursor=3
loop: blame=false active=true hold=28850 move_ms=114371473 now=114400323 cursor=3
loop: blame=false active=true hold=30054 move_ms=114371473 now=114401527 cursor=3
loop: blame=false active=true hold=31257 move_ms=114371473 now=114402730 cursor=3
loop: blame=false active=true hold=32461 move_ms=114371473 now=114403934 cursor=3
loop: blame=false active=true hold=33666 move_ms=114371473 now=114405139 cursor=3
loop: blame=false active=true hold=34870 move_ms=114371473 now=114406343 cursor=3
loop: blame=false active=true hold=36073 move_ms=114371473 now=114407546 cursor=3
loop: blame=false active=true hold=37277 move_ms=114371473 now=114408750 cursor=3
loop: blame=false active=true hold=38481 move_ms=114371473 now=114409954 cursor=3
loop: blame=false active=true hold=39685 move_ms=114371473 now=114411158 cursor=3
loop: blame=false active=true hold=40889 move_ms=114371473 now=114412362 cursor=3
loop: blame=false active=true hold=42093 move_ms=114371473 now=114413566 cursor=3
loop: blame=false active=true hold=43297 move_ms=114371473 now=114414770 cursor=3
loop: blame=false active=true hold=44501 move_ms=114371473 now=114415974 cursor=3
loop: blame=false active=true hold=45704 move_ms=114371473 now=114417177 cursor=3
loop: blame=false active=true hold=46907 move_ms=114371473 now=114418380 cursor=3
loop: blame=false active=true hold=48108 move_ms=114371473 now=114419581 cursor=3
loop: blame=false active=true hold=49309 move_ms=114371473 now=114420782 cursor=3
loop: blame=false active=true hold=50510 move_ms=114371473 now=114421983 cursor=3
loop: blame=false active=true hold=51712 move_ms=114371473 now=114423185 cursor=3
loop: blame=false active=true hold=52913 move_ms=114371473 now=114424386 cursor=3
loop: blame=false active=true hold=54115 move_ms=114371473 now=114425588 cursor=3
loop: blame=false active=true hold=55316 move_ms=114371473 now=114426789 cursor=3
loop: blame=false active=true hold=56517 move_ms=114371473 now=114427990 cursor=3
loop: blame=false active=true hold=57718 move_ms=114371473 now=114429191 cursor=3
loop: blame=false active=true hold=58920 move_ms=114371473 now=114430393 cursor=3
loop: blame=false active=true hold=60121 move_ms=114371473 now=114431594 cursor=3
loop: blame=false active=true hold=61322 move_ms=114371473 now=114432795 cursor=3
loop: blame=false active=true hold=62523 move_ms=114371473 now=114433996 cursor=3
loop: blame=false active=true hold=63725 move_ms=114371473 now=114435198 cursor=3
loop: blame=false active=true hold=64926 move_ms=114371473 now=114436399 cursor=3
loop: blame=false active=true hold=66127 move_ms=114371473 now=114437600 cursor=3
loop: blame=false active=true hold=67328 move_ms=114371473 now=114438801 cursor=3
loop: blame=false active=true hold=68530 move_ms=114371473 now=114440003 cursor=3
loop: blame=false active=true hold=69731 move_ms=114371473 now=114441204 cursor=3
loop: blame=false active=true hold=0 move_ms=114442405 now=114442405 cursor=5
loop: blame=false active=true hold=1202 move_ms=114442405 now=114443607 cursor=5
loop: blame=false active=true hold=2403 move_ms=114442405 now=114444808 cursor=5
loop: blame=false active=true hold=3604 move_ms=114442405 now=114446009 cursor=5
loop: blame=false active=true hold=4805 move_ms=114442405 now=114447210 cursor=5
loop: blame=false active=true hold=6006 move_ms=114442405 now=114448411 cursor=5
loop: blame=false active=true hold=7208 move_ms=114442405 now=114449613 cursor=5
loop: blame=false active=true hold=8409 move_ms=114442405 now=114450814 cursor=5
loop: blame=false active=true hold=9611 move_ms=114442405 now=114452016 cursor=5
loop: blame=false active=true hold=10812 move_ms=114442405 now=114453217 cursor=5
loop: blame=false active=true hold=12013 move_ms=114442405 now=114454418 cursor=5
loop: blame=false active=true hold=13215 move_ms=114442405 now=114455620 cursor=5
loop: blame=false active=true hold=14416 move_ms=114442405 now=114456821 cursor=5
loop: blame=false active=true hold=15617 move_ms=114442405 now=114458022 cursor=5
loop: blame=false active=true hold=16818 move_ms=114442405 now=114459223 cursor=5
loop: blame=false active=true hold=114460729 move_ms=0 now=114460729 cursor=0
maybeLoadBlame: stale=true branch=master
 path=/home/leoz/sources/oz/build.zig
maybeLoadBlame: stale=true branch=master
 path=/home/leoz/sources/oz/build.zig
blame consumed: out=70902B parsed=true
ghost cond: active=true mode=.normal blame=true hold=114460782 line=0 pathMatch=true cursor=0
ghost cond: active=true mode=.normal blame=true hold=114461182 line=0 pathMatch=true cursor=0
ghost cond: active=true mode=.normal blame=true hold=114461583 line=0 pathMatch=true cursor=0
ghost cond: active=true mode=.normal blame=true hold=114461983 line=0 pathMatch=true cursor=0
loop: blame=true active=true hold=114461984 move_ms=0 now=114461984 cursor=0
ghost cond: active=true mode=.normal blame=true hold=114462384 line=0 pathMatch=true cursor=0
ghost cond: active=true mode=.normal blame=true hold=114462785 line=0 pathMatch=true cursor=0
ghost cond: active=true mode=.normal blame=true hold=114463186 line=0 pathMatch=true cursor=0
loop: blame=true active=true hold=114463186 move_ms=0 now=114463186 cursor=0
ghost cond: active=true mode=.normal blame=true hold=114463586 line=0 pathMatch=true cursor=0
ghost cond: active=true mode=.normal blame=true hold=114463987 line=0 pathMatch=true cursor=0
ghost cond: active=true mode=.normal blame=true hold=114464388 line=0 pathMatch=true cursor=0
loop: blame=true active=true hold=114464388 move_ms=0 now=114464388 cursor=0
ghost cond: active=true mode=.normal blame=true hold=114464789 line=0 pathMatch=true cursor=0
ghost cond: active=true mode=.normal blame=true hold=114465191 line=0 pathMatch=true cursor=0
ghost cond: active=true mode=.normal blame=true hold=114465592 line=0 pathMatch=true cursor=0
loop: blame=true active=true hold=114465592 move_ms=0 now=114465592 cursor=0
ghost cond: active=true mode=.normal blame=true hold=114465992 line=0 pathMatch=true cursor=0
ghost cond: active=true mode=.normal blame=true hold=114466394 line=0 pathMatch=true cursor=0
ghost cond: active=true mode=.normal blame=true hold=114466795 line=0 pathMatch=true cursor=0
loop: blame=true active=true hold=114466795 move_ms=0 now=114466795 cursor=0
ghost cond: active=true mode=.normal blame=true hold=114467196 line=0 pathMatch=true cursor=0
ghost cond: active=true mode=.normal blame=true hold=114467597 line=0 pathMatch=true cursor=0
ghost cond: active=true mode=.normal blame=true hold=114467999 line=0 pathMatch=true cursor=0
loop: blame=true active=true hold=114467999 move_ms=0 now=114467999 cursor=0
ghost cond: active=true mode=.normal blame=true hold=114468400 line=0 pathMatch=true cursor=0
ghost cond: active=true mode=.normal blame=true hold=114468802 line=0 pathMatch=true cursor=0
ghost cond: active=true mode=.normal blame=true hold=114469204 line=0 pathMatch=true cursor=0
loop: blame=true active=true hold=114469204 move_ms=0 now=114469204 cursor=0
ghost cond: active=true mode=.normal blame=true hold=114469606 line=0 pathMatch=true cursor=0
ghost cond: active=true mode=.normal blame=true hold=114470007 line=0 pathMatch=true cursor=0
ghost cond: active=true mode=.normal blame=true hold=114470409 line=0 pathMatch=true cursor=0
loop: blame=true active=true hold=114470409 move_ms=0 now=114470409 cursor=0
ghost cond: active=true mode=.normal blame=true hold=114470811 line=0 pathMatch=true cursor=0
ghost cond: active=true mode=.normal blame=true hold=114471213 line=0 pathMatch=true cursor=0
ghost cond: active=true mode=.normal blame=true hold=114471615 line=0 pathMatch=true cursor=0
loop: blame=true active=true hold=114471615 move_ms=0 now=114471615 cursor=0
ghost cond: active=true mode=.normal blame=true hold=114472016 line=0 pathMatch=true cursor=0
ghost cond: active=true mode=.normal blame=true hold=114472418 line=0 pathMatch=true cursor=0
ghost cond: active=true mode=.normal blame=true hold=114472819 line=0 pathMatch=true cursor=0
loop: blame=true active=true hold=114472820 move_ms=0 now=114472820 cursor=0
ghost cond: active=true mode=.normal blame=true hold=114473221 line=0 pathMatch=true cursor=0
ghost cond: active=true mode=.normal blame=true hold=114473622 line=0 pathMatch=true cursor=0
ghost cond: active=true mode=.normal blame=true hold=114474024 line=0 pathMatch=true cursor=0
loop: blame=true active=true hold=114474024 move_ms=0 now=114474024 cursor=0
ghost cond: active=true mode=.normal blame=true hold=114474425 line=0 pathMatch=true cursor=0
ghost cond: active=true mode=.normal blame=true hold=114474827 line=0 pathMatch=true cursor=0
ghost cond: active=true mode=.normal blame=true hold=114475229 line=0 pathMatch=true cursor=0
loop: blame=true active=true hold=114475229 move_ms=0 now=114475229 cursor=0
ghost cond: active=true mode=.normal blame=true hold=114475631 line=0 pathMatch=true cursor=0
ghost cond: active=true mode=.normal blame=true hold=114476032 line=0 pathMatch=true cursor=0
ghost cond: active=true mode=.normal blame=true hold=114476434 line=0 pathMatch=true cursor=0
loop: blame=true active=true hold=114476434 move_ms=0 now=114476434 cursor=0
ghost cond: active=true mode=.normal blame=true hold=114476836 line=0 pathMatch=true cursor=0
ghost cond: active=true mode=.normal blame=true hold=114477237 line=0 pathMatch=true cursor=0
ghost cond: active=true mode=.normal blame=true hold=114477639 line=0 pathMatch=true cursor=0
loop: blame=true active=true hold=114477639 move_ms=0 now=114477639 cursor=0
ghost cond: active=true mode=.normal blame=true hold=114478040 line=0 pathMatch=true cursor=0
ghost cond: active=true mode=.normal blame=true hold=114478442 line=0 pathMatch=true cursor=0
ghost cond: active=true mode=.normal blame=true hold=114478843 line=0 pathMatch=true cursor=0
loop: blame=true active=true hold=114478844 move_ms=0 now=114478844 cursor=0
ghost cond: active=true mode=.normal blame=true hold=114479245 line=0 pathMatch=true cursor=0
ghost cond: active=true mode=.normal blame=true hold=114479647 line=0 pathMatch=true cursor=0
ghost cond: active=true mode=.normal blame=true hold=114480048 line=0 pathMatch=true cursor=0
loop: blame=true active=true hold=114480049 move_ms=0 now=114480049 cursor=0
ghost cond: active=true mode=.normal blame=true hold=114480450 line=0 pathMatch=true cursor=0
ghost cond: active=true mode=.normal blame=true hold=114480851 line=0 pathMatch=true cursor=0
ghost cond: active=true mode=.normal blame=true hold=114481253 line=0 pathMatch=true cursor=0
loop: blame=true active=true hold=114481253 move_ms=0 now=114481253 cursor=0
ghost cond: active=true mode=.normal blame=true hold=114481654 line=0 pathMatch=true cursor=0
ghost cond: active=true mode=.normal blame=true hold=114482055 line=0 pathMatch=true cursor=0
ghost cond: active=true mode=.normal blame=true hold=114482457 line=0 pathMatch=true cursor=0
loop: blame=true active=true hold=114482457 move_ms=0 now=114482457 cursor=0
ghost cond: active=true mode=.normal blame=true hold=114482858 line=0 pathMatch=true cursor=0
ghost cond: active=true mode=.normal blame=true hold=114483260 line=0 pathMatch=true cursor=0
ghost cond: active=true mode=.normal blame=true hold=114483662 line=0 pathMatch=true cursor=0
loop: blame=true active=true hold=114483662 move_ms=0 now=114483662 cursor=0
ghost cond: active=true mode=.normal blame=true hold=114484063 line=0 pathMatch=true cursor=0
ghost cond: active=true mode=.normal blame=true hold=114484465 line=0 pathMatch=true cursor=0
ghost cond: active=true mode=.normal blame=true hold=114484866 line=0 pathMatch=true cursor=0
loop: blame=false active=true hold=114485272 move_ms=0 now=114485272 cursor=0
maybeLoadBlame: stale=true branch=master
 path=/tmp/oz_7024_83b.txt
loop: blame=false active=true hold=114485580 move_ms=0 now=114485580 cursor=0
maybeLoadBlame: stale=true branch=master
 path=/tmp/oz_e2e_7024_86bhb.txt
maybeLoadBlame: stale=true branch=master
 path=/tmp/oz_e2e_7024_86bhb.txt
loop: blame=false active=true hold=114485890 move_ms=0 now=114485890 cursor=0
maybeLoadBlame: stale=true branch=master
 path=/home/leoz/sources/oz/build.zig
maybeLoadBlame: stale=true branch=master
 path=/home/leoz/sources/oz/build.zig
blame consumed: out=70902B parsed=true
loop: blame=false active=true hold=114486252 move_ms=0 now=114486252 cursor=0
maybeLoadBlame: stale=true branch=master
 path=/home/leoz/sources/oz/build.zig
maybeLoadBlame: stale=true branch=master
 path=/home/leoz/sources/oz/build.zig
loop: blame=false active=true hold=114486664 move_ms=0 now=114486664 cursor=0
maybeLoadBlame: stale=true branch=master
 path=/tmp/oz_e2e_7024_87lsp.go
maybeLoadBlame: stale=true branch=master
 path=/tmp/oz_e2e_7024_87lsp.go
loop: blame=false active=true hold=114486994 move_ms=0 now=114486994 cursor=0
maybeLoadBlame: stale=true branch=master
 path=/tmp/oz_e2e_7024_88lspm.zig
maybeLoadBlame: stale=true branch=master
 path=/tmp/oz_e2e_7024_88lspm.zig
loop: blame=false active=true hold=114487467 move_ms=0 now=114487467 cursor=0
maybeLoadBlame: stale=true branch=master
 path=/tmp/oz_e2e_7024_89diagc.zig
maybeLoadBlame: stale=true branch=master
 path=/tmp/oz_e2e_7024_89diagc.zig
loop: blame=false active=true hold=114487840 move_ms=0 now=114487840 cursor=0
maybeLoadBlame: stale=true branch=master
 path=/tmp/oz_e2e_7024_90jksync.zig
maybeLoadBlame: stale=true branch=master
 path=/tmp/oz_e2e_7024_90jksync.zig
loop: blame=false active=true hold=114488214 move_ms=0 now=114488214 cursor=0
maybeLoadBlame: stale=true branch=master
 path=/tmp/oz_e2e_7024_91diag.zig
maybeLoadBlame: stale=true branch=master
 path=/tmp/oz_e2e_7024_91diag.zig
loop: blame=false active=true hold=114488689 move_ms=0 now=114488689 cursor=0
maybeLoadBlame: stale=true branch=master
 path=/tmp/oz_e2e_7024_92nav.zig
maybeLoadBlame: stale=true branch=master
 path=/tmp/oz_e2e_7024_92nav.zig
loop: blame=false active=true hold=114489255 move_ms=0 now=114489255 cursor=0
maybeLoadBlame: stale=true branch=master
 path=/tmp/oz_e2e_7024_93comp.zig
maybeLoadBlame: stale=true branch=master
 path=/tmp/oz_e2e_7024_93comp.zig
loop: blame=false active=true hold=114489728 move_ms=0 now=114489728 cursor=0
maybeLoadBlame: stale=true branch=master
 path=/tmp/oz_e2e_7024_94auto.zig
maybeLoadBlame: stale=true branch=master
 path=/tmp/oz_e2e_7024_94auto.zig
loop: blame=false active=true hold=114490201 move_ms=0 now=114490201 cursor=0
maybeLoadBlame: stale=true branch=master
 path=/tmp/oz_e2e_7024_95trig.zig
maybeLoadBlame: stale=true branch=master
 path=/tmp/oz_e2e_7024_95trig.zig
loop: blame=false active=true hold=114490675 move_ms=0 now=114490675 cursor=0
maybeLoadBlame: stale=true branch=master
 path=/tmp/oz_e2e_7024_96dyn.zig
maybeLoadBlame: stale=true branch=master
 path=/tmp/oz_e2e_7024_96dyn.zig
loop: blame=false active=true hold=114491150 move_ms=0 now=114491150 cursor=0
maybeLoadBlame: stale=true branch=master
 path=/tmp/oz_e2e_7024_97snp.zig
maybeLoadBlame: stale=true branch=master
 path=/tmp/oz_e2e_7024_97snp.zig
loop: blame=false active=true hold=114491624 move_ms=0 now=114491624 cursor=0
maybeLoadBlame: stale=true branch=master
 path=/tmp/oz_e2e_7024_98flow.zig
maybeLoadBlame: stale=true branch=master
 path=/tmp/oz_e2e_7024_98flow.zig
loop: blame=false active=true hold=114492115 move_ms=0 now=114492115 cursor=0
maybeLoadBlame: stale=true branch=master
 path=/tmp/oz_e2e_7024_99sig.zig
maybeLoadBlame: stale=true branch=master
 path=/tmp/oz_e2e_7024_99sig.zig
loop: blame=false active=true hold=114492589 move_ms=0 now=114492589 cursor=0
maybeLoadBlame: stale=true branch=master
 path=/tmp/oz_e2e_7024_100edit.zig
maybeLoadBlame: stale=true branch=master
 path=/tmp/oz_e2e_7024_100edit.zig
loop: blame=false active=true hold=0 move_ms=114497646 now=114497646 cursor=20
loop: blame=false active=true hold=114498053 move_ms=0 now=114498053 cursor=0
maybeLoadBlame: stale=true branch=master
 path=/tmp/oz_e2e_7024_101cmdt.zig
maybeLoadBlame: stale=true branch=master
 path=/tmp/oz_e2e_7024_101cmdt.zig
loop: blame=false active=true hold=114498406 move_ms=0 now=114498406 cursor=0
maybeLoadBlame: stale=true branch=master
 path=/tmp/oz_e2e_7024_102km.txt
maybeLoadBlame: stale=true branch=master
 path=/tmp/oz_e2e_7024_102km.txt
loop: blame=false active=true hold=114498717 move_ms=0 now=114498717 cursor=0
maybeLoadBlame: stale=true branch=master
 path=/tmp/oz_e2e_7024_103tr.txt
maybeLoadBlame: stale=true branch=master
 path=/tmp/oz_e2e_7024_103tr.txt
loop: blame=false active=true hold=114499026 move_ms=0 now=114499026 cursor=0
maybeLoadBlame: stale=true branch=master
 path=/home/leoz/sources/oz/build.zig
maybeLoadBlame: stale=true branch=master
 path=/home/leoz/sources/oz/build.zig
loop: blame=false active=true hold=114499381 move_ms=0 now=114499381 cursor=0
loop: blame=false active=true hold=114499689 move_ms=0 now=114499689 cursor=0
maybeLoadBlame: stale=true branch=master
 path=/tmp/oz_e2e_7024_105_view.txt
maybeLoadBlame: stale=true branch=master
 path=/tmp/oz_e2e_7024_105_view.txt
loop: blame=false active=true hold=114499999 move_ms=0 now=114499999 cursor=0
maybeLoadBlame: stale=true branch=master
 path=/tmp/oz_e2e_7024_106fold.py
maybeLoadBlame: stale=true branch=master
 path=/tmp/oz_e2e_7024_106fold.py
loop: blame=false active=true hold=114500330 move_ms=0 now=114500330 cursor=0
maybeLoadBlame: stale=true branch=main
 path=/tmp/oz_e2e_git_7024/a.txt
maybeLoadBlame: stale=true branch=main
 path=/tmp/oz_e2e_git_7024/a.txt
blame consumed: out=5203B parsed=true
maybeLoadBlame: stale=true branch=main
 path=/tmp/oz_e2e_git_7024/a.txt
maybeLoadBlame: stale=true branch=main
 path=/tmp/oz_e2e_git_7024/a.txt
blame consumed: out=5203B parsed=true
maybeLoadBlame: stale=true branch=main
 path=/tmp/oz_e2e_git_7024/a.txt
maybeLoadBlame: stale=true branch=main
 path=/tmp/oz_e2e_git_7024/a.txt
blame consumed: out=5364B parsed=true
loop: blame=true active=true hold=895 move_ms=114500435 now=114501330 cursor=105
ghost cond: active=true mode=.normal blame=true hold=1000 line=16 pathMatch=true cursor=105
ghost cond: active=true mode=.normal blame=true hold=1000 line=16 pathMatch=true cursor=105
ghost SKIP: active=false mode=.normal blame=true hold=1000
maybeLoadBlame: stale=false branch=main
 path=/tmp/oz_e2e_git_7024/a.txt
ghost cond: active=true mode=.normal blame=true hold=1001 line=16 pathMatch=true cursor=105
maybeLoadBlame: stale=true branch=main
 path=/tmp/oz_e2e_git_7024/b.txt
maybeLoadBlame: stale=true branch=main
 path=/tmp/oz_e2e_git_7024/b.txt
loop: blame=false active=true hold=114501750 move_ms=0 now=114501750 cursor=0
maybeLoadBlame: stale=true branch=main
 path=/tmp/oz_e2e_ghost_7024/a.txt
maybeLoadBlame: stale=true branch=main
 path=/tmp/oz_e2e_ghost_7024/a.txt
blame consumed: out=288B parsed=true
ghost cond: active=true mode=.normal blame=true hold=114501753 line=0 pathMatch=true cursor=0
ghost cond: active=true mode=.normal blame=true hold=114501754 line=0 pathMatch=true cursor=0
ghost cond: active=true mode=.normal blame=true hold=114502054 line=0 pathMatch=true cursor=0
loop: blame=false active=true hold=114502359 move_ms=0 now=114502359 cursor=0
maybeLoadBlame: stale=true branch=master
 path=/tmp/oz_e2e_7024_107term.txt
maybeLoadBlame: stale=true branch=master
 path=/tmp/oz_e2e_7024_107term.txt
loop: blame=false active=true hold=114502931 move_ms=0 now=114502931 cursor=0
maybeLoadBlame: stale=true branch=master
 path=/tmp/oz_e2e_7024_108termq.txt
maybeLoadBlame: stale=true branch=master
 path=/tmp/oz_e2e_7024_108termq.txt
loop: blame=false active=true hold=114503773 move_ms=0 now=114503773 cursor=0
loop: blame=false active=true hold=114504079 move_ms=0 now=114504079 cursor=0
maybeLoadBlame: stale=true branch=master
 path=/tmp/oz_e2e_8890_1.txt
maybeLoadBlame: stale=true branch=master
 path=/tmp/oz_e2e_8890_1.txt
loop: blame=false active=true hold=114504386 move_ms=0 now=114504386 cursor=0
loop: blame=false active=true hold=114504693 move_ms=0 now=114504693 cursor=0
loop: blame=false active=true hold=114505000 move_ms=0 now=114505000 cursor=0
loop: blame=false active=true hold=114505306 move_ms=0 now=114505306 cursor=0
maybeLoadBlame: stale=true branch=master
 path=/tmp/oz_e2e_8890_5th.txt
maybeLoadBlame: stale=true branch=master
 path=/tmp/oz_e2e_8890_5th.txt
loop: blame=false active=true hold=114505614 move_ms=0 now=114505614 cursor=0
maybeLoadBlame: stale=true branch=master
 path=/tmp/oz_e2e_8890_6thp.txt
maybeLoadBlame: stale=true branch=master
 path=/tmp/oz_e2e_8890_6thp.txt
loop: blame=false active=true hold=114505923 move_ms=0 now=114505923 cursor=0
loop: blame=false active=true hold=114506230 move_ms=0 now=114506230 cursor=0
maybeLoadBlame: stale=true branch=master
 path=/tmp/oz_e2e_8890_8.txt
maybeLoadBlame: stale=true branch=master
 path=/tmp/oz_e2e_8890_8.txt
loop: blame=false active=true hold=114506538 move_ms=0 now=114506538 cursor=0
maybeLoadBlame: stale=true branch=master
 path=/tmp/oz_e2e_8890_9search.txt
maybeLoadBlame: stale=true branch=master
 path=/tmp/oz_e2e_8890_9search.txt
loop: blame=false active=true hold=114506846 move_ms=0 now=114506846 cursor=0
maybeLoadBlame: stale=true branch=master
 path=/tmp/oz_e2e_8890_10.txt
maybeLoadBlame: stale=true branch=master
 path=/tmp/oz_e2e_8890_10.txt
loop: blame=false active=true hold=114507154 move_ms=0 now=114507154 cursor=0
maybeLoadBlame: stale=true branch=master
 path=/tmp/oz_e2e_8890_11.txt
maybeLoadBlame: stale=true branch=master
 path=/tmp/oz_e2e_8890_11.txt
loop: blame=false active=true hold=114507463 move_ms=0 now=114507463 cursor=0
maybeLoadBlame: stale=true branch=master
 path=/tmp/oz_e2e_8890.zig
maybeLoadBlame: stale=true branch=master
 path=/tmp/oz_e2e_8890.zig
loop: blame=false active=true hold=114507820 move_ms=0 now=114507820 cursor=0
loop: blame=false active=true hold=114508126 move_ms=0 now=114508126 cursor=0
maybeLoadBlame: stale=true branch=master
 path=/home/leoz/sources/oz/src/main.zig
loop: blame=false active=true hold=114508436 move_ms=0 now=114508436 cursor=0
maybeLoadBlame: stale=true branch=master
 path=/tmp/oz_e2e_8890_14.txt
maybeLoadBlame: stale=true branch=master
 path=/tmp/oz_e2e_8890_14.txt
loop: blame=false active=true hold=114508743 move_ms=0 now=114508743 cursor=0
maybeLoadBlame: stale=true branch=master
 path=/tmp/oz_e2e_8890_15.txt
maybeLoadBlame: stale=true branch=master
 path=/tmp/oz_e2e_8890_15.txt
loop: blame=false active=true hold=114509050 move_ms=0 now=114509050 cursor=0
loop: blame=false active=true hold=114509356 move_ms=0 now=114509356 cursor=0
maybeLoadBlame: stale=true branch=master
 path=/tmp/oz_e2e_8890_17.txt
maybeLoadBlame: stale=true branch=master
 path=/tmp/oz_e2e_8890_17.txt
loop: blame=false active=true hold=114509665 move_ms=0 now=114509665 cursor=0
loop: blame=false active=true hold=114509971 move_ms=0 now=114509971 cursor=0
loop: blame=false active=true hold=114510277 move_ms=0 now=114510277 cursor=0
maybeLoadBlame: stale=true branch=master
 path=/tmp/oz_e2e_8890_19.txt
maybeLoadBlame: stale=true branch=master
 path=/tmp/oz_e2e_8890_19.txt
maybeLoadBlame: stale=true branch=master
 path=/home/leoz/sources/oz/test/e2e.zig
maybeLoadBlame: stale=true branch=master
 path=/home/leoz/sources/oz/test/e2e.zig
blame consumed: out=5611461B parsed=true
loop: blame=true active=true hold=931 move_ms=114510346 now=114511277 cursor=95781
ghost cond: active=true mode=.normal blame=true hold=1000 line=2573 pathMatch=true cursor=95781
ghost cond: active=true mode=.normal blame=true hold=6002 line=2573 pathMatch=true cursor=95781
loop: blame=false active=true hold=114516653 move_ms=0 now=114516653 cursor=0
maybeLoadBlame: stale=true branch=master
 path=/tmp/oz_e2e_8890_20g.txt
maybeLoadBlame: stale=true branch=master
 path=/tmp/oz_e2e_8890_20g.txt
maybeLoadBlame: stale=true branch=master
 path=/home/leoz/sources/oz/patches/vaxis-Screen.zig
maybeLoadBlame: stale=true branch=master
 path=/home/leoz/sources/oz/patches/vaxis-Screen.zig
loop: blame=false active=true hold=114517131 move_ms=0 now=114517131 cursor=0
maybeLoadBlame: stale=true branch=master
 path=/tmp/oz_e2e_8890_21.txt
maybeLoadBlame: stale=true branch=master
 path=/tmp/oz_e2e_8890_21.txt
loop: blame=false active=true hold=114517441 move_ms=0 now=114517441 cursor=0
loop: blame=false active=true hold=114517748 move_ms=0 now=114517748 cursor=0
maybeLoadBlame: stale=true branch=master
 path=/tmp/oz_e2e_8890_24b.txt
loop: blame=false active=true hold=114518056 move_ms=0 now=114518056 cursor=0
maybeLoadBlame: stale=true branch=master
 path=/tmp/oz_e2e_8890_26pb.txt
loop: blame=false active=true hold=114518365 move_ms=0 now=114518365 cursor=0
maybeLoadBlame: stale=true branch=master
 path=/tmp/oz_e2e_8890_28kb.txt
loop: blame=false active=true hold=114518673 move_ms=0 now=114518673 cursor=0
maybeLoadBlame: stale=true branch=master
 path=/tmp/oz_e2e_8890_29vs.txt
maybeLoadBlame: stale=true branch=master
 path=/tmp/oz_e2e_8890_29vs.txt
loop: blame=false active=true hold=114518981 move_ms=0 now=114518981 cursor=0
maybeLoadBlame: stale=true branch=master
 path=/tmp/oz_e2e_8890_30ra.txt
maybeLoadBlame: stale=true branch=master
 path=/tmp/oz_e2e_8890_30ra.txt
loop: blame=false active=true hold=114519289 move_ms=0 now=114519289 cursor=0
maybeLoadBlame: stale=true branch=master
 path=/tmp/oz_e2e_8890_32syn.zig
maybeLoadBlame: stale=true branch=master
 path=/tmp/oz_e2e_8890_32syn.zig
loop: blame=false active=true hold=114519641 move_ms=0 now=114519641 cursor=0
maybeLoadBlame: stale=true branch=master
 path=/tmp/oz_e2e_8890_33drift.zig
maybeLoadBlame: stale=true branch=master
 path=/tmp/oz_e2e_8890_33drift.zig
loop: blame=false active=true hold=114520018 move_ms=0 now=114520018 cursor=0
loop: blame=false active=true hold=114520325 move_ms=0 now=114520325 cursor=0
maybeLoadBlame: stale=true branch=master
 path=/tmp/oz_e2e_8890_35vis.zig
maybeLoadBlame: stale=true branch=master
 path=/tmp/oz_e2e_8890_35vis.zig
loop: blame=false active=true hold=114521146 move_ms=0 now=114521146 cursor=0
maybeLoadBlame: stale=true branch=master
 path=/tmp/oz_e2e_8890_36.zig
maybeLoadBlame: stale=true branch=master
 path=/tmp/oz_e2e_8890_36.zig
loop: blame=false active=true hold=114521755 move_ms=0 now=114521755 cursor=0
maybeLoadBlame: stale=true branch=master
 path=/tmp/oz_e2e_8890_37.zig
maybeLoadBlame: stale=true branch=master
 path=/tmp/oz_e2e_8890_37.zig
loop: blame=false active=true hold=114522366 move_ms=0 now=114522366 cursor=0
maybeLoadBlame: stale=true branch=master
 path=/tmp/oz_e2e_8890_38.txt
maybeLoadBlame: stale=true branch=master
 path=/tmp/oz_e2e_8890_38.txt
loop: blame=false active=true hold=114522674 move_ms=0 now=114522674 cursor=0
maybeLoadBlame: stale=true branch=master
 path=/tmp/oz_e2e_8890_39blk.txt
maybeLoadBlame: stale=true branch=master
 path=/tmp/oz_e2e_8890_39blk.txt
loop: blame=false active=true hold=114522981 move_ms=0 now=114522981 cursor=0
maybeLoadBlame: stale=true branch=master
 path=/tmp/oz_e2e_8890_40blkc.txt
maybeLoadBlame: stale=true branch=master
 path=/tmp/oz_e2e_8890_40blkc.txt
loop: blame=false active=true hold=114523289 move_ms=0 now=114523289 cursor=0
maybeLoadBlame: stale=true branch=master
 path=/tmp/oz_e2e_8890_41.txt
maybeLoadBlame: stale=true branch=master
 path=/tmp/oz_e2e_8890_41.txt
loop: blame=false active=true hold=114523598 move_ms=0 now=114523598 cursor=0
maybeLoadBlame: stale=true branch=master
 path=/tmp/oz_e2e_8890_42.txt
maybeLoadBlame: stale=true branch=master
 path=/tmp/oz_e2e_8890_42.txt
loop: blame=false active=true hold=114523905 move_ms=0 now=114523905 cursor=0
maybeLoadBlame: stale=true branch=master
 path=/tmp/oz_e2e_8890_43f.txt
maybeLoadBlame: stale=true branch=master
 path=/tmp/oz_e2e_8890_43f.txt
loop: blame=false active=true hold=114524214 move_ms=0 now=114524214 cursor=0
maybeLoadBlame: stale=true branch=master
 path=/tmp/oz_e2e_8890_44p.txt
maybeLoadBlame: stale=true branch=master
 path=/tmp/oz_e2e_8890_44p.txt
loop: blame=false active=true hold=114524522 move_ms=0 now=114524522 cursor=0
maybeLoadBlame: stale=true branch=master
 path=/tmp/oz_e2e_8890_45vl.txt
maybeLoadBlame: stale=true branch=master
 path=/tmp/oz_e2e_8890_45vl.txt
loop: blame=false active=true hold=114524831 move_ms=0 now=114524831 cursor=0
maybeLoadBlame: stale=true branch=master
 path=/tmp/oz_e2e_8890_46ft2.txt
maybeLoadBlame: stale=true branch=master
 path=/tmp/oz_e2e_8890_46ft2.txt
loop: blame=false active=true hold=114525140 move_ms=0 now=114525140 cursor=0
maybeLoadBlame: stale=true branch=master
 path=/tmp/oz_e2e_8890_47gta.txt
maybeLoadBlame: stale=true branch=master
 path=/tmp/oz_e2e_8890_47gta.txt
loop: blame=false active=true hold=114525449 move_ms=0 now=114525449 cursor=0
maybeLoadBlame: stale=true branch=master
 path=/tmp/oz_e2e_8890_49ent.txt
maybeLoadBlame: stale=true branch=master
 path=/tmp/oz_e2e_8890_49ent.txt
loop: blame=false active=true hold=114525757 move_ms=0 now=114525757 cursor=0
maybeLoadBlame: stale=true branch=master
 path=/tmp/oz_e2e_8890_50enti.txt
maybeLoadBlame: stale=true branch=master
 path=/tmp/oz_e2e_8890_50enti.txt
loop: blame=false active=true hold=114526064 move_ms=0 now=114526064 cursor=0
maybeLoadBlame: stale=true branch=master
 path=/tmp/oz_e2e_8890_51ctl.txt
maybeLoadBlame: stale=true branch=master
 path=/tmp/oz_e2e_8890_51ctl.txt
loop: blame=false active=true hold=114526372 move_ms=0 now=114526372 cursor=0
maybeLoadBlame: stale=true branch=master
 path=/tmp/oz_e2e_8890_52alt.txt
maybeLoadBlame: stale=true branch=master
 path=/tmp/oz_e2e_8890_52alt.txt
loop: blame=false active=true hold=114526680 move_ms=0 now=114526680 cursor=0
maybeLoadBlame: stale=true branch=master
 path=/tmp/oz_e2e_8890_53g.txt
maybeLoadBlame: stale=true branch=master
 path=/tmp/oz_e2e_8890_53g.txt
maybeLoadBlame: stale=true branch=master
 path=/home/leoz/sources/oz/src/root.zig
maybeLoadBlame: stale=true branch=master
 path=/home/leoz/sources/oz/src/root.zig
loop: blame=false active=true hold=114527038 move_ms=0 now=114527038 cursor=0
maybeLoadBlame: stale=true branch=master
 path=/tmp/oz_e2e_8890_54v.txt
maybeLoadBlame: stale=true branch=master
 path=/tmp/oz_e2e_8890_54v.txt
loop: blame=false active=true hold=114527345 move_ms=0 now=114527345 cursor=0
maybeLoadBlame: stale=true branch=master
 path=/tmp/oz_e2e_8890_55vld.txt
maybeLoadBlame: stale=true branch=master
 path=/tmp/oz_e2e_8890_55vld.txt
loop: blame=false active=true hold=114527652 move_ms=0 now=114527652 cursor=0
maybeLoadBlame: stale=true branch=master
 path=/tmp/oz_e2e_8890_56vlc.txt
maybeLoadBlame: stale=true branch=master
 path=/tmp/oz_e2e_8890_56vlc.txt
loop: blame=false active=true hold=114527960 move_ms=0 now=114527960 cursor=0
maybeLoadBlame: stale=true branch=master
 path=/tmp/oz_e2e_8890_57num.txt
maybeLoadBlame: stale=true branch=master
 path=/tmp/oz_e2e_8890_57num.txt
loop: blame=false active=true hold=114528267 move_ms=0 now=114528267 cursor=0
maybeLoadBlame: stale=true branch=master
 path=/tmp/oz_e2e_8890_58col.txt
maybeLoadBlame: stale=true branch=master
 path=/tmp/oz_e2e_8890_58col.txt
loop: blame=false active=true hold=114528574 move_ms=0 now=114528574 cursor=0
maybeLoadBlame: stale=true branch=master
 path=/tmp/oz_e2e_8890_59colb.txt
maybeLoadBlame: stale=true branch=master
 path=/tmp/oz_e2e_8890_59colb.txt
loop: blame=false active=true hold=114528881 move_ms=0 now=114528881 cursor=0
loop: blame=false active=true hold=114529187 move_ms=0 now=114529187 cursor=0
maybeLoadBlame: stale=true branch=master
 path=/tmp/oz_e2e_8890_61arr.txt
maybeLoadBlame: stale=true branch=master
 path=/tmp/oz_e2e_8890_61arr.txt
loop: blame=false active=true hold=114529494 move_ms=0 now=114529494 cursor=0
maybeLoadBlame: stale=true branch=master
 path=/tmp/oz_e2e_8890_62cnt.txt
maybeLoadBlame: stale=true branch=master
 path=/tmp/oz_e2e_8890_62cnt.txt
loop: blame=false active=true hold=114529801 move_ms=0 now=114529801 cursor=0
loop: blame=false active=true hold=114530108 move_ms=0 now=114530108 cursor=0
maybeLoadBlame: stale=true branch=master
 path=/tmp/oz_e2e_8890_64mcscroll.txt
maybeLoadBlame: stale=true branch=master
 path=/tmp/oz_e2e_8890_64mcscroll.txt
loop: blame=false active=true hold=114530416 move_ms=0 now=114530416 cursor=0
loop: blame=false active=true hold=114530726 move_ms=0 now=114530726 cursor=0
loop: blame=false active=true hold=114531033 move_ms=0 now=114531033 cursor=0
maybeLoadBlame: stale=true branch=master
 path=/home/leoz/sources/oz/build.zig
maybeLoadBlame: stale=true branch=master
 path=/home/leoz/sources/oz/build.zig
maybeLoadBlame: stale=true branch=master
 path=/home/leoz/sources/oz/README.md
maybeLoadBlame: stale=true branch=master
 path=/home/leoz/sources/oz/README.md
blame consumed: out=15464B parsed=true
ghost cond: active=true mode=.normal blame=true hold=114531091 line=0 pathMatch=true cursor=0
ghost cond: active=true mode=.normal blame=true hold=114531142 line=0 pathMatch=true cursor=0
ghost cond: active=true mode=.normal blame=true hold=114531192 line=0 pathMatch=true cursor=0
ghost cond: active=true mode=.normal blame=true hold=114531243 line=0 pathMatch=true cursor=0
ghost cond: active=true mode=.normal blame=true hold=114531294 line=0 pathMatch=true cursor=0
ghost cond: active=true mode=.normal blame=true hold=114531344 line=0 pathMatch=true cursor=0
ghost cond: active=true mode=.normal blame=true hold=114531442 line=0 pathMatch=true cursor=0
maybeLoadBlame: stale=true branch=master
 path=/home/leoz/sources/oz/src/buffer/ops.zig
maybeLoadBlame: stale=true branch=master
 path=/home/leoz/sources/oz/src/buffer/ops.zig
ghost cond: active=true mode=.normal blame=true hold=114531444 line=0 pathMatch=true cursor=0
ghost cond: active=true mode=.normal blame=true hold=114531444 line=0 pathMatch=true cursor=0
loop: blame=false active=true hold=114531749 move_ms=0 now=114531749 cursor=0
maybeLoadBlame: stale=true branch=master
 path=/tmp/oz_e2e_8890_67ud1.txt
maybeLoadBlame: stale=true branch=master
 path=/tmp/oz_e2e_8890_67ud1.txt
loop: blame=false active=true hold=114532056 move_ms=0 now=114532056 cursor=0
maybeLoadBlame: stale=true branch=master
 path=/tmp/oz_e2e_8890_68ud2.txt
maybeLoadBlame: stale=true branch=master
 path=/tmp/oz_e2e_8890_68ud2.txt
loop: blame=false active=true hold=114532363 move_ms=0 now=114532363 cursor=0
loop: blame=false active=true hold=114532671 move_ms=0 now=114532671 cursor=0
loop: blame=false active=true hold=114532978 move_ms=0 now=114532978 cursor=0
loop: blame=false active=true hold=114533285 move_ms=0 now=114533285 cursor=0
maybeLoadBlame: stale=true branch=master
 path=/tmp/oz_e2e_8890_72yank.txt
maybeLoadBlame: stale=true branch=master
 path=/tmp/oz_e2e_8890_72yank.txt
loop: blame=false active=true hold=114533593 move_ms=0 now=114533593 cursor=0
loop: blame=false active=true hold=114533900 move_ms=0 now=114533900 cursor=0
maybeLoadBlame: stale=true branch=master
 path=/tmp/oz_e2e_8890_74foc.txt
maybeLoadBlame: stale=true branch=master
 path=/tmp/oz_e2e_8890_74foc.txt
loop: blame=false active=true hold=114534210 move_ms=0 now=114534210 cursor=0
maybeLoadBlame: stale=true branch=master
 path=/tmp/oz_e2e_8890_75comp.txt
maybeLoadBlame: stale=true branch=master
 path=/tmp/oz_e2e_8890_75comp.txt
loop: blame=false active=true hold=114534517 move_ms=0 now=114534517 cursor=0
maybeLoadBlame: stale=true branch=master
 path=/tmp/oz_e2e_8890_76compc.txt
maybeLoadBlame: stale=true branch=master
 path=/tmp/oz_e2e_8890_76compc.txt
loop: blame=false active=true hold=114534826 move_ms=0 now=114534826 cursor=0
maybeLoadBlame: stale=true branch=master
 path=/tmp/oz_e2e_8890_77compn.txt
maybeLoadBlame: stale=true branch=master
 path=/tmp/oz_e2e_8890_77compn.txt
loop: blame=false active=true hold=1203 move_ms=114534827 now=114536030 cursor=34
loop: blame=false active=true hold=114536335 move_ms=0 now=114536335 cursor=0
maybeLoadBlame: stale=true branch=master
 path=/tmp/oz_e2e_8890_78jcol.zig
maybeLoadBlame: stale=true branch=master
 path=/tmp/oz_e2e_8890_78jcol.zig
loop: blame=false active=true hold=114536691 move_ms=0 now=114536691 cursor=0
maybeLoadBlame: stale=true branch=master
 path=/tmp/oz_e2e_8890_79win.txt
maybeLoadBlame: stale=true branch=master
 path=/tmp/oz_e2e_8890_79win.txt
loop: blame=false active=true hold=114537000 move_ms=0 now=114537000 cursor=0
maybeLoadBlame: stale=true branch=master
 path=/tmp/oz_e2e_8890_80winsp.txt
maybeLoadBlame: stale=true branch=master
 path=/tmp/oz_e2e_8890_80winsp.txt
loop: blame=false active=true hold=114537307 move_ms=0 now=114537307 cursor=0
maybeLoadBlame: stale=true branch=master
 path=/tmp/ozfz_8890_81/a.txt
maybeLoadBlame: stale=true branch=master
 path=/tmp/ozfz_8890_81/a.txt
loop: blame=false active=true hold=0 move_ms=114538511 now=114538511 cursor=3
loop: blame=false active=true hold=1202 move_ms=114538511 now=114539713 cursor=3
loop: blame=false active=true hold=2403 move_ms=114538511 now=114540914 cursor=3
loop: blame=false active=true hold=3604 move_ms=114538511 now=114542115 cursor=3
loop: blame=false active=true hold=4805 move_ms=114538511 now=114543316 cursor=3
loop: blame=false active=true hold=6006 move_ms=114538511 now=114544517 cursor=3
loop: blame=false active=true hold=7208 move_ms=114538511 now=114545719 cursor=3
loop: blame=false active=true hold=8409 move_ms=114538511 now=114546920 cursor=3
loop: blame=false active=true hold=9610 move_ms=114538511 now=114548121 cursor=3
loop: blame=false active=true hold=10812 move_ms=114538511 now=114549323 cursor=3
loop: blame=false active=true hold=12013 move_ms=114538511 now=114550524 cursor=3
loop: blame=false active=true hold=13214 move_ms=114538511 now=114551725 cursor=3
loop: blame=false active=true hold=14416 move_ms=114538511 now=114552927 cursor=3
loop: blame=false active=true hold=15617 move_ms=114538511 now=114554128 cursor=3
loop: blame=false active=true hold=16818 move_ms=114538511 now=114555329 cursor=3
loop: blame=false active=true hold=18020 move_ms=114538511 now=114556531 cursor=3
loop: blame=false active=true hold=19221 move_ms=114538511 now=114557732 cursor=3
loop: blame=false active=true hold=20422 move_ms=114538511 now=114558933 cursor=3
loop: blame=false active=true hold=21623 move_ms=114538511 now=114560134 cursor=3
loop: blame=false active=true hold=22825 move_ms=114538511 now=114561336 cursor=3
loop: blame=false active=true hold=24030 move_ms=114538511 now=114562541 cursor=3
loop: blame=false active=true hold=25233 move_ms=114538511 now=114563744 cursor=3
loop: blame=false active=true hold=26438 move_ms=114538511 now=114564949 cursor=3
loop: blame=false active=true hold=27641 move_ms=114538511 now=114566152 cursor=3
loop: blame=false active=true hold=28845 move_ms=114538511 now=114567356 cursor=3
loop: blame=false active=true hold=30049 move_ms=114538511 now=114568560 cursor=3
loop: blame=false active=true hold=31253 move_ms=114538511 now=114569764 cursor=3
loop: blame=false active=true hold=32457 move_ms=114538511 now=114570968 cursor=3
loop: blame=false active=true hold=33661 move_ms=114538511 now=114572172 cursor=3
loop: blame=false active=true hold=34865 move_ms=114538511 now=114573376 cursor=3
loop: blame=false active=true hold=36069 move_ms=114538511 now=114574580 cursor=3
loop: blame=false active=true hold=37274 move_ms=114538511 now=114575785 cursor=3
loop: blame=false active=true hold=38478 move_ms=114538511 now=114576989 cursor=3
loop: blame=false active=true hold=39682 move_ms=114538511 now=114578193 cursor=3
loop: blame=false active=true hold=40887 move_ms=114538511 now=114579398 cursor=3
loop: blame=false active=true hold=42089 move_ms=114538511 now=114580600 cursor=3
loop: blame=false active=true hold=43295 move_ms=114538511 now=114581806 cursor=3
loop: blame=false active=true hold=44499 move_ms=114538511 now=114583010 cursor=3
loop: blame=false active=true hold=45701 move_ms=114538511 now=114584212 cursor=3
loop: blame=false active=true hold=46905 move_ms=114538511 now=114585416 cursor=3
loop: blame=false active=true hold=48106 move_ms=114538511 now=114586617 cursor=3
loop: blame=false active=true hold=49307 move_ms=114538511 now=114587818 cursor=3
loop: blame=false active=true hold=50509 move_ms=114538511 now=114589020 cursor=3
loop: blame=false active=true hold=51710 move_ms=114538511 now=114590221 cursor=3
loop: blame=false active=true hold=52911 move_ms=114538511 now=114591422 cursor=3
loop: blame=false active=true hold=54112 move_ms=114538511 now=114592623 cursor=3
loop: blame=false active=true hold=55313 move_ms=114538511 now=114593824 cursor=3
loop: blame=false active=true hold=56515 move_ms=114538511 now=114595026 cursor=3
loop: blame=false active=true hold=57716 move_ms=114538511 now=114596227 cursor=3
loop: blame=false active=true hold=58917 move_ms=114538511 now=114597428 cursor=3
loop: blame=false active=true hold=60119 move_ms=114538511 now=114598630 cursor=3
loop: blame=false active=true hold=61320 move_ms=114538511 now=114599831 cursor=3
loop: blame=false active=true hold=62521 move_ms=114538511 now=114601032 cursor=3
loop: blame=false active=true hold=63722 move_ms=114538511 now=114602233 cursor=3
loop: blame=false active=true hold=64923 move_ms=114538511 now=114603434 cursor=3
loop: blame=false active=true hold=66124 move_ms=114538511 now=114604635 cursor=3
loop: blame=false active=true hold=67326 move_ms=114538511 now=114605837 cursor=3
loop: blame=false active=true hold=68527 move_ms=114538511 now=114607038 cursor=3
loop: blame=false active=true hold=69728 move_ms=114538511 now=114608239 cursor=3
loop: blame=false active=true hold=1 move_ms=114609440 now=114609441 cursor=5
loop: blame=false active=true hold=1202 move_ms=114609440 now=114610642 cursor=5
loop: blame=false active=true hold=2403 move_ms=114609440 now=114611843 cursor=5
loop: blame=false active=true hold=3604 move_ms=114609440 now=114613044 cursor=5
loop: blame=false active=true hold=4805 move_ms=114609440 now=114614245 cursor=5
loop: blame=false active=true hold=6006 move_ms=114609440 now=114615446 cursor=5
loop: blame=false active=true hold=7208 move_ms=114609440 now=114616648 cursor=5
loop: blame=false active=true hold=8409 move_ms=114609440 now=114617849 cursor=5
loop: blame=false active=true hold=9610 move_ms=114609440 now=114619050 cursor=5
loop: blame=false active=true hold=10811 move_ms=114609440 now=114620251 cursor=5
loop: blame=false active=true hold=12012 move_ms=114609440 now=114621452 cursor=5
loop: blame=false active=true hold=13214 move_ms=114609440 now=114622654 cursor=5
loop: blame=false active=true hold=14415 move_ms=114609440 now=114623855 cursor=5
loop: blame=false active=true hold=15617 move_ms=114609440 now=114625057 cursor=5
loop: blame=false active=true hold=16818 move_ms=114609440 now=114626258 cursor=5
loop: blame=false active=true hold=114627764 move_ms=0 now=114627764 cursor=0
maybeLoadBlame: stale=true branch=master
 path=/home/leoz/sources/oz/build.zig
maybeLoadBlame: stale=true branch=master
 path=/home/leoz/sources/oz/build.zig
blame consumed: out=70902B parsed=true
ghost cond: active=true mode=.normal blame=true hold=114627816 line=0 pathMatch=true cursor=0
ghost cond: active=true mode=.normal blame=true hold=114628217 line=0 pathMatch=true cursor=0
ghost cond: active=true mode=.normal blame=true hold=114628618 line=0 pathMatch=true cursor=0
ghost cond: active=true mode=.normal blame=true hold=114629018 line=0 pathMatch=true cursor=0
loop: blame=true active=true hold=114629018 move_ms=0 now=114629018 cursor=0
ghost cond: active=true mode=.normal blame=true hold=114629419 line=0 pathMatch=true cursor=0
ghost cond: active=true mode=.normal blame=true hold=114629820 line=0 pathMatch=true cursor=0
ghost cond: active=true mode=.normal blame=true hold=114630220 line=0 pathMatch=true cursor=0
loop: blame=true active=true hold=114630221 move_ms=0 now=114630221 cursor=0
ghost cond: active=true mode=.normal blame=true hold=114630621 line=0 pathMatch=true cursor=0
ghost cond: active=true mode=.normal blame=true hold=114631022 line=0 pathMatch=true cursor=0
ghost cond: active=true mode=.normal blame=true hold=114631423 line=0 pathMatch=true cursor=0
loop: blame=true active=true hold=114631424 move_ms=0 now=114631424 cursor=0
ghost cond: active=true mode=.normal blame=true hold=114631825 line=0 pathMatch=true cursor=0
ghost cond: active=true mode=.normal blame=true hold=114632226 line=0 pathMatch=true cursor=0
ghost cond: active=true mode=.normal blame=true hold=114632627 line=0 pathMatch=true cursor=0
loop: blame=true active=true hold=114632627 move_ms=0 now=114632627 cursor=0
ghost cond: active=true mode=.normal blame=true hold=114633028 line=0 pathMatch=true cursor=0
ghost cond: active=true mode=.normal blame=true hold=114633429 line=0 pathMatch=true cursor=0
ghost cond: active=true mode=.normal blame=true hold=114633830 line=0 pathMatch=true cursor=0
loop: blame=true active=true hold=114633831 move_ms=0 now=114633831 cursor=0
ghost cond: active=true mode=.normal blame=true hold=114634232 line=0 pathMatch=true cursor=0
ghost cond: active=true mode=.normal blame=true hold=114634633 line=0 pathMatch=true cursor=0
ghost cond: active=true mode=.normal blame=true hold=114635035 line=0 pathMatch=true cursor=0
loop: blame=true active=true hold=114635035 move_ms=0 now=114635035 cursor=0
ghost cond: active=true mode=.normal blame=true hold=114635436 line=0 pathMatch=true cursor=0
ghost cond: active=true mode=.normal blame=true hold=114635837 line=0 pathMatch=true cursor=0
ghost cond: active=true mode=.normal blame=true hold=114636239 line=0 pathMatch=true cursor=0
loop: blame=true active=true hold=114636239 move_ms=0 now=114636239 cursor=0
ghost cond: active=true mode=.normal blame=true hold=114636640 line=0 pathMatch=true cursor=0
ghost cond: active=true mode=.normal blame=true hold=114637042 line=0 pathMatch=true cursor=0
ghost cond: active=true mode=.normal blame=true hold=114637443 line=0 pathMatch=true cursor=0
loop: blame=true active=true hold=114637444 move_ms=0 now=114637444 cursor=0
ghost cond: active=true mode=.normal blame=true hold=114637845 line=0 pathMatch=true cursor=0
ghost cond: active=true mode=.normal blame=true hold=114638246 line=0 pathMatch=true cursor=0
ghost cond: active=true mode=.normal blame=true hold=114638648 line=0 pathMatch=true cursor=0
loop: blame=true active=true hold=114638648 move_ms=0 now=114638648 cursor=0
ghost cond: active=true mode=.normal blame=true hold=114639049 line=0 pathMatch=true cursor=0
ghost cond: active=true mode=.normal blame=true hold=114639450 line=0 pathMatch=true cursor=0
ghost cond: active=true mode=.normal blame=true hold=114639852 line=0 pathMatch=true cursor=0
loop: blame=true active=true hold=114639852 move_ms=0 now=114639852 cursor=0
ghost cond: active=true mode=.normal blame=true hold=114640254 line=0 pathMatch=true cursor=0
ghost cond: active=true mode=.normal blame=true hold=114640656 line=0 pathMatch=true cursor=0
ghost cond: active=true mode=.normal blame=true hold=114641058 line=0 pathMatch=true cursor=0
loop: blame=true active=true hold=114641058 move_ms=0 now=114641058 cursor=0
ghost cond: active=true mode=.normal blame=true hold=114641459 line=0 pathMatch=true cursor=0
ghost cond: active=true mode=.normal blame=true hold=114641862 line=0 pathMatch=true cursor=0
ghost cond: active=true mode=.normal blame=true hold=114642263 line=0 pathMatch=true cursor=0
loop: blame=true active=true hold=114642264 move_ms=0 now=114642264 cursor=0
ghost cond: active=true mode=.normal blame=true hold=114642665 line=0 pathMatch=true cursor=0
ghost cond: active=true mode=.normal blame=true hold=114643067 line=0 pathMatch=true cursor=0
ghost cond: active=true mode=.normal blame=true hold=114643469 line=0 pathMatch=true cursor=0
loop: blame=true active=true hold=114643469 move_ms=0 now=114643469 cursor=0
ghost cond: active=true mode=.normal blame=true hold=114643870 line=0 pathMatch=true cursor=0
ghost cond: active=true mode=.normal blame=true hold=114644272 line=0 pathMatch=true cursor=0
ghost cond: active=true mode=.normal blame=true hold=114644674 line=0 pathMatch=true cursor=0
loop: blame=true active=true hold=114644674 move_ms=0 now=114644674 cursor=0
ghost cond: active=true mode=.normal blame=true hold=114645075 line=0 pathMatch=true cursor=0
ghost cond: active=true mode=.normal blame=true hold=114645477 line=0 pathMatch=true cursor=0
ghost cond: active=true mode=.normal blame=true hold=114645878 line=0 pathMatch=true cursor=0
loop: blame=true active=true hold=114645878 move_ms=0 now=114645878 cursor=0
ghost cond: active=true mode=.normal blame=true hold=114646280 line=0 pathMatch=true cursor=0
ghost cond: active=true mode=.normal blame=true hold=114646682 line=0 pathMatch=true cursor=0
ghost cond: active=true mode=.normal blame=true hold=114647083 line=0 pathMatch=true cursor=0
loop: blame=true active=true hold=114647084 move_ms=0 now=114647084 cursor=0
ghost cond: active=true mode=.normal blame=true hold=114647485 line=0 pathMatch=true cursor=0
ghost cond: active=true mode=.normal blame=true hold=114647886 line=0 pathMatch=true cursor=0
ghost cond: active=true mode=.normal blame=true hold=114648288 line=0 pathMatch=true cursor=0
loop: blame=true active=true hold=114648288 move_ms=0 now=114648288 cursor=0
ghost cond: active=true mode=.normal blame=true hold=114648689 line=0 pathMatch=true cursor=0
ghost cond: active=true mode=.normal blame=true hold=114649091 line=0 pathMatch=true cursor=0
ghost cond: active=true mode=.normal blame=true hold=114649492 line=0 pathMatch=true cursor=0
loop: blame=true active=true hold=114649492 move_ms=0 now=114649492 cursor=0
ghost cond: active=true mode=.normal blame=true hold=114649894 line=0 pathMatch=true cursor=0
ghost cond: active=true mode=.normal blame=true hold=114650295 line=0 pathMatch=true cursor=0
ghost cond: active=true mode=.normal blame=true hold=114650697 line=0 pathMatch=true cursor=0
loop: blame=true active=true hold=114650697 move_ms=0 now=114650697 cursor=0
ghost cond: active=true mode=.normal blame=true hold=114651099 line=0 pathMatch=true cursor=0
ghost cond: active=true mode=.normal blame=true hold=114651500 line=0 pathMatch=true cursor=0
ghost cond: active=true mode=.normal blame=true hold=114651902 line=0 pathMatch=true cursor=0
loop: blame=false active=true hold=114652307 move_ms=0 now=114652307 cursor=0
maybeLoadBlame: stale=true branch=master
 path=/tmp/oz_8890_83b.txt
loop: blame=false active=true hold=114652615 move_ms=0 now=114652615 cursor=0
maybeLoadBlame: stale=true branch=master
 path=/tmp/oz_e2e_8890_86bhb.txt
maybeLoadBlame: stale=true branch=master
 path=/tmp/oz_e2e_8890_86bhb.txt
loop: blame=false active=true hold=114652925 move_ms=0 now=114652925 cursor=0
maybeLoadBlame: stale=true branch=master
 path=/home/leoz/sources/oz/build.zig
maybeLoadBlame: stale=true branch=master
 path=/home/leoz/sources/oz/build.zig
blame consumed: out=70902B parsed=true
loop: blame=false active=true hold=114653287 move_ms=0 now=114653287 cursor=0
maybeLoadBlame: stale=true branch=master
 path=/home/leoz/sources/oz/build.zig
maybeLoadBlame: stale=true branch=master
 path=/home/leoz/sources/oz/build.zig
loop: blame=false active=true hold=114653697 move_ms=0 now=114653697 cursor=0
maybeLoadBlame: stale=true branch=master
 path=/tmp/oz_e2e_8890_87lsp.go
maybeLoadBlame: stale=true branch=master
 path=/tmp/oz_e2e_8890_87lsp.go
loop: blame=false active=true hold=114654028 move_ms=0 now=114654028 cursor=0
maybeLoadBlame: stale=true branch=master
 path=/tmp/oz_e2e_8890_88lspm.zig
maybeLoadBlame: stale=true branch=master
 path=/tmp/oz_e2e_8890_88lspm.zig
loop: blame=false active=true hold=114654500 move_ms=0 now=114654500 cursor=0
maybeLoadBlame: stale=true branch=master
 path=/tmp/oz_e2e_8890_89diagc.zig
maybeLoadBlame: stale=true branch=master
 path=/tmp/oz_e2e_8890_89diagc.zig
loop: blame=false active=true hold=114654873 move_ms=0 now=114654873 cursor=0
maybeLoadBlame: stale=true branch=master
 path=/tmp/oz_e2e_8890_90jksync.zig
maybeLoadBlame: stale=true branch=master
 path=/tmp/oz_e2e_8890_90jksync.zig
loop: blame=false active=true hold=114655248 move_ms=0 now=114655248 cursor=0
maybeLoadBlame: stale=true branch=master
 path=/tmp/oz_e2e_8890_91diag.zig
maybeLoadBlame: stale=true branch=master
 path=/tmp/oz_e2e_8890_91diag.zig
loop: blame=false active=true hold=114655723 move_ms=0 now=114655723 cursor=0
maybeLoadBlame: stale=true branch=master
 path=/tmp/oz_e2e_8890_92nav.zig
maybeLoadBlame: stale=true branch=master
 path=/tmp/oz_e2e_8890_92nav.zig
loop: blame=false active=true hold=114656289 move_ms=0 now=114656289 cursor=0
maybeLoadBlame: stale=true branch=master
 path=/tmp/oz_e2e_8890_93comp.zig
maybeLoadBlame: stale=true branch=master
 path=/tmp/oz_e2e_8890_93comp.zig
loop: blame=false active=true hold=114656764 move_ms=0 now=114656764 cursor=0
maybeLoadBlame: stale=true branch=master
 path=/tmp/oz_e2e_8890_94auto.zig
maybeLoadBlame: stale=true branch=master
 path=/tmp/oz_e2e_8890_94auto.zig
loop: blame=false active=true hold=114657238 move_ms=0 now=114657238 cursor=0
maybeLoadBlame: stale=true branch=master
 path=/tmp/oz_e2e_8890_95trig.zig
maybeLoadBlame: stale=true branch=master
 path=/tmp/oz_e2e_8890_95trig.zig
loop: blame=false active=true hold=114657712 move_ms=0 now=114657712 cursor=0
maybeLoadBlame: stale=true branch=master
 path=/tmp/oz_e2e_8890_96dyn.zig
maybeLoadBlame: stale=true branch=master
 path=/tmp/oz_e2e_8890_96dyn.zig
loop: blame=false active=true hold=114658188 move_ms=0 now=114658188 cursor=0
maybeLoadBlame: stale=true branch=master
 path=/tmp/oz_e2e_8890_97snp.zig
maybeLoadBlame: stale=true branch=master
 path=/tmp/oz_e2e_8890_97snp.zig
loop: blame=false active=true hold=114658664 move_ms=0 now=114658664 cursor=0
maybeLoadBlame: stale=true branch=master
 path=/tmp/oz_e2e_8890_98flow.zig
maybeLoadBlame: stale=true branch=master
 path=/tmp/oz_e2e_8890_98flow.zig
loop: blame=false active=true hold=114659156 move_ms=0 now=114659156 cursor=0
maybeLoadBlame: stale=true branch=master
 path=/tmp/oz_e2e_8890_99sig.zig
maybeLoadBlame: stale=true branch=master
 path=/tmp/oz_e2e_8890_99sig.zig
loop: blame=false active=true hold=114659630 move_ms=0 now=114659630 cursor=0
maybeLoadBlame: stale=true branch=master
 path=/tmp/oz_e2e_8890_100edit.zig
maybeLoadBlame: stale=true branch=master
 path=/tmp/oz_e2e_8890_100edit.zig
loop: blame=false active=true hold=0 move_ms=114664687 now=114664687 cursor=20
loop: blame=false active=true hold=114665094 move_ms=0 now=114665094 cursor=0
maybeLoadBlame: stale=true branch=master
 path=/tmp/oz_e2e_8890_101cmdt.zig
maybeLoadBlame: stale=true branch=master
 path=/tmp/oz_e2e_8890_101cmdt.zig
loop: blame=false active=true hold=114665446 move_ms=0 now=114665446 cursor=0
maybeLoadBlame: stale=true branch=master
 path=/tmp/oz_e2e_8890_102km.txt
maybeLoadBlame: stale=true branch=master
 path=/tmp/oz_e2e_8890_102km.txt
loop: blame=false active=true hold=114665757 move_ms=0 now=114665757 cursor=0
maybeLoadBlame: stale=true branch=master
 path=/tmp/oz_e2e_8890_103tr.txt
maybeLoadBlame: stale=true branch=master
 path=/tmp/oz_e2e_8890_103tr.txt
loop: blame=false active=true hold=114666066 move_ms=0 now=114666066 cursor=0
maybeLoadBlame: stale=true branch=master
 path=/home/leoz/sources/oz/build.zig
maybeLoadBlame: stale=true branch=master
 path=/home/leoz/sources/oz/build.zig
loop: blame=false active=true hold=114666421 move_ms=0 now=114666421 cursor=0
maybeLoadBlame: stale=true branch=master
 path=/tmp/oz_e2e_8890_104_newfile.txt
maybeLoadBlame: stale=true branch=master
 path=/tmp/oz_e2e_8890_104_newfile.txt
loop: blame=false active=true hold=114666730 move_ms=0 now=114666730 cursor=0
maybeLoadBlame: stale=true branch=master
 path=/tmp/oz_e2e_8890_105_view.txt
maybeLoadBlame: stale=true branch=master
 path=/tmp/oz_e2e_8890_105_view.txt
loop: blame=false active=true hold=114667039 move_ms=0 now=114667039 cursor=0
maybeLoadBlame: stale=true branch=master
 path=/tmp/oz_e2e_8890_106fold.py
maybeLoadBlame: stale=true branch=master
 path=/tmp/oz_e2e_8890_106fold.py
loop: blame=false active=true hold=114667371 move_ms=0 now=114667371 cursor=0
maybeLoadBlame: stale=true branch=main
 path=/tmp/oz_e2e_git_8890/a.txt
maybeLoadBlame: stale=true branch=main
 path=/tmp/oz_e2e_git_8890/a.txt
blame consumed: out=5203B parsed=true
maybeLoadBlame: stale=true branch=main
 path=/tmp/oz_e2e_git_8890/a.txt
maybeLoadBlame: stale=true branch=main
 path=/tmp/oz_e2e_git_8890/a.txt
blame consumed: out=5203B parsed=true
maybeLoadBlame: stale=true branch=main
 path=/tmp/oz_e2e_git_8890/a.txt
maybeLoadBlame: stale=true branch=main
 path=/tmp/oz_e2e_git_8890/a.txt
blame consumed: out=5364B parsed=true
loop: blame=true active=true hold=895 move_ms=114667476 now=114668371 cursor=105
ghost cond: active=true mode=.normal blame=true hold=1000 line=16 pathMatch=true cursor=105
ghost cond: active=true mode=.normal blame=true hold=1000 line=16 pathMatch=true cursor=105
ghost SKIP: active=false mode=.normal blame=true hold=1001
maybeLoadBlame: stale=false branch=main
 path=/tmp/oz_e2e_git_8890/a.txt
ghost cond: active=true mode=.normal blame=true hold=1001 line=16 pathMatch=true cursor=105
maybeLoadBlame: stale=true branch=main
 path=/tmp/oz_e2e_git_8890/b.txt
maybeLoadBlame: stale=true branch=main
 path=/tmp/oz_e2e_git_8890/b.txt
loop: blame=false active=true hold=114668791 move_ms=0 now=114668791 cursor=0
maybeLoadBlame: stale=true branch=main
 path=/tmp/oz_e2e_ghost_8890/a.txt
maybeLoadBlame: stale=true branch=main
 path=/tmp/oz_e2e_ghost_8890/a.txt
blame consumed: out=288B parsed=true
ghost cond: active=true mode=.normal blame=true hold=114668795 line=0 pathMatch=true cursor=0
ghost cond: active=true mode=.normal blame=true hold=114668795 line=0 pathMatch=true cursor=0
ghost cond: active=true mode=.normal blame=true hold=114669095 line=0 pathMatch=true cursor=0
loop: blame=false active=true hold=114669401 move_ms=0 now=114669401 cursor=0
maybeLoadBlame: stale=true branch=master
 path=/tmp/oz_e2e_8890_107term.txt
maybeLoadBlame: stale=true branch=master
 path=/tmp/oz_e2e_8890_107term.txt
loop: blame=false active=true hold=114669973 move_ms=0 now=114669973 cursor=0
maybeLoadBlame: stale=true branch=master
 path=/tmp/oz_e2e_8890_108termq.txt
maybeLoadBlame: stale=true branch=master
 path=/tmp/oz_e2e_8890_108termq.txt
loop: blame=false active=true hold=114670812 move_ms=0 now=114670812 cursor=0
loop: blame=false active=true hold=114671118 move_ms=0 now=114671118 cursor=0
maybeLoadBlame: stale=true branch=master
 path=/tmp/oz_e2e_10768_1.txt
maybeLoadBlame: stale=true branch=master
 path=/tmp/oz_e2e_10768_1.txt
loop: blame=false active=true hold=114671425 move_ms=0 now=114671425 cursor=0
maybeLoadBlame: stale=true branch=master
 path=/tmp/oz_e2e_10768_2.txt
maybeLoadBlame: stale=true branch=master
 path=/tmp/oz_e2e_10768_2.txt
loop: blame=false active=true hold=114671732 move_ms=0 now=114671732 cursor=0
loop: blame=false active=true hold=114672039 move_ms=0 now=114672039 cursor=0
maybeLoadBlame: stale=true branch=master
 path=/tmp/oz e2e sp 10768 4.txt
maybeLoadBlame: stale=true branch=master
 path=/tmp/oz e2e sp 10768 4.txt
loop: blame=false active=true hold=114672346 move_ms=0 now=114672346 cursor=0
maybeLoadBlame: stale=true branch=master
 path=/tmp/oz_e2e_10768_5th.txt
maybeLoadBlame: stale=true branch=master
 path=/tmp/oz_e2e_10768_5th.txt
loop: blame=false active=true hold=114672653 move_ms=0 now=114672653 cursor=0
maybeLoadBlame: stale=true branch=master
 path=/tmp/oz_e2e_10768_6thp.txt
maybeLoadBlame: stale=true branch=master
 path=/tmp/oz_e2e_10768_6thp.txt
loop: blame=false active=true hold=114672962 move_ms=0 now=114672962 cursor=0
maybeLoadBlame: stale=true branch=master
 path=/tmp/oz_e2e_10768_7.txt
maybeLoadBlame: stale=true branch=master
 path=/tmp/oz_e2e_10768_7.txt
loop: blame=false active=true hold=114673269 move_ms=0 now=114673269 cursor=0
maybeLoadBlame: stale=true branch=master
 path=/tmp/oz_e2e_10768_8.txt
maybeLoadBlame: stale=true branch=master
 path=/tmp/oz_e2e_10768_8.txt
loop: blame=false active=true hold=114673577 move_ms=0 now=114673577 cursor=0
maybeLoadBlame: stale=true branch=master
 path=/tmp/oz_e2e_10768_9search.txt
maybeLoadBlame: stale=true branch=master
 path=/tmp/oz_e2e_10768_9search.txt
loop: blame=false active=true hold=114673885 move_ms=0 now=114673885 cursor=0
maybeLoadBlame: stale=true branch=master
 path=/tmp/oz_e2e_10768_10.txt
maybeLoadBlame: stale=true branch=master
 path=/tmp/oz_e2e_10768_10.txt
loop: blame=false active=true hold=114674193 move_ms=0 now=114674193 cursor=0
maybeLoadBlame: stale=true branch=master
 path=/tmp/oz_e2e_10768_11.txt
maybeLoadBlame: stale=true branch=master
 path=/tmp/oz_e2e_10768_11.txt
loop: blame=false active=true hold=114674501 move_ms=0 now=114674501 cursor=0
maybeLoadBlame: stale=true branch=master
 path=/tmp/oz_e2e_10768.zig
maybeLoadBlame: stale=true branch=master
 path=/tmp/oz_e2e_10768.zig
loop: blame=false active=true hold=114674858 move_ms=0 now=114674858 cursor=0
loop: blame=false active=true hold=114675164 move_ms=0 now=114675164 cursor=0
maybeLoadBlame: stale=true branch=master
 path=/home/leoz/sources/oz/src/main.zig
loop: blame=false active=true hold=114675473 move_ms=0 now=114675473 cursor=0
maybeLoadBlame: stale=true branch=master
 path=/tmp/oz_e2e_10768_14.txt
maybeLoadBlame: stale=true branch=master
 path=/tmp/oz_e2e_10768_14.txt
loop: blame=false active=true hold=114675780 move_ms=0 now=114675780 cursor=0
maybeLoadBlame: stale=true branch=master
 path=/tmp/oz_e2e_10768_15.txt
maybeLoadBlame: stale=true branch=master
 path=/tmp/oz_e2e_10768_15.txt
loop: blame=false active=true hold=114676088 move_ms=0 now=114676088 cursor=0
loop: blame=false active=true hold=114676394 move_ms=0 now=114676394 cursor=0
maybeLoadBlame: stale=true branch=master
 path=/tmp/oz_e2e_10768_17.txt
maybeLoadBlame: stale=true branch=master
 path=/tmp/oz_e2e_10768_17.txt
loop: blame=false active=true hold=114676703 move_ms=0 now=114676703 cursor=0
loop: blame=false active=true hold=114677009 move_ms=0 now=114677009 cursor=0
loop: blame=false active=true hold=114677315 move_ms=0 now=114677315 cursor=0
maybeLoadBlame: stale=true branch=master
 path=/tmp/oz_e2e_10768_19.txt
maybeLoadBlame: stale=true branch=master
 path=/tmp/oz_e2e_10768_19.txt
maybeLoadBlame: stale=true branch=master
 path=/home/leoz/sources/oz/test/e2e.zig
maybeLoadBlame: stale=true branch=master
 path=/home/leoz/sources/oz/test/e2e.zig
blame consumed: out=5611461B parsed=true
loop: blame=true active=true hold=931 move_ms=114677384 now=114678315 cursor=95781
ghost cond: active=true mode=.normal blame=true hold=1000 line=2573 pathMatch=true cursor=95781
ghost cond: active=true mode=.normal blame=true hold=6003 line=2573 pathMatch=true cursor=95781
loop: blame=false active=true hold=114683691 move_ms=0 now=114683691 cursor=0
maybeLoadBlame: stale=true branch=master
 path=/tmp/oz_e2e_10768_20g.txt
maybeLoadBlame: stale=true branch=master
 path=/tmp/oz_e2e_10768_20g.txt
maybeLoadBlame: stale=true branch=master
 path=/home/leoz/sources/oz/patches/vaxis-Screen.zig
maybeLoadBlame: stale=true branch=master
 path=/home/leoz/sources/oz/patches/vaxis-Screen.zig
loop: blame=false active=true hold=114684174 move_ms=0 now=114684174 cursor=0
maybeLoadBlame: stale=true branch=master
 path=/tmp/oz_e2e_10768_21.txt
maybeLoadBlame: stale=true branch=master
 path=/tmp/oz_e2e_10768_21.txt
loop: blame=false active=true hold=114684484 move_ms=0 now=114684484 cursor=0
loop: blame=false active=true hold=114684791 move_ms=0 now=114684791 cursor=0
maybeLoadBlame: stale=true branch=master
 path=/tmp/oz_e2e_10768_24b.txt
loop: blame=false active=true hold=114685099 move_ms=0 now=114685099 cursor=0
maybeLoadBlame: stale=true branch=master
 path=/tmp/oz_e2e_10768_26pb.txt
loop: blame=false active=true hold=114685407 move_ms=0 now=114685407 cursor=0
maybeLoadBlame: stale=true branch=master
 path=/tmp/oz_e2e_10768_28kb.txt
loop: blame=false active=true hold=114685714 move_ms=0 now=114685714 cursor=0
maybeLoadBlame: stale=true branch=master
 path=/tmp/oz_e2e_10768_29vs.txt
maybeLoadBlame: stale=true branch=master
 path=/tmp/oz_e2e_10768_29vs.txt
loop: blame=false active=true hold=114686022 move_ms=0 now=114686022 cursor=0
maybeLoadBlame: stale=true branch=master
 path=/tmp/oz_e2e_10768_30ra.txt
maybeLoadBlame: stale=true branch=master
 path=/tmp/oz_e2e_10768_30ra.txt
loop: blame=false active=true hold=114686330 move_ms=0 now=114686330 cursor=0
maybeLoadBlame: stale=true branch=master
 path=/tmp/oz_e2e_10768_32syn.zig
maybeLoadBlame: stale=true branch=master
 path=/tmp/oz_e2e_10768_32syn.zig
loop: blame=false active=true hold=114686681 move_ms=0 now=114686681 cursor=0
maybeLoadBlame: stale=true branch=master
 path=/tmp/oz_e2e_10768_33drift.zig
maybeLoadBlame: stale=true branch=master
 path=/tmp/oz_e2e_10768_33drift.zig
loop: blame=false active=true hold=114687058 move_ms=0 now=114687058 cursor=0
loop: blame=false active=true hold=114687365 move_ms=0 now=114687365 cursor=0
maybeLoadBlame: stale=true branch=master
 path=/tmp/oz_e2e_10768_35vis.zig
maybeLoadBlame: stale=true branch=master
 path=/tmp/oz_e2e_10768_35vis.zig
loop: blame=false active=true hold=114688186 move_ms=0 now=114688186 cursor=0
maybeLoadBlame: stale=true branch=master
 path=/tmp/oz_e2e_10768_36.zig
maybeLoadBlame: stale=true branch=master
 path=/tmp/oz_e2e_10768_36.zig
loop: blame=false active=true hold=114688796 move_ms=0 now=114688796 cursor=0
maybeLoadBlame: stale=true branch=master
 path=/tmp/oz_e2e_10768_37.zig
maybeLoadBlame: stale=true branch=master
 path=/tmp/oz_e2e_10768_37.zig
loop: blame=false active=true hold=114689407 move_ms=0 now=114689407 cursor=0
maybeLoadBlame: stale=true branch=master
 path=/tmp/oz_e2e_10768_38.txt
maybeLoadBlame: stale=true branch=master
 path=/tmp/oz_e2e_10768_38.txt
loop: blame=false active=true hold=114689717 move_ms=0 now=114689717 cursor=0
loop: blame=false active=true hold=114690024 move_ms=0 now=114690024 cursor=0
loop: blame=false active=true hold=114690331 move_ms=0 now=114690331 cursor=0
maybeLoadBlame: stale=true branch=master
 path=/tmp/oz_e2e_10768_41.txt
maybeLoadBlame: stale=true branch=master
 path=/tmp/oz_e2e_10768_41.txt
loop: blame=false active=true hold=114690640 move_ms=0 now=114690640 cursor=0
maybeLoadBlame: stale=true branch=master
 path=/tmp/oz_e2e_10768_42.txt
maybeLoadBlame: stale=true branch=master
 path=/tmp/oz_e2e_10768_42.txt
loop: blame=false active=true hold=114690949 move_ms=0 now=114690949 cursor=0
maybeLoadBlame: stale=true branch=master
 path=/tmp/oz_e2e_10768_43f.txt
maybeLoadBlame: stale=true branch=master
 path=/tmp/oz_e2e_10768_43f.txt
loop: blame=false active=true hold=114691257 move_ms=0 now=114691257 cursor=0
maybeLoadBlame: stale=true branch=master
 path=/tmp/oz_e2e_10768_44p.txt
maybeLoadBlame: stale=true branch=master
 path=/tmp/oz_e2e_10768_44p.txt
loop: blame=false active=true hold=114691565 move_ms=0 now=114691565 cursor=0
maybeLoadBlame: stale=true branch=master
 path=/tmp/oz_e2e_10768_45vl.txt
maybeLoadBlame: stale=true branch=master
 path=/tmp/oz_e2e_10768_45vl.txt
loop: blame=false active=true hold=114691873 move_ms=0 now=114691873 cursor=0
maybeLoadBlame: stale=true branch=master
 path=/tmp/oz_e2e_10768_46ft2.txt
maybeLoadBlame: stale=true branch=master
 path=/tmp/oz_e2e_10768_46ft2.txt
loop: blame=false active=true hold=114692182 move_ms=0 now=114692182 cursor=0
maybeLoadBlame: stale=true branch=master
 path=/tmp/oz_e2e_10768_48gtb.txt
loop: blame=false active=true hold=114692491 move_ms=0 now=114692491 cursor=0
loop: blame=false active=true hold=114692797 move_ms=0 now=114692797 cursor=0
loop: blame=false active=true hold=114693104 move_ms=0 now=114693104 cursor=0
maybeLoadBlame: stale=true branch=master
 path=/tmp/oz_e2e_10768_51ctl.txt
maybeLoadBlame: stale=true branch=master
 path=/tmp/oz_e2e_10768_51ctl.txt
loop: blame=false active=true hold=114693411 move_ms=0 now=114693411 cursor=0
maybeLoadBlame: stale=true branch=master
 path=/tmp/oz_e2e_10768_52alt.txt
maybeLoadBlame: stale=true branch=master
 path=/tmp/oz_e2e_10768_52alt.txt
loop: blame=false active=true hold=114693720 move_ms=0 now=114693720 cursor=0
maybeLoadBlame: stale=true branch=master
 path=/tmp/oz_e2e_10768_53g.txt
maybeLoadBlame: stale=true branch=master
 path=/tmp/oz_e2e_10768_53g.txt
maybeLoadBlame: stale=true branch=master
 path=/home/leoz/sources/oz/src/root.zig
maybeLoadBlame: stale=true branch=master
 path=/home/leoz/sources/oz/src/root.zig
loop: blame=false active=true hold=114694075 move_ms=0 now=114694075 cursor=0
maybeLoadBlame: stale=true branch=master
 path=/tmp/oz_e2e_10768_54v.txt
maybeLoadBlame: stale=true branch=master
 path=/tmp/oz_e2e_10768_54v.txt
loop: blame=false active=true hold=114694383 move_ms=0 now=114694383 cursor=0
loop: blame=false active=true hold=114694689 move_ms=0 now=114694689 cursor=0
maybeLoadBlame: stale=true branch=master
 path=/tmp/oz_e2e_10768_56vlc.txt
maybeLoadBlame: stale=true branch=master
 path=/tmp/oz_e2e_10768_56vlc.txt
loop: blame=false active=true hold=114694997 move_ms=0 now=114694997 cursor=0
loop: blame=false active=true hold=114695304 move_ms=0 now=114695304 cursor=0
maybeLoadBlame: stale=true branch=master
 path=/tmp/oz_e2e_10768_58col.txt
maybeLoadBlame: stale=true branch=master
 path=/tmp/oz_e2e_10768_58col.txt
loop: blame=false active=true hold=114695611 move_ms=0 now=114695611 cursor=0
loop: blame=false active=true hold=114695917 move_ms=0 now=114695917 cursor=0
loop: blame=false active=true hold=114696224 move_ms=0 now=114696224 cursor=0
loop: blame=false active=true hold=114696531 move_ms=0 now=114696531 cursor=0
maybeLoadBlame: stale=true branch=master
 path=/tmp/oz_e2e_10768_62cnt.txt
maybeLoadBlame: stale=true branch=master
 path=/tmp/oz_e2e_10768_62cnt.txt
loop: blame=false active=true hold=114696838 move_ms=0 now=114696838 cursor=0
maybeLoadBlame: stale=true branch=master
 path=/tmp/oz_e2e_10768_63mc.txt
maybeLoadBlame: stale=true branch=master
 path=/tmp/oz_e2e_10768_63mc.txt
loop: blame=false active=true hold=114697145 move_ms=0 now=114697145 cursor=0
maybeLoadBlame: stale=true branch=master
 path=/tmp/oz_e2e_10768_64mcscroll.txt
maybeLoadBlame: stale=true branch=master
 path=/tmp/oz_e2e_10768_64mcscroll.txt
loop: blame=false active=true hold=114697452 move_ms=0 now=114697452 cursor=0
loop: blame=false active=true hold=114697762 move_ms=0 now=114697762 cursor=0
maybeLoadBlame: stale=true branch=master
 path=/tmp/oz_e2e_10768_66gutter.txt
maybeLoadBlame: stale=true branch=master
 path=/tmp/oz_e2e_10768_66gutter.txt
loop: blame=false active=true hold=114698069 move_ms=0 now=114698069 cursor=0
maybeLoadBlame: stale=true branch=master
 path=/home/leoz/sources/oz/build.zig
maybeLoadBlame: stale=true branch=master
 path=/home/leoz/sources/oz/build.zig
maybeLoadBlame: stale=true branch=master
 path=/home/leoz/sources/oz/README.md
maybeLoadBlame: stale=true branch=master
 path=/home/leoz/sources/oz/README.md
blame consumed: out=15464B parsed=true
ghost cond: active=true mode=.normal blame=true hold=114698125 line=0 pathMatch=true cursor=0
ghost cond: active=true mode=.normal blame=true hold=114698176 line=0 pathMatch=true cursor=0
ghost cond: active=true mode=.normal blame=true hold=114698226 line=0 pathMatch=true cursor=0
ghost cond: active=true mode=.normal blame=true hold=114698277 line=0 pathMatch=true cursor=0
ghost cond: active=true mode=.normal blame=true hold=114698327 line=0 pathMatch=true cursor=0
ghost cond: active=true mode=.normal blame=true hold=114698378 line=0 pathMatch=true cursor=0
ghost cond: active=true mode=.normal blame=true hold=114698478 line=0 pathMatch=true cursor=0
maybeLoadBlame: stale=true branch=master
 path=/home/leoz/sources/oz/src/buffer/ops.zig
maybeLoadBlame: stale=true branch=master
 path=/home/leoz/sources/oz/src/buffer/ops.zig
ghost cond: active=true mode=.normal blame=true hold=114698479 line=0 pathMatch=true cursor=0
ghost cond: active=true mode=.normal blame=true hold=114698480 line=0 pathMatch=true cursor=0
loop: blame=false active=true hold=114698785 move_ms=0 now=114698785 cursor=0
maybeLoadBlame: stale=true branch=master
 path=/tmp/oz_e2e_10768_67ud1.txt
maybeLoadBlame: stale=true branch=master
 path=/tmp/oz_e2e_10768_67ud1.txt
loop: blame=false active=true hold=114699092 move_ms=0 now=114699092 cursor=0
maybeLoadBlame: stale=true branch=master
 path=/tmp/oz_e2e_10768_68ud2.txt
maybeLoadBlame: stale=true branch=master
 path=/tmp/oz_e2e_10768_68ud2.txt
loop: blame=false active=true hold=114699399 move_ms=0 now=114699399 cursor=0
loop: blame=false active=true hold=114699706 move_ms=0 now=114699706 cursor=0
loop: blame=false active=true hold=114700013 move_ms=0 now=114700013 cursor=0
maybeLoadBlame: stale=true branch=master
 path=/tmp/oz_e2e_10768_71cc.txt
maybeLoadBlame: stale=true branch=master
 path=/tmp/oz_e2e_10768_71cc.txt
loop: blame=false active=true hold=114700320 move_ms=0 now=114700320 cursor=0
maybeLoadBlame: stale=true branch=master
 path=/tmp/oz_e2e_10768_72yank.txt
maybeLoadBlame: stale=true branch=master
 path=/tmp/oz_e2e_10768_72yank.txt
loop: blame=false active=true hold=114700629 move_ms=0 now=114700629 cursor=0
loop: blame=false active=true hold=114700936 move_ms=0 now=114700936 cursor=0
maybeLoadBlame: stale=true branch=master
 path=/tmp/oz_e2e_10768_74foc.txt
maybeLoadBlame: stale=true branch=master
 path=/tmp/oz_e2e_10768_74foc.txt
loop: blame=false active=true hold=114701245 move_ms=0 now=114701245 cursor=0
maybeLoadBlame: stale=true branch=master
 path=/tmp/oz_e2e_10768_75comp.txt
maybeLoadBlame: stale=true branch=master
 path=/tmp/oz_e2e_10768_75comp.txt
loop: blame=false active=true hold=114701553 move_ms=0 now=114701553 cursor=0
maybeLoadBlame: stale=true branch=master
 path=/tmp/oz_e2e_10768_76compc.txt
maybeLoadBlame: stale=true branch=master
 path=/tmp/oz_e2e_10768_76compc.txt
loop: blame=false active=true hold=114701861 move_ms=0 now=114701861 cursor=0
maybeLoadBlame: stale=true branch=master
 path=/tmp/oz_e2e_10768_77compn.txt
maybeLoadBlame: stale=true branch=master
 path=/tmp/oz_e2e_10768_77compn.txt
loop: blame=false active=true hold=1203 move_ms=114701862 now=114703065 cursor=34
loop: blame=false active=true hold=114703370 move_ms=0 now=114703370 cursor=0
maybeLoadBlame: stale=true branch=master
 path=/tmp/oz_e2e_10768_78jcol.zig
maybeLoadBlame: stale=true branch=master
 path=/tmp/oz_e2e_10768_78jcol.zig
loop: blame=false active=true hold=114703727 move_ms=0 now=114703727 cursor=0
maybeLoadBlame: stale=true branch=master
 path=/tmp/oz_e2e_10768_79win.txt
maybeLoadBlame: stale=true branch=master
 path=/tmp/oz_e2e_10768_79win.txt
loop: blame=false active=true hold=114704035 move_ms=0 now=114704035 cursor=0
maybeLoadBlame: stale=true branch=master
 path=/tmp/oz_e2e_10768_80winsp.txt
maybeLoadBlame: stale=true branch=master
 path=/tmp/oz_e2e_10768_80winsp.txt
loop: blame=false active=true hold=114704342 move_ms=0 now=114704342 cursor=0
maybeLoadBlame: stale=true branch=master
 path=/tmp/ozfz_10768_81/a.txt
maybeLoadBlame: stale=true branch=master
 path=/tmp/ozfz_10768_81/a.txt
loop: blame=false active=true hold=0 move_ms=114705547 now=114705547 cursor=3
loop: blame=false active=true hold=1201 move_ms=114705547 now=114706748 cursor=3
loop: blame=false active=true hold=2403 move_ms=114705547 now=114707950 cursor=3
loop: blame=false active=true hold=3604 move_ms=114705547 now=114709151 cursor=3
loop: blame=false active=true hold=4805 move_ms=114705547 now=114710352 cursor=3
loop: blame=false active=true hold=6006 move_ms=114705547 now=114711553 cursor=3
loop: blame=false active=true hold=7207 move_ms=114705547 now=114712754 cursor=3
loop: blame=false active=true hold=8409 move_ms=114705547 now=114713956 cursor=3
loop: blame=false active=true hold=9610 move_ms=114705547 now=114715157 cursor=3
loop: blame=false active=true hold=10811 move_ms=114705547 now=114716358 cursor=3
loop: blame=false active=true hold=12013 move_ms=114705547 now=114717560 cursor=3
loop: blame=false active=true hold=13214 move_ms=114705547 now=114718761 cursor=3
loop: blame=false active=true hold=14415 move_ms=114705547 now=114719962 cursor=3
loop: blame=false active=true hold=15617 move_ms=114705547 now=114721164 cursor=3
loop: blame=false active=true hold=16818 move_ms=114705547 now=114722365 cursor=3
loop: blame=false active=true hold=18019 move_ms=114705547 now=114723566 cursor=3
loop: blame=false active=true hold=19220 move_ms=114705547 now=114724767 cursor=3
loop: blame=false active=true hold=20422 move_ms=114705547 now=114725969 cursor=3
loop: blame=false active=true hold=21623 move_ms=114705547 now=114727170 cursor=3
loop: blame=false active=true hold=22825 move_ms=114705547 now=114728372 cursor=3
loop: blame=false active=true hold=24029 move_ms=114705547 now=114729576 cursor=3
loop: blame=false active=true hold=25234 move_ms=114705547 now=114730781 cursor=3
loop: blame=false active=true hold=26438 move_ms=114705547 now=114731985 cursor=3
loop: blame=false active=true hold=27643 move_ms=114705547 now=114733190 cursor=3
loop: blame=false active=true hold=28847 move_ms=114705547 now=114734394 cursor=3
loop: blame=false active=true hold=30050 move_ms=114705547 now=114735597 cursor=3
loop: blame=false active=true hold=31256 move_ms=114705547 now=114736803 cursor=3
loop: blame=false active=true hold=32461 move_ms=114705547 now=114738008 cursor=3
loop: blame=false active=true hold=33665 move_ms=114705547 now=114739212 cursor=3
loop: blame=false active=true hold=34870 move_ms=114705547 now=114740417 cursor=3
loop: blame=false active=true hold=36074 move_ms=114705547 now=114741621 cursor=3
loop: blame=false active=true hold=37278 move_ms=114705547 now=114742825 cursor=3
loop: blame=false active=true hold=38482 move_ms=114705547 now=114744029 cursor=3
loop: blame=false active=true hold=39686 move_ms=114705547 now=114745233 cursor=3
loop: blame=false active=true hold=40890 move_ms=114705547 now=114746437 cursor=3
loop: blame=false active=true hold=42094 move_ms=114705547 now=114747641 cursor=3
loop: blame=false active=true hold=43298 move_ms=114705547 now=114748845 cursor=3
loop: blame=false active=true hold=44502 move_ms=114705547 now=114750049 cursor=3
loop: blame=false active=true hold=45706 move_ms=114705547 now=114751253 cursor=3
loop: blame=false active=true hold=46909 move_ms=114705547 now=114752456 cursor=3
loop: blame=false active=true hold=48110 move_ms=114705547 now=114753657 cursor=3
loop: blame=false active=true hold=49311 move_ms=114705547 now=114754858 cursor=3
loop: blame=false active=true hold=50512 move_ms=114705547 now=114756059 cursor=3
loop: blame=false active=true hold=51713 move_ms=114705547 now=114757260 cursor=3
loop: blame=false active=true hold=52914 move_ms=114705547 now=114758461 cursor=3
loop: blame=false active=true hold=54116 move_ms=114705547 now=114759663 cursor=3
loop: blame=false active=true hold=55317 move_ms=114705547 now=114760864 cursor=3
loop: blame=false active=true hold=56518 move_ms=114705547 now=114762065 cursor=3
loop: blame=false active=true hold=57719 move_ms=114705547 now=114763266 cursor=3
loop: blame=false active=true hold=58920 move_ms=114705547 now=114764467 cursor=3
loop: blame=false active=true hold=60122 move_ms=114705547 now=114765669 cursor=3
loop: blame=false active=true hold=61323 move_ms=114705547 now=114766870 cursor=3
loop: blame=false active=true hold=62524 move_ms=114705547 now=114768071 cursor=3
loop: blame=false active=true hold=63725 move_ms=114705547 now=114769272 cursor=3
loop: blame=false active=true hold=64927 move_ms=114705547 now=114770474 cursor=3
loop: blame=false active=true hold=66128 move_ms=114705547 now=114771675 cursor=3
loop: blame=false active=true hold=67329 move_ms=114705547 now=114772876 cursor=3
loop: blame=false active=true hold=68530 move_ms=114705547 now=114774077 cursor=3
loop: blame=false active=true hold=69732 move_ms=114705547 now=114775279 cursor=3
loop: blame=false active=true hold=0 move_ms=114776480 now=114776480 cursor=5
loop: blame=false active=true hold=1201 move_ms=114776480 now=114777681 cursor=5
loop: blame=false active=true hold=2402 move_ms=114776480 now=114778882 cursor=5
loop: blame=false active=true hold=3603 move_ms=114776480 now=114780083 cursor=5
loop: blame=false active=true hold=4805 move_ms=114776480 now=114781285 cursor=5
loop: blame=false active=true hold=6006 move_ms=114776480 now=114782486 cursor=5
loop: blame=false active=true hold=7207 move_ms=114776480 now=114783687 cursor=5
loop: blame=false active=true hold=8408 move_ms=114776480 now=114784888 cursor=5
loop: blame=false active=true hold=9609 move_ms=114776480 now=114786089 cursor=5
loop: blame=false active=true hold=10811 move_ms=114776480 now=114787291 cursor=5
loop: blame=false active=true hold=12012 move_ms=114776480 now=114788492 cursor=5
loop: blame=false active=true hold=13213 move_ms=114776480 now=114789693 cursor=5
loop: blame=false active=true hold=14414 move_ms=114776480 now=114790894 cursor=5
loop: blame=false active=true hold=15615 move_ms=114776480 now=114792095 cursor=5
loop: blame=false active=true hold=16816 move_ms=114776480 now=114793296 cursor=5
loop: blame=false active=true hold=114794803 move_ms=0 now=114794803 cursor=0
maybeLoadBlame: stale=true branch=master
 path=/home/leoz/sources/oz/build.zig
maybeLoadBlame: stale=true branch=master
 path=/home/leoz/sources/oz/build.zig
blame consumed: out=70902B parsed=true
ghost cond: active=true mode=.normal blame=true hold=114794856 line=0 pathMatch=true cursor=0
ghost cond: active=true mode=.normal blame=true hold=114795256 line=0 pathMatch=true cursor=0
ghost cond: active=true mode=.normal blame=true hold=114795657 line=0 pathMatch=true cursor=0
ghost cond: active=true mode=.normal blame=true hold=114796058 line=0 pathMatch=true cursor=0
loop: blame=true active=true hold=114796058 move_ms=0 now=114796058 cursor=0
ghost cond: active=true mode=.normal blame=true hold=114796459 line=0 pathMatch=true cursor=0
ghost cond: active=true mode=.normal blame=true hold=114796859 line=0 pathMatch=true cursor=0
ghost cond: active=true mode=.normal blame=true hold=114797260 line=0 pathMatch=true cursor=0
loop: blame=true active=true hold=114797261 move_ms=0 now=114797261 cursor=0
ghost cond: active=true mode=.normal blame=true hold=114797661 line=0 pathMatch=true cursor=0
ghost cond: active=true mode=.normal blame=true hold=114798062 line=0 pathMatch=true cursor=0
ghost cond: active=true mode=.normal blame=true hold=114798463 line=0 pathMatch=true cursor=0
loop: blame=true active=true hold=114798463 move_ms=0 now=114798463 cursor=0
ghost cond: active=true mode=.normal blame=true hold=114798865 line=0 pathMatch=true cursor=0
ghost cond: active=true mode=.normal blame=true hold=114799266 line=0 pathMatch=true cursor=0
ghost cond: active=true mode=.normal blame=true hold=114799667 line=0 pathMatch=true cursor=0
loop: blame=true active=true hold=114799668 move_ms=0 now=114799668 cursor=0
ghost cond: active=true mode=.normal blame=true hold=114800069 line=0 pathMatch=true cursor=0
ghost cond: active=true mode=.normal blame=true hold=114800470 line=0 pathMatch=true cursor=0
ghost cond: active=true mode=.normal blame=true hold=114800871 line=0 pathMatch=true cursor=0
loop: blame=true active=true hold=114800871 move_ms=0 now=114800871 cursor=0
ghost cond: active=true mode=.normal blame=true hold=114801273 line=0 pathMatch=true cursor=0
ghost cond: active=true mode=.normal blame=true hold=114801674 line=0 pathMatch=true cursor=0
ghost cond: active=true mode=.normal blame=true hold=114802075 line=0 pathMatch=true cursor=0
loop: blame=true active=true hold=114802075 move_ms=0 now=114802075 cursor=0
ghost cond: active=true mode=.normal blame=true hold=114802476 line=0 pathMatch=true cursor=0
ghost cond: active=true mode=.normal blame=true hold=114802878 line=0 pathMatch=true cursor=0
ghost cond: active=true mode=.normal blame=true hold=114803280 line=0 pathMatch=true cursor=0
loop: blame=true active=true hold=114803280 move_ms=0 now=114803280 cursor=0
ghost cond: active=true mode=.normal blame=true hold=114803681 line=0 pathMatch=true cursor=0
ghost cond: active=true mode=.normal blame=true hold=114804083 line=0 pathMatch=true cursor=0
ghost cond: active=true mode=.normal blame=true hold=114804485 line=0 pathMatch=true cursor=0
loop: blame=true active=true hold=114804485 move_ms=0 now=114804485 cursor=0
ghost cond: active=true mode=.normal blame=true hold=114804886 line=0 pathMatch=true cursor=0
ghost cond: active=true mode=.normal blame=true hold=114805287 line=0 pathMatch=true cursor=0
ghost cond: active=true mode=.normal blame=true hold=114805689 line=0 pathMatch=true cursor=0
loop: blame=true active=true hold=114805689 move_ms=0 now=114805689 cursor=0
ghost cond: active=true mode=.normal blame=true hold=114806090 line=0 pathMatch=true cursor=0
ghost cond: active=true mode=.normal blame=true hold=114806492 line=0 pathMatch=true cursor=0
ghost cond: active=true mode=.normal blame=true hold=114806893 line=0 pathMatch=true cursor=0
loop: blame=true active=true hold=114806894 move_ms=0 now=114806894 cursor=0
ghost cond: active=true mode=.normal blame=true hold=114807295 line=0 pathMatch=true cursor=0
ghost cond: active=true mode=.normal blame=true hold=114807696 line=0 pathMatch=true cursor=0
ghost cond: active=true mode=.normal blame=true hold=114808098 line=0 pathMatch=true cursor=0
loop: blame=true active=true hold=114808098 move_ms=0 now=114808098 cursor=0
ghost cond: active=true mode=.normal blame=true hold=114808499 line=0 pathMatch=true cursor=0
ghost cond: active=true mode=.normal blame=true hold=114808901 line=0 pathMatch=true cursor=0
ghost cond: active=true mode=.normal blame=true hold=114809303 line=0 pathMatch=true cursor=0
loop: blame=true active=true hold=114809303 move_ms=0 now=114809303 cursor=0
ghost cond: active=true mode=.normal blame=true hold=114809704 line=0 pathMatch=true cursor=0
ghost cond: active=true mode=.normal blame=true hold=114810106 line=0 pathMatch=true cursor=0
ghost cond: active=true mode=.normal blame=true hold=114810508 line=0 pathMatch=true cursor=0
loop: blame=true active=true hold=114810508 move_ms=0 now=114810508 cursor=0
ghost cond: active=true mode=.normal blame=true hold=114810910 line=0 pathMatch=true cursor=0
ghost cond: active=true mode=.normal blame=true hold=114811312 line=0 pathMatch=true cursor=0
ghost cond: active=true mode=.normal blame=true hold=114811714 line=0 pathMatch=true cursor=0
loop: blame=true active=true hold=114811714 move_ms=0 now=114811714 cursor=0
ghost cond: active=true mode=.normal blame=true hold=114812115 line=0 pathMatch=true cursor=0
ghost cond: active=true mode=.normal blame=true hold=114812517 line=0 pathMatch=true cursor=0
ghost cond: active=true mode=.normal blame=true hold=114812919 line=0 pathMatch=true cursor=0
loop: blame=true active=true hold=114812919 move_ms=0 now=114812919 cursor=0
ghost cond: active=true mode=.normal blame=true hold=114813321 line=0 pathMatch=true cursor=0
ghost cond: active=true mode=.normal blame=true hold=114813723 line=0 pathMatch=true cursor=0
ghost cond: active=true mode=.normal blame=true hold=114814125 line=0 pathMatch=true cursor=0
loop: blame=true active=true hold=114814125 move_ms=0 now=114814125 cursor=0
ghost cond: active=true mode=.normal blame=true hold=114814528 line=0 pathMatch=true cursor=0
ghost cond: active=true mode=.normal blame=true hold=114814930 line=0 pathMatch=true cursor=0
ghost cond: active=true mode=.normal blame=true hold=114815332 line=0 pathMatch=true cursor=0
loop: blame=true active=true hold=114815332 move_ms=0 now=114815332 cursor=0
ghost cond: active=true mode=.normal blame=true hold=114815733 line=0 pathMatch=true cursor=0
ghost cond: active=true mode=.normal blame=true hold=114816134 line=0 pathMatch=true cursor=0
loop: blame=true active=true hold=114816536 move_ms=0 now=114816536 cursor=0
ghost cond: active=true mode=.normal blame=true hold=114816537 line=0 pathMatch=true cursor=0
ghost cond: active=true mode=.normal blame=true hold=114816939 line=0 pathMatch=true cursor=0
ghost cond: active=true mode=.normal blame=true hold=114817340 line=0 pathMatch=true cursor=0
ghost cond: active=true mode=.normal blame=true hold=114817742 line=0 pathMatch=true cursor=0
loop: blame=true active=true hold=114817742 move_ms=0 now=114817742 cursor=0
ghost cond: active=true mode=.normal blame=true hold=114818144 line=0 pathMatch=true cursor=0
ghost cond: active=true mode=.normal blame=true hold=114818145 line=0 pathMatch=true cursor=0
ghost cond: active=true mode=.normal blame=true hold=114818547 line=0 pathMatch=true cursor=0
ghost cond: active=true mode=.normal blame=true hold=114818949 line=0 pathMatch=true cursor=0
loop: blame=false active=true hold=114819354 move_ms=0 now=114819354 cursor=0
maybeLoadBlame: stale=true branch=master
 path=/tmp/oz_10768_83b.txt
loop: blame=false active=true hold=114819663 move_ms=0 now=114819663 cursor=0
maybeLoadBlame: stale=true branch=master
 path=/tmp/oz_e2e_10768_85bha.txt
maybeLoadBlame: stale=true branch=master
 path=/tmp/oz_e2e_10768_85bha.txt
maybeLoadBlame: stale=true branch=master
 path=/tmp/oz_e2e_10768_86bhb.txt
loop: blame=false active=true hold=114819973 move_ms=0 now=114819973 cursor=0
maybeLoadBlame: stale=true branch=master
 path=/home/leoz/sources/oz/build.zig
maybeLoadBlame: stale=true branch=master
 path=/home/leoz/sources/oz/build.zig
blame consumed: out=70902B parsed=true
ghost cond: active=true mode=.normal blame=true hold=114820026 line=0 pathMatch=true cursor=0
loop: blame=false active=true hold=114820336 move_ms=0 now=114820336 cursor=0
maybeLoadBlame: stale=true branch=master
 path=/home/leoz/sources/oz/build.zig
maybeLoadBlame: stale=true branch=master
 path=/home/leoz/sources/oz/build.zig
loop: blame=false active=true hold=114820747 move_ms=0 now=114820747 cursor=0
maybeLoadBlame: stale=true branch=master
 path=/tmp/oz_e2e_10768_87lsp.go
maybeLoadBlame: stale=true branch=master
 path=/tmp/oz_e2e_10768_87lsp.go
loop: blame=false active=true hold=114821077 move_ms=0 now=114821077 cursor=0
maybeLoadBlame: stale=true branch=master
 path=/tmp/oz_e2e_10768_88lspm.zig
maybeLoadBlame: stale=true branch=master
 path=/tmp/oz_e2e_10768_88lspm.zig
loop: blame=false active=true hold=114821551 move_ms=0 now=114821551 cursor=0
maybeLoadBlame: stale=true branch=master
 path=/tmp/oz_e2e_10768_89diagc.zig
maybeLoadBlame: stale=true branch=master
 path=/tmp/oz_e2e_10768_89diagc.zig
loop: blame=false active=true hold=114821924 move_ms=0 now=114821924 cursor=0
maybeLoadBlame: stale=true branch=master
 path=/tmp/oz_e2e_10768_90jksync.zig
maybeLoadBlame: stale=true branch=master
 path=/tmp/oz_e2e_10768_90jksync.zig
loop: blame=false active=true hold=114822301 move_ms=0 now=114822301 cursor=0
maybeLoadBlame: stale=true branch=master
 path=/tmp/oz_e2e_10768_91diag.zig
maybeLoadBlame: stale=true branch=master
 path=/tmp/oz_e2e_10768_91diag.zig
loop: blame=false active=true hold=114822776 move_ms=0 now=114822776 cursor=0
maybeLoadBlame: stale=true branch=master
 path=/tmp/oz_e2e_10768_92nav.zig
maybeLoadBlame: stale=true branch=master
 path=/tmp/oz_e2e_10768_92nav.zig
loop: blame=false active=true hold=114823340 move_ms=0 now=114823340 cursor=0
maybeLoadBlame: stale=true branch=master
 path=/tmp/oz_e2e_10768_93comp.zig
maybeLoadBlame: stale=true branch=master
 path=/tmp/oz_e2e_10768_93comp.zig
loop: blame=false active=true hold=114823814 move_ms=0 now=114823814 cursor=0
maybeLoadBlame: stale=true branch=master
 path=/tmp/oz_e2e_10768_94auto.zig
maybeLoadBlame: stale=true branch=master
 path=/tmp/oz_e2e_10768_94auto.zig
loop: blame=false active=true hold=114824290 move_ms=0 now=114824290 cursor=0
maybeLoadBlame: stale=true branch=master
 path=/tmp/oz_e2e_10768_95trig.zig
maybeLoadBlame: stale=true branch=master
 path=/tmp/oz_e2e_10768_95trig.zig
loop: blame=false active=true hold=114824764 move_ms=0 now=114824764 cursor=0
maybeLoadBlame: stale=true branch=master
 path=/tmp/oz_e2e_10768_96dyn.zig
maybeLoadBlame: stale=true branch=master
 path=/tmp/oz_e2e_10768_96dyn.zig
loop: blame=false active=true hold=114825244 move_ms=0 now=114825244 cursor=0
maybeLoadBlame: stale=true branch=master
 path=/tmp/oz_e2e_10768_97snp.zig
maybeLoadBlame: stale=true branch=master
 path=/tmp/oz_e2e_10768_97snp.zig
loop: blame=false active=true hold=114825717 move_ms=0 now=114825717 cursor=0
maybeLoadBlame: stale=true branch=master
 path=/tmp/oz_e2e_10768_98flow.zig
maybeLoadBlame: stale=true branch=master
 path=/tmp/oz_e2e_10768_98flow.zig
loop: blame=false active=true hold=114826208 move_ms=0 now=114826208 cursor=0
maybeLoadBlame: stale=true branch=master
 path=/tmp/oz_e2e_10768_99sig.zig
maybeLoadBlame: stale=true branch=master
 path=/tmp/oz_e2e_10768_99sig.zig
loop: blame=false active=true hold=114826683 move_ms=0 now=114826683 cursor=0
maybeLoadBlame: stale=true branch=master
 path=/tmp/oz_e2e_10768_100edit.zig
maybeLoadBlame: stale=true branch=master
 path=/tmp/oz_e2e_10768_100edit.zig
loop: blame=false active=true hold=0 move_ms=114831740 now=114831740 cursor=20
loop: blame=false active=true hold=114832146 move_ms=0 now=114832146 cursor=0
maybeLoadBlame: stale=true branch=master
 path=/tmp/oz_e2e_10768_101cmdt.zig
maybeLoadBlame: stale=true branch=master
 path=/tmp/oz_e2e_10768_101cmdt.zig
loop: blame=false active=true hold=114832499 move_ms=0 now=114832499 cursor=0
maybeLoadBlame: stale=true branch=master
 path=/tmp/oz_e2e_10768_102km.txt
maybeLoadBlame: stale=true branch=master
 path=/tmp/oz_e2e_10768_102km.txt
loop: blame=false active=true hold=114832809 move_ms=0 now=114832809 cursor=0
maybeLoadBlame: stale=true branch=master
 path=/tmp/oz_e2e_10768_103tr.txt
maybeLoadBlame: stale=true branch=master
 path=/tmp/oz_e2e_10768_103tr.txt
loop: blame=false active=true hold=114833118 move_ms=0 now=114833118 cursor=0
maybeLoadBlame: stale=true branch=master
 path=/home/leoz/sources/oz/build.zig
maybeLoadBlame: stale=true branch=master
 path=/home/leoz/sources/oz/build.zig
loop: blame=false active=true hold=114833472 move_ms=0 now=114833472 cursor=0
maybeLoadBlame: stale=true branch=master
 path=/tmp/oz_e2e_10768_104_newfile.txt
maybeLoadBlame: stale=true branch=master
 path=/tmp/oz_e2e_10768_104_newfile.txt
loop: blame=false active=true hold=114833781 move_ms=0 now=114833781 cursor=0
maybeLoadBlame: stale=true branch=master
 path=/tmp/oz_e2e_10768_105_view.txt
maybeLoadBlame: stale=true branch=master
 path=/tmp/oz_e2e_10768_105_view.txt
loop: blame=false active=true hold=114834090 move_ms=0 now=114834090 cursor=0
maybeLoadBlame: stale=true branch=master
 path=/tmp/oz_e2e_10768_106fold.py
maybeLoadBlame: stale=true branch=master
 path=/tmp/oz_e2e_10768_106fold.py
loop: blame=false active=true hold=114834421 move_ms=0 now=114834421 cursor=0
maybeLoadBlame: stale=true branch=main
 path=/tmp/oz_e2e_git_10768/a.txt
maybeLoadBlame: stale=true branch=main
 path=/tmp/oz_e2e_git_10768/a.txt
blame consumed: out=5203B parsed=true
maybeLoadBlame: stale=true branch=main
 path=/tmp/oz_e2e_git_10768/a.txt
maybeLoadBlame: stale=true branch=main
 path=/tmp/oz_e2e_git_10768/a.txt
blame consumed: out=5203B parsed=true
maybeLoadBlame: stale=true branch=main
 path=/tmp/oz_e2e_git_10768/a.txt
maybeLoadBlame: stale=true branch=main
 path=/tmp/oz_e2e_git_10768/a.txt
blame consumed: out=5364B parsed=true
loop: blame=true active=true hold=895 move_ms=114834526 now=114835421 cursor=105
ghost cond: active=true mode=.normal blame=true hold=1000 line=16 pathMatch=true cursor=105
ghost cond: active=true mode=.normal blame=true hold=1000 line=16 pathMatch=true cursor=105
ghost SKIP: active=false mode=.normal blame=true hold=1000
maybeLoadBlame: stale=false branch=main
 path=/tmp/oz_e2e_git_10768/a.txt
ghost cond: active=true mode=.normal blame=true hold=1000 line=16 pathMatch=true cursor=105
maybeLoadBlame: stale=true branch=main
 path=/tmp/oz_e2e_git_10768/b.txt
maybeLoadBlame: stale=true branch=main
 path=/tmp/oz_e2e_git_10768/b.txt
loop: blame=false active=true hold=114835841 move_ms=0 now=114835841 cursor=0
maybeLoadBlame: stale=true branch=main
 path=/tmp/oz_e2e_ghost_10768/a.txt
maybeLoadBlame: stale=true branch=main
 path=/tmp/oz_e2e_ghost_10768/a.txt
blame consumed: out=288B parsed=true
ghost cond: active=true mode=.normal blame=true hold=114835844 line=0 pathMatch=true cursor=0
ghost cond: active=true mode=.normal blame=true hold=114835844 line=0 pathMatch=true cursor=0
ghost cond: active=true mode=.normal blame=true hold=114836144 line=0 pathMatch=true cursor=0
loop: blame=false active=true hold=114836450 move_ms=0 now=114836450 cursor=0
maybeLoadBlame: stale=true branch=master
 path=/tmp/oz_e2e_10768_107term.txt
maybeLoadBlame: stale=true branch=master
 path=/tmp/oz_e2e_10768_107term.txt
loop: blame=false active=true hold=114837022 move_ms=0 now=114837022 cursor=0
maybeLoadBlame: stale=true branch=master
 path=/tmp/oz_e2e_10768_108termq.txt
maybeLoadBlame: stale=true branch=master
 path=/tmp/oz_e2e_10768_108termq.txt
loop: blame=false active=true hold=114837861 move_ms=0 now=114837861 cursor=0
loop: blame=false active=true hold=114838168 move_ms=0 now=114838168 cursor=0
loop: blame=false active=true hold=114838474 move_ms=0 now=114838474 cursor=0
maybeLoadBlame: stale=true branch=master
 path=/tmp/oz_e2e_12642_2.txt
maybeLoadBlame: stale=true branch=master
 path=/tmp/oz_e2e_12642_2.txt
loop: blame=false active=true hold=114838782 move_ms=0 now=114838782 cursor=0
loop: blame=false active=true hold=114839088 move_ms=0 now=114839088 cursor=0
loop: blame=false active=true hold=114839395 move_ms=0 now=114839395 cursor=0
maybeLoadBlame: stale=true branch=master
 path=/tmp/oz_e2e_12642_5th.txt
maybeLoadBlame: stale=true branch=master
 path=/tmp/oz_e2e_12642_5th.txt
loop: blame=false active=true hold=114839703 move_ms=0 now=114839703 cursor=0
maybeLoadBlame: stale=true branch=master
 path=/tmp/oz_e2e_12642_6thp.txt
maybeLoadBlame: stale=true branch=master
 path=/tmp/oz_e2e_12642_6thp.txt
loop: blame=false active=true hold=114840012 move_ms=0 now=114840012 cursor=0
loop: blame=false active=true hold=114840319 move_ms=0 now=114840319 cursor=0
maybeLoadBlame: stale=true branch=master
 path=/tmp/oz_e2e_12642_8.txt
maybeLoadBlame: stale=true branch=master
 path=/tmp/oz_e2e_12642_8.txt
loop: blame=false active=true hold=114840626 move_ms=0 now=114840626 cursor=0
maybeLoadBlame: stale=true branch=master
 path=/tmp/oz_e2e_12642_9search.txt
maybeLoadBlame: stale=true branch=master
 path=/tmp/oz_e2e_12642_9search.txt
loop: blame=false active=true hold=114840935 move_ms=0 now=114840935 cursor=0
maybeLoadBlame: stale=true branch=master
 path=/tmp/oz_e2e_12642_10.txt
maybeLoadBlame: stale=true branch=master
 path=/tmp/oz_e2e_12642_10.txt
loop: blame=false active=true hold=114841243 move_ms=0 now=114841243 cursor=0
maybeLoadBlame: stale=true branch=master
 path=/tmp/oz_e2e_12642_11.txt
maybeLoadBlame: stale=true branch=master
 path=/tmp/oz_e2e_12642_11.txt
loop: blame=false active=true hold=114841551 move_ms=0 now=114841551 cursor=0
maybeLoadBlame: stale=true branch=master
 path=/tmp/oz_e2e_12642.zig
maybeLoadBlame: stale=true branch=master
 path=/tmp/oz_e2e_12642.zig
loop: blame=false active=true hold=114841908 move_ms=0 now=114841908 cursor=0
loop: blame=false active=true hold=114842215 move_ms=0 now=114842215 cursor=0
maybeLoadBlame: stale=true branch=master
 path=/tmp/oz_e2e_12642_13.txt
maybeLoadBlame: stale=true branch=master
 path=/tmp/oz_e2e_12642_13.txt
loop: blame=false active=true hold=114842525 move_ms=0 now=114842525 cursor=0
maybeLoadBlame: stale=true branch=master
 path=/tmp/oz_e2e_12642_14.txt
maybeLoadBlame: stale=true branch=master
 path=/tmp/oz_e2e_12642_14.txt
loop: blame=false active=true hold=114842832 move_ms=0 now=114842832 cursor=0
maybeLoadBlame: stale=true branch=master
 path=/tmp/oz_e2e_12642_15.txt
maybeLoadBlame: stale=true branch=master
 path=/tmp/oz_e2e_12642_15.txt
loop: blame=false active=true hold=114843139 move_ms=0 now=114843139 cursor=0
loop: blame=false active=true hold=114843445 move_ms=0 now=114843445 cursor=0
maybeLoadBlame: stale=true branch=master
 path=/tmp/oz_e2e_12642_17.txt
maybeLoadBlame: stale=true branch=master
 path=/tmp/oz_e2e_12642_17.txt
loop: blame=false active=true hold=114843754 move_ms=0 now=114843754 cursor=0
loop: blame=false active=true hold=114844060 move_ms=0 now=114844060 cursor=0
loop: blame=false active=true hold=114844366 move_ms=0 now=114844366 cursor=0
maybeLoadBlame: stale=true branch=master
 path=/tmp/oz_e2e_12642_19.txt
maybeLoadBlame: stale=true branch=master
 path=/tmp/oz_e2e_12642_19.txt
maybeLoadBlame: stale=true branch=master
 path=/home/leoz/sources/oz/test/e2e.zig
maybeLoadBlame: stale=true branch=master
 path=/home/leoz/sources/oz/test/e2e.zig
blame consumed: out=5611461B parsed=true
loop: blame=true active=true hold=885 move_ms=114844482 now=114845367 cursor=95781
ghost cond: active=true mode=.normal blame=true hold=1000 line=2573 pathMatch=true cursor=95781
ghost cond: active=true mode=.normal blame=true hold=6003 line=2573 pathMatch=true cursor=95781
loop: blame=false active=true hold=114850790 move_ms=0 now=114850790 cursor=0
maybeLoadBlame: stale=true branch=master
 path=/tmp/oz_e2e_12642_20g.txt
maybeLoadBlame: stale=true branch=master
 path=/tmp/oz_e2e_12642_20g.txt
maybeLoadBlame: stale=true branch=master
 path=/home/leoz/sources/oz/patches/vaxis-Screen.zig
maybeLoadBlame: stale=true branch=master
 path=/home/leoz/sources/oz/patches/vaxis-Screen.zig
loop: blame=false active=true hold=114851271 move_ms=0 now=114851271 cursor=0
maybeLoadBlame: stale=true branch=master
 path=/tmp/oz_e2e_12642_21.txt
maybeLoadBlame: stale=true branch=master
 path=/tmp/oz_e2e_12642_21.txt
loop: blame=false active=true hold=114851581 move_ms=0 now=114851581 cursor=0
loop: blame=false active=true hold=114851888 move_ms=0 now=114851888 cursor=0
maybeLoadBlame: stale=true branch=master
 path=/tmp/oz_e2e_12642_24b.txt
loop: blame=false active=true hold=114852196 move_ms=0 now=114852196 cursor=0
maybeLoadBlame: stale=true branch=master
 path=/tmp/oz_e2e_12642_26pb.txt
loop: blame=false active=true hold=114852504 move_ms=0 now=114852504 cursor=0
maybeLoadBlame: stale=true branch=master
 path=/tmp/oz_e2e_12642_27ka.txt
loop: blame=false active=true hold=114852812 move_ms=0 now=114852812 cursor=0
maybeLoadBlame: stale=true branch=master
 path=/tmp/oz_e2e_12642_29vs.txt
maybeLoadBlame: stale=true branch=master
 path=/tmp/oz_e2e_12642_29vs.txt
loop: blame=false active=true hold=114853119 move_ms=0 now=114853119 cursor=0
maybeLoadBlame: stale=true branch=master
 path=/tmp/oz_e2e_12642_30ra.txt
maybeLoadBlame: stale=true branch=master
 path=/tmp/oz_e2e_12642_30ra.txt
loop: blame=false active=true hold=114853428 move_ms=0 now=114853428 cursor=0
maybeLoadBlame: stale=true branch=master
 path=/tmp/oz_e2e_12642_32syn.zig
maybeLoadBlame: stale=true branch=master
 path=/tmp/oz_e2e_12642_32syn.zig
loop: blame=false active=true hold=114853779 move_ms=0 now=114853779 cursor=0
maybeLoadBlame: stale=true branch=master
 path=/tmp/oz_e2e_12642_33drift.zig
maybeLoadBlame: stale=true branch=master
 path=/tmp/oz_e2e_12642_33drift.zig
loop: blame=false active=true hold=114854157 move_ms=0 now=114854157 cursor=0
loop: blame=false active=true hold=114854463 move_ms=0 now=114854463 cursor=0
maybeLoadBlame: stale=true branch=master
 path=/tmp/oz_e2e_12642_35vis.zig
maybeLoadBlame: stale=true branch=master
 path=/tmp/oz_e2e_12642_35vis.zig
loop: blame=false active=true hold=114855285 move_ms=0 now=114855285 cursor=0
maybeLoadBlame: stale=true branch=master
 path=/tmp/oz_e2e_12642_36.zig
maybeLoadBlame: stale=true branch=master
 path=/tmp/oz_e2e_12642_36.zig
loop: blame=false active=true hold=114855895 move_ms=0 now=114855895 cursor=0
maybeLoadBlame: stale=true branch=master
 path=/tmp/oz_e2e_12642_37.zig
maybeLoadBlame: stale=true branch=master
 path=/tmp/oz_e2e_12642_37.zig
loop: blame=false active=true hold=114856505 move_ms=0 now=114856505 cursor=0
maybeLoadBlame: stale=true branch=master
 path=/tmp/oz_e2e_12642_38.txt
maybeLoadBlame: stale=true branch=master
 path=/tmp/oz_e2e_12642_38.txt
loop: blame=false active=true hold=114856814 move_ms=0 now=114856814 cursor=0
loop: blame=false active=true hold=114857121 move_ms=0 now=114857121 cursor=0
maybeLoadBlame: stale=true branch=master
 path=/tmp/oz_e2e_12642_40blkc.txt
maybeLoadBlame: stale=true branch=master
 path=/tmp/oz_e2e_12642_40blkc.txt
loop: blame=false active=true hold=114857428 move_ms=0 now=114857428 cursor=0
maybeLoadBlame: stale=true branch=master
 path=/tmp/oz_e2e_12642_41.txt
maybeLoadBlame: stale=true branch=master
 path=/tmp/oz_e2e_12642_41.txt
loop: blame=false active=true hold=114857737 move_ms=0 now=114857737 cursor=0
maybeLoadBlame: stale=true branch=master
 path=/tmp/oz_e2e_12642_42.txt
maybeLoadBlame: stale=true branch=master
 path=/tmp/oz_e2e_12642_42.txt
loop: blame=false active=true hold=114858045 move_ms=0 now=114858045 cursor=0
maybeLoadBlame: stale=true branch=master
 path=/tmp/oz_e2e_12642_43f.txt
maybeLoadBlame: stale=true branch=master
 path=/tmp/oz_e2e_12642_43f.txt
loop: blame=false active=true hold=114858353 move_ms=0 now=114858353 cursor=0
maybeLoadBlame: stale=true branch=master
 path=/tmp/oz_e2e_12642_44p.txt
maybeLoadBlame: stale=true branch=master
 path=/tmp/oz_e2e_12642_44p.txt
loop: blame=false active=true hold=114858662 move_ms=0 now=114858662 cursor=0
maybeLoadBlame: stale=true branch=master
 path=/tmp/oz_e2e_12642_45vl.txt
maybeLoadBlame: stale=true branch=master
 path=/tmp/oz_e2e_12642_45vl.txt
loop: blame=false active=true hold=114858970 move_ms=0 now=114858970 cursor=0
maybeLoadBlame: stale=true branch=master
 path=/tmp/oz_e2e_12642_46ft2.txt
maybeLoadBlame: stale=true branch=master
 path=/tmp/oz_e2e_12642_46ft2.txt
loop: blame=false active=true hold=114859279 move_ms=0 now=114859279 cursor=0
maybeLoadBlame: stale=true branch=master
 path=/tmp/oz_e2e_12642_48gtb.txt
loop: blame=false active=true hold=114859588 move_ms=0 now=114859588 cursor=0
loop: blame=false active=true hold=114859894 move_ms=0 now=114859894 cursor=0
loop: blame=false active=true hold=114860201 move_ms=0 now=114860201 cursor=0
maybeLoadBlame: stale=true branch=master
 path=/tmp/oz_e2e_12642_51ctl.txt
maybeLoadBlame: stale=true branch=master
 path=/tmp/oz_e2e_12642_51ctl.txt
loop: blame=false active=true hold=114860509 move_ms=0 now=114860509 cursor=0
maybeLoadBlame: stale=true branch=master
 path=/tmp/oz_e2e_12642_52alt.txt
maybeLoadBlame: stale=true branch=master
 path=/tmp/oz_e2e_12642_52alt.txt
loop: blame=false active=true hold=114860817 move_ms=0 now=114860817 cursor=0
maybeLoadBlame: stale=true branch=master
 path=/tmp/oz_e2e_12642_53g.txt
maybeLoadBlame: stale=true branch=master
 path=/tmp/oz_e2e_12642_53g.txt
loop: blame=false active=true hold=114861172 move_ms=0 now=114861172 cursor=0
maybeLoadBlame: stale=true branch=master
 path=/tmp/oz_e2e_12642_54v.txt
maybeLoadBlame: stale=true branch=master
 path=/tmp/oz_e2e_12642_54v.txt
loop: blame=false active=true hold=114861480 move_ms=0 now=114861480 cursor=0
loop: blame=false active=true hold=114861786 move_ms=0 now=114861786 cursor=0
maybeLoadBlame: stale=true branch=master
 path=/tmp/oz_e2e_12642_56vlc.txt
maybeLoadBlame: stale=true branch=master
 path=/tmp/oz_e2e_12642_56vlc.txt
loop: blame=false active=true hold=114862093 move_ms=0 now=114862093 cursor=0
maybeLoadBlame: stale=true branch=master
 path=/tmp/oz_e2e_12642_57num.txt
maybeLoadBlame: stale=true branch=master
 path=/tmp/oz_e2e_12642_57num.txt
loop: blame=false active=true hold=114862400 move_ms=0 now=114862400 cursor=0
maybeLoadBlame: stale=true branch=master
 path=/tmp/oz_e2e_12642_58col.txt
maybeLoadBlame: stale=true branch=master
 path=/tmp/oz_e2e_12642_58col.txt
loop: blame=false active=true hold=114862707 move_ms=0 now=114862707 cursor=0
maybeLoadBlame: stale=true branch=master
 path=/tmp/oz_e2e_12642_59colb.txt
maybeLoadBlame: stale=true branch=master
 path=/tmp/oz_e2e_12642_59colb.txt
loop: blame=false active=true hold=114863014 move_ms=0 now=114863014 cursor=0
loop: blame=false active=true hold=114863321 move_ms=0 now=114863321 cursor=0
loop: blame=false active=true hold=114863628 move_ms=0 now=114863628 cursor=0
maybeLoadBlame: stale=true branch=master
 path=/tmp/oz_e2e_12642_62cnt.txt
maybeLoadBlame: stale=true branch=master
 path=/tmp/oz_e2e_12642_62cnt.txt
loop: blame=false active=true hold=114863935 move_ms=0 now=114863935 cursor=0
maybeLoadBlame: stale=true branch=master
 path=/tmp/oz_e2e_12642_63mc.txt
maybeLoadBlame: stale=true branch=master
 path=/tmp/oz_e2e_12642_63mc.txt
loop: blame=false active=true hold=114864243 move_ms=0 now=114864243 cursor=0
loop: blame=false active=true hold=114864549 move_ms=0 now=114864549 cursor=0
loop: blame=false active=true hold=114864859 move_ms=0 now=114864859 cursor=0
maybeLoadBlame: stale=true branch=master
 path=/tmp/oz_e2e_12642_66gutter.txt
maybeLoadBlame: stale=true branch=master
 path=/tmp/oz_e2e_12642_66gutter.txt
loop: blame=false active=true hold=114865166 move_ms=0 now=114865166 cursor=0
maybeLoadBlame: stale=true branch=master
 path=/home/leoz/sources/oz/build.zig
maybeLoadBlame: stale=true branch=master
 path=/home/leoz/sources/oz/build.zig
maybeLoadBlame: stale=true branch=master
 path=/home/leoz/sources/oz/README.md
maybeLoadBlame: stale=true branch=master
 path=/home/leoz/sources/oz/README.md
blame consumed: out=15464B parsed=true
ghost cond: active=true mode=.normal blame=true hold=114865222 line=0 pathMatch=true cursor=0
ghost cond: active=true mode=.normal blame=true hold=114865273 line=0 pathMatch=true cursor=0
ghost cond: active=true mode=.normal blame=true hold=114865323 line=0 pathMatch=true cursor=0
ghost cond: active=true mode=.normal blame=true hold=114865374 line=0 pathMatch=true cursor=0
ghost cond: active=true mode=.normal blame=true hold=114865425 line=0 pathMatch=true cursor=0
ghost cond: active=true mode=.normal blame=true hold=114865475 line=0 pathMatch=true cursor=0
ghost cond: active=true mode=.normal blame=true hold=114865576 line=0 pathMatch=true cursor=0
maybeLoadBlame: stale=true branch=master
 path=/home/leoz/sources/oz/src/buffer/ops.zig
maybeLoadBlame: stale=true branch=master
 path=/home/leoz/sources/oz/src/buffer/ops.zig
ghost cond: active=true mode=.normal blame=true hold=114865577 line=0 pathMatch=true cursor=0
ghost cond: active=true mode=.normal blame=true hold=114865577 line=0 pathMatch=true cursor=0
loop: blame=false active=true hold=114865883 move_ms=0 now=114865883 cursor=0
maybeLoadBlame: stale=true branch=master
 path=/tmp/oz_e2e_12642_67ud1.txt
maybeLoadBlame: stale=true branch=master
 path=/tmp/oz_e2e_12642_67ud1.txt
loop: blame=false active=true hold=114866190 move_ms=0 now=114866190 cursor=0
maybeLoadBlame: stale=true branch=master
 path=/tmp/oz_e2e_12642_68ud2.txt
maybeLoadBlame: stale=true branch=master
 path=/tmp/oz_e2e_12642_68ud2.txt
loop: blame=false active=true hold=114866497 move_ms=0 now=114866497 cursor=0
maybeLoadBlame: stale=true branch=master
 path=/tmp/oz_e2e_12642_69dd.txt
maybeLoadBlame: stale=true branch=master
 path=/tmp/oz_e2e_12642_69dd.txt
loop: blame=false active=true hold=114866804 move_ms=0 now=114866804 cursor=0
loop: blame=false active=true hold=114867110 move_ms=0 now=114867110 cursor=0
loop: blame=false active=true hold=114867417 move_ms=0 now=114867417 cursor=0
maybeLoadBlame: stale=true branch=master
 path=/tmp/oz_e2e_12642_72yank.txt
maybeLoadBlame: stale=true branch=master
 path=/tmp/oz_e2e_12642_72yank.txt
loop: blame=false active=true hold=114867726 move_ms=0 now=114867726 cursor=0
maybeLoadBlame: stale=true branch=master
 path=/tmp/oz_e2e_12642_73xp.txt
maybeLoadBlame: stale=true branch=master
 path=/tmp/oz_e2e_12642_73xp.txt
loop: blame=false active=true hold=114868033 move_ms=0 now=114868033 cursor=0
maybeLoadBlame: stale=true branch=master
 path=/tmp/oz_e2e_12642_74foc.txt
maybeLoadBlame: stale=true branch=master
 path=/tmp/oz_e2e_12642_74foc.txt
loop: blame=false active=true hold=114868343 move_ms=0 now=114868343 cursor=0
maybeLoadBlame: stale=true branch=master
 path=/tmp/oz_e2e_12642_75comp.txt
maybeLoadBlame: stale=true branch=master
 path=/tmp/oz_e2e_12642_75comp.txt
loop: blame=false active=true hold=114868651 move_ms=0 now=114868651 cursor=0
maybeLoadBlame: stale=true branch=master
 path=/tmp/oz_e2e_12642_76compc.txt
maybeLoadBlame: stale=true branch=master
 path=/tmp/oz_e2e_12642_76compc.txt
loop: blame=false active=true hold=114868959 move_ms=0 now=114868959 cursor=0
maybeLoadBlame: stale=true branch=master
 path=/tmp/oz_e2e_12642_77compn.txt
maybeLoadBlame: stale=true branch=master
 path=/tmp/oz_e2e_12642_77compn.txt
loop: blame=false active=true hold=1203 move_ms=114868960 now=114870163 cursor=34
loop: blame=false active=true hold=114870468 move_ms=0 now=114870468 cursor=0
maybeLoadBlame: stale=true branch=master
 path=/tmp/oz_e2e_12642_78jcol.zig
maybeLoadBlame: stale=true branch=master
 path=/tmp/oz_e2e_12642_78jcol.zig
loop: blame=false active=true hold=114870823 move_ms=0 now=114870823 cursor=0
maybeLoadBlame: stale=true branch=master
 path=/tmp/oz_e2e_12642_79win.txt
maybeLoadBlame: stale=true branch=master
 path=/tmp/oz_e2e_12642_79win.txt
loop: blame=false active=true hold=114871132 move_ms=0 now=114871132 cursor=0
maybeLoadBlame: stale=true branch=master
 path=/tmp/oz_e2e_12642_80winsp.txt
maybeLoadBlame: stale=true branch=master
 path=/tmp/oz_e2e_12642_80winsp.txt
loop: blame=false active=true hold=114871439 move_ms=0 now=114871439 cursor=0
maybeLoadBlame: stale=true branch=master
 path=/tmp/ozfz_12642_81/a.txt
maybeLoadBlame: stale=true branch=master
 path=/tmp/ozfz_12642_81/a.txt
loop: blame=false active=true hold=0 move_ms=114872643 now=114872643 cursor=3
loop: blame=false active=true hold=1201 move_ms=114872643 now=114873844 cursor=3
loop: blame=false active=true hold=2403 move_ms=114872643 now=114875046 cursor=3
loop: blame=false active=true hold=3604 move_ms=114872643 now=114876247 cursor=3
loop: blame=false active=true hold=4805 move_ms=114872643 now=114877448 cursor=3
loop: blame=false active=true hold=6006 move_ms=114872643 now=114878649 cursor=3
loop: blame=false active=true hold=7207 move_ms=114872643 now=114879850 cursor=3
loop: blame=false active=true hold=8408 move_ms=114872643 now=114881051 cursor=3
loop: blame=false active=true hold=9610 move_ms=114872643 now=114882253 cursor=3
loop: blame=false active=true hold=10811 move_ms=114872643 now=114883454 cursor=3
loop: blame=false active=true hold=12012 move_ms=114872643 now=114884655 cursor=3
loop: blame=false active=true hold=13213 move_ms=114872643 now=114885856 cursor=3
loop: blame=false active=true hold=14414 move_ms=114872643 now=114887057 cursor=3
loop: blame=false active=true hold=15616 move_ms=114872643 now=114888259 cursor=3
loop: blame=false active=true hold=16817 move_ms=114872643 now=114889460 cursor=3
loop: blame=false active=true hold=18018 move_ms=114872643 now=114890661 cursor=3
loop: blame=false active=true hold=19219 move_ms=114872643 now=114891862 cursor=3
loop: blame=false active=true hold=20420 move_ms=114872643 now=114893063 cursor=3
loop: blame=false active=true hold=21621 move_ms=114872643 now=114894264 cursor=3
loop: blame=false active=true hold=22823 move_ms=114872643 now=114895466 cursor=3
loop: blame=false active=true hold=24028 move_ms=114872643 now=114896671 cursor=3
loop: blame=false active=true hold=25232 move_ms=114872643 now=114897875 cursor=3
loop: blame=false active=true hold=26437 move_ms=114872643 now=114899080 cursor=3
loop: blame=false active=true hold=27639 move_ms=114872643 now=114900282 cursor=3
loop: blame=false active=true hold=28845 move_ms=114872643 now=114901488 cursor=3
loop: blame=false active=true hold=30049 move_ms=114872643 now=114902692 cursor=3
loop: blame=false active=true hold=31253 move_ms=114872643 now=114903896 cursor=3
loop: blame=false active=true hold=32457 move_ms=114872643 now=114905100 cursor=3
loop: blame=false active=true hold=33661 move_ms=114872643 now=114906304 cursor=3
loop: blame=false active=true hold=34865 move_ms=114872643 now=114907508 cursor=3
loop: blame=false active=true hold=36068 move_ms=114872643 now=114908711 cursor=3
loop: blame=false active=true hold=37274 move_ms=114872643 now=114909917 cursor=3
loop: blame=false active=true hold=38478 move_ms=114872643 now=114911121 cursor=3
loop: blame=false active=true hold=39682 move_ms=114872643 now=114912325 cursor=3
loop: blame=false active=true hold=40887 move_ms=114872643 now=114913530 cursor=3
loop: blame=false active=true hold=42091 move_ms=114872643 now=114914734 cursor=3
loop: blame=false active=true hold=43295 move_ms=114872643 now=114915938 cursor=3
loop: blame=false active=true hold=44499 move_ms=114872643 now=114917142 cursor=3
loop: blame=false active=true hold=45703 move_ms=114872643 now=114918346 cursor=3
loop: blame=false active=true hold=46905 move_ms=114872643 now=114919548 cursor=3
loop: blame=false active=true hold=48107 move_ms=114872643 now=114920750 cursor=3
loop: blame=false active=true hold=49308 move_ms=114872643 now=114921951 cursor=3
loop: blame=false active=true hold=50509 move_ms=114872643 now=114923152 cursor=3
loop: blame=false active=true hold=51711 move_ms=114872643 now=114924354 cursor=3
loop: blame=false active=true hold=52912 move_ms=114872643 now=114925555 cursor=3
loop: blame=false active=true hold=54113 move_ms=114872643 now=114926756 cursor=3
loop: blame=false active=true hold=55315 move_ms=114872643 now=114927958 cursor=3
loop: blame=false active=true hold=56516 move_ms=114872643 now=114929159 cursor=3
loop: blame=false active=true hold=57717 move_ms=114872643 now=114930360 cursor=3
loop: blame=false active=true hold=58918 move_ms=114872643 now=114931561 cursor=3
loop: blame=false active=true hold=60119 move_ms=114872643 now=114932762 cursor=3
loop: blame=false active=true hold=61320 move_ms=114872643 now=114933963 cursor=3
loop: blame=false active=true hold=62522 move_ms=114872643 now=114935165 cursor=3
loop: blame=false active=true hold=63723 move_ms=114872643 now=114936366 cursor=3
loop: blame=false active=true hold=64924 move_ms=114872643 now=114937567 cursor=3
loop: blame=false active=true hold=66125 move_ms=114872643 now=114938768 cursor=3
loop: blame=false active=true hold=67326 move_ms=114872643 now=114939969 cursor=3
loop: blame=false active=true hold=68528 move_ms=114872643 now=114941171 cursor=3
loop: blame=false active=true hold=69729 move_ms=114872643 now=114942372 cursor=3
loop: blame=false active=true hold=0 move_ms=114943573 now=114943573 cursor=5
loop: blame=false active=true hold=1201 move_ms=114943573 now=114944774 cursor=5
loop: blame=false active=true hold=2403 move_ms=114943573 now=114945976 cursor=5
loop: blame=false active=true hold=3604 move_ms=114943573 now=114947177 cursor=5
loop: blame=false active=true hold=4805 move_ms=114943573 now=114948378 cursor=5
loop: blame=false active=true hold=6007 move_ms=114943573 now=114949580 cursor=5
loop: blame=false active=true hold=7208 move_ms=114943573 now=114950781 cursor=5
loop: blame=false active=true hold=8409 move_ms=114943573 now=114951982 cursor=5
loop: blame=false active=true hold=9611 move_ms=114943573 now=114953184 cursor=5
loop: blame=false active=true hold=10812 move_ms=114943573 now=114954385 cursor=5
loop: blame=false active=true hold=12014 move_ms=114943573 now=114955587 cursor=5
loop: blame=false active=true hold=13215 move_ms=114943573 now=114956788 cursor=5
loop: blame=false active=true hold=14417 move_ms=114943573 now=114957990 cursor=5
loop: blame=false active=true hold=15618 move_ms=114943573 now=114959191 cursor=5
loop: blame=false active=true hold=16819 move_ms=114943573 now=114960392 cursor=5
loop: blame=false active=true hold=114961898 move_ms=0 now=114961898 cursor=0
maybeLoadBlame: stale=true branch=master
 path=/home/leoz/sources/oz/build.zig
maybeLoadBlame: stale=true branch=master
 path=/home/leoz/sources/oz/build.zig
blame consumed: out=70902B parsed=true
ghost cond: active=true mode=.normal blame=true hold=114961952 line=0 pathMatch=true cursor=0
ghost cond: active=true mode=.normal blame=true hold=114962353 line=0 pathMatch=true cursor=0
ghost cond: active=true mode=.normal blame=true hold=114962754 line=0 pathMatch=true cursor=0
ghost cond: active=true mode=.normal blame=true hold=114963155 line=0 pathMatch=true cursor=0
loop: blame=true active=true hold=114963155 move_ms=0 now=114963155 cursor=0
ghost cond: active=true mode=.normal blame=true hold=114963556 line=0 pathMatch=true cursor=0
ghost cond: active=true mode=.normal blame=true hold=114963956 line=0 pathMatch=true cursor=0
ghost cond: active=true mode=.normal blame=true hold=114964357 line=0 pathMatch=true cursor=0
loop: blame=true active=true hold=114964358 move_ms=0 now=114964358 cursor=0
ghost cond: active=true mode=.normal blame=true hold=114964758 line=0 pathMatch=true cursor=0
ghost cond: active=true mode=.normal blame=true hold=114965159 line=0 pathMatch=true cursor=0
ghost cond: active=true mode=.normal blame=true hold=114965560 line=0 pathMatch=true cursor=0
loop: blame=true active=true hold=114965560 move_ms=0 now=114965560 cursor=0
ghost cond: active=true mode=.normal blame=true hold=114965961 line=0 pathMatch=true cursor=0
ghost cond: active=true mode=.normal blame=true hold=114966363 line=0 pathMatch=true cursor=0
ghost cond: active=true mode=.normal blame=true hold=114966764 line=0 pathMatch=true cursor=0
loop: blame=true active=true hold=114966764 move_ms=0 now=114966764 cursor=0
ghost cond: active=true mode=.normal blame=true hold=114967165 line=0 pathMatch=true cursor=0
ghost cond: active=true mode=.normal blame=true hold=114967566 line=0 pathMatch=true cursor=0
ghost cond: active=true mode=.normal blame=true hold=114967967 line=0 pathMatch=true cursor=0
loop: blame=true active=true hold=114967967 move_ms=0 now=114967967 cursor=0
ghost cond: active=true mode=.normal blame=true hold=114968368 line=0 pathMatch=true cursor=0
ghost cond: active=true mode=.normal blame=true hold=114968770 line=0 pathMatch=true cursor=0
ghost cond: active=true mode=.normal blame=true hold=114969171 line=0 pathMatch=true cursor=0
loop: blame=true active=true hold=114969171 move_ms=0 now=114969171 cursor=0
ghost cond: active=true mode=.normal blame=true hold=114969572 line=0 pathMatch=true cursor=0
ghost cond: active=true mode=.normal blame=true hold=114969973 line=0 pathMatch=true cursor=0
ghost cond: active=true mode=.normal blame=true hold=114970375 line=0 pathMatch=true cursor=0
loop: blame=true active=true hold=114970376 move_ms=0 now=114970376 cursor=0
ghost cond: active=true mode=.normal blame=true hold=114970777 line=0 pathMatch=true cursor=0
ghost cond: active=true mode=.normal blame=true hold=114971179 line=0 pathMatch=true cursor=0
ghost cond: active=true mode=.normal blame=true hold=114971580 line=0 pathMatch=true cursor=0
loop: blame=true active=true hold=114971580 move_ms=0 now=114971580 cursor=0
ghost cond: active=true mode=.normal blame=true hold=114971981 line=0 pathMatch=true cursor=0
ghost cond: active=true mode=.normal blame=true hold=114972383 line=0 pathMatch=true cursor=0
ghost cond: active=true mode=.normal blame=true hold=114972785 line=0 pathMatch=true cursor=0
loop: blame=true active=true hold=114972785 move_ms=0 now=114972785 cursor=0
ghost cond: active=true mode=.normal blame=true hold=114973186 line=0 pathMatch=true cursor=0
ghost cond: active=true mode=.normal blame=true hold=114973588 line=0 pathMatch=true cursor=0
ghost cond: active=true mode=.normal blame=true hold=114973989 line=0 pathMatch=true cursor=0
loop: blame=true active=true hold=114973990 move_ms=0 now=114973990 cursor=0
ghost cond: active=true mode=.normal blame=true hold=114974391 line=0 pathMatch=true cursor=0
ghost cond: active=true mode=.normal blame=true hold=114974792 line=0 pathMatch=true cursor=0
ghost cond: active=true mode=.normal blame=true hold=114975194 line=0 pathMatch=true cursor=0
loop: blame=true active=true hold=114975194 move_ms=0 now=114975194 cursor=0
ghost cond: active=true mode=.normal blame=true hold=114975595 line=0 pathMatch=true cursor=0
ghost cond: active=true mode=.normal blame=true hold=114975997 line=0 pathMatch=true cursor=0
ghost cond: active=true mode=.normal blame=true hold=114976398 line=0 pathMatch=true cursor=0
loop: blame=true active=true hold=114976399 move_ms=0 now=114976399 cursor=0
ghost cond: active=true mode=.normal blame=true hold=114976800 line=0 pathMatch=true cursor=0
ghost cond: active=true mode=.normal blame=true hold=114977202 line=0 pathMatch=true cursor=0
ghost cond: active=true mode=.normal blame=true hold=114977603 line=0 pathMatch=true cursor=0
loop: blame=true active=true hold=114977603 move_ms=0 now=114977603 cursor=0
ghost cond: active=true mode=.normal blame=true hold=114978005 line=0 pathMatch=true cursor=0
ghost cond: active=true mode=.normal blame=true hold=114978406 line=0 pathMatch=true cursor=0
ghost cond: active=true mode=.normal blame=true hold=114978808 line=0 pathMatch=true cursor=0
loop: blame=true active=true hold=114978808 move_ms=0 now=114978808 cursor=0
ghost cond: active=true mode=.normal blame=true hold=114979209 line=0 pathMatch=true cursor=0
ghost cond: active=true mode=.normal blame=true hold=114979611 line=0 pathMatch=true cursor=0
ghost cond: active=true mode=.normal blame=true hold=114980013 line=0 pathMatch=true cursor=0
loop: blame=true active=true hold=114980013 move_ms=0 now=114980013 cursor=0
ghost cond: active=true mode=.normal blame=true hold=114980415 line=0 pathMatch=true cursor=0
ghost cond: active=true mode=.normal blame=true hold=114980817 line=0 pathMatch=true cursor=0
ghost cond: active=true mode=.normal blame=true hold=114981219 line=0 pathMatch=true cursor=0
loop: blame=true active=true hold=114981220 move_ms=0 now=114981220 cursor=0
ghost cond: active=true mode=.normal blame=true hold=114981621 line=0 pathMatch=true cursor=0
ghost cond: active=true mode=.normal blame=true hold=114982023 line=0 pathMatch=true cursor=0
ghost cond: active=true mode=.normal blame=true hold=114982424 line=0 pathMatch=true cursor=0
loop: blame=true active=true hold=114982425 move_ms=0 now=114982425 cursor=0
ghost cond: active=true mode=.normal blame=true hold=114982826 line=0 pathMatch=true cursor=0
ghost cond: active=true mode=.normal blame=true hold=114983227 line=0 pathMatch=true cursor=0
ghost cond: active=true mode=.normal blame=true hold=114983629 line=0 pathMatch=true cursor=0
loop: blame=true active=true hold=114983629 move_ms=0 now=114983629 cursor=0
ghost cond: active=true mode=.normal blame=true hold=114984030 line=0 pathMatch=true cursor=0
ghost cond: active=true mode=.normal blame=true hold=114984432 line=0 pathMatch=true cursor=0
ghost cond: active=true mode=.normal blame=true hold=114984834 line=0 pathMatch=true cursor=0
loop: blame=true active=true hold=114984834 move_ms=0 now=114984834 cursor=0
ghost cond: active=true mode=.normal blame=true hold=114985235 line=0 pathMatch=true cursor=0
ghost cond: active=true mode=.normal blame=true hold=114985637 line=0 pathMatch=true cursor=0
ghost cond: active=true mode=.normal blame=true hold=114986039 line=0 pathMatch=true cursor=0
loop: blame=false active=true hold=114986444 move_ms=0 now=114986444 cursor=0
maybeLoadBlame: stale=true branch=master
 path=/tmp/oz_12642_82a.txt
maybeLoadBlame: stale=true branch=master
 path=/tmp/oz_12642_82a.txt
loop: blame=false active=true hold=114986754 move_ms=0 now=114986754 cursor=0
maybeLoadBlame: stale=true branch=master
 path=/tmp/oz_e2e_12642_86bhb.txt
maybeLoadBlame: stale=true branch=master
 path=/tmp/oz_e2e_12642_86bhb.txt
loop: blame=false active=true hold=114987063 move_ms=0 now=114987063 cursor=0
maybeLoadBlame: stale=true branch=master
 path=/home/leoz/sources/oz/build.zig
maybeLoadBlame: stale=true branch=master
 path=/home/leoz/sources/oz/build.zig
blame consumed: out=70902B parsed=true
ghost cond: active=true mode=.normal blame=true hold=114987118 line=0 pathMatch=true cursor=0
loop: blame=false active=true hold=114987429 move_ms=0 now=114987429 cursor=0
maybeLoadBlame: stale=true branch=master
 path=/home/leoz/sources/oz/build.zig
maybeLoadBlame: stale=true branch=master
 path=/home/leoz/sources/oz/build.zig
loop: blame=false active=true hold=114987841 move_ms=0 now=114987841 cursor=0
maybeLoadBlame: stale=true branch=master
 path=/tmp/oz_e2e_12642_87lsp.go
maybeLoadBlame: stale=true branch=master
 path=/tmp/oz_e2e_12642_87lsp.go
loop: blame=false active=true hold=114988171 move_ms=0 now=114988171 cursor=0
maybeLoadBlame: stale=true branch=master
 path=/tmp/oz_e2e_12642_88lspm.zig
maybeLoadBlame: stale=true branch=master
 path=/tmp/oz_e2e_12642_88lspm.zig
loop: blame=false active=true hold=114988644 move_ms=0 now=114988644 cursor=0
maybeLoadBlame: stale=true branch=master
 path=/tmp/oz_e2e_12642_89diagc.zig
maybeLoadBlame: stale=true branch=master
 path=/tmp/oz_e2e_12642_89diagc.zig
loop: blame=false active=true hold=114989019 move_ms=0 now=114989019 cursor=0
maybeLoadBlame: stale=true branch=master
 path=/tmp/oz_e2e_12642_90jksync.zig
maybeLoadBlame: stale=true branch=master
 path=/tmp/oz_e2e_12642_90jksync.zig
loop: blame=false active=true hold=114989395 move_ms=0 now=114989395 cursor=0
maybeLoadBlame: stale=true branch=master
 path=/tmp/oz_e2e_12642_91diag.zig
maybeLoadBlame: stale=true branch=master
 path=/tmp/oz_e2e_12642_91diag.zig
loop: blame=false active=true hold=114989867 move_ms=0 now=114989867 cursor=0
maybeLoadBlame: stale=true branch=master
 path=/tmp/oz_e2e_12642_92nav.zig
maybeLoadBlame: stale=true branch=master
 path=/tmp/oz_e2e_12642_92nav.zig
loop: blame=false active=true hold=114990432 move_ms=0 now=114990432 cursor=0
maybeLoadBlame: stale=true branch=master
 path=/tmp/oz_e2e_12642_93comp.zig
maybeLoadBlame: stale=true branch=master
 path=/tmp/oz_e2e_12642_93comp.zig
loop: blame=false active=true hold=114990907 move_ms=0 now=114990907 cursor=0
maybeLoadBlame: stale=true branch=master
 path=/tmp/oz_e2e_12642_94auto.zig
maybeLoadBlame: stale=true branch=master
 path=/tmp/oz_e2e_12642_94auto.zig
loop: blame=false active=true hold=114991381 move_ms=0 now=114991381 cursor=0
maybeLoadBlame: stale=true branch=master
 path=/tmp/oz_e2e_12642_95trig.zig
maybeLoadBlame: stale=true branch=master
 path=/tmp/oz_e2e_12642_95trig.zig
loop: blame=false active=true hold=114991854 move_ms=0 now=114991854 cursor=0
maybeLoadBlame: stale=true branch=master
 path=/tmp/oz_e2e_12642_96dyn.zig
maybeLoadBlame: stale=true branch=master
 path=/tmp/oz_e2e_12642_96dyn.zig
loop: blame=false active=true hold=114992331 move_ms=0 now=114992331 cursor=0
maybeLoadBlame: stale=true branch=master
 path=/tmp/oz_e2e_12642_97snp.zig
maybeLoadBlame: stale=true branch=master
 path=/tmp/oz_e2e_12642_97snp.zig
loop: blame=false active=true hold=114992804 move_ms=0 now=114992804 cursor=0
maybeLoadBlame: stale=true branch=master
 path=/tmp/oz_e2e_12642_98flow.zig
maybeLoadBlame: stale=true branch=master
 path=/tmp/oz_e2e_12642_98flow.zig
loop: blame=false active=true hold=114993295 move_ms=0 now=114993295 cursor=0
maybeLoadBlame: stale=true branch=master
 path=/tmp/oz_e2e_12642_99sig.zig
maybeLoadBlame: stale=true branch=master
 path=/tmp/oz_e2e_12642_99sig.zig
loop: blame=false active=true hold=114993771 move_ms=0 now=114993771 cursor=0
maybeLoadBlame: stale=true branch=master
 path=/tmp/oz_e2e_12642_100edit.zig
maybeLoadBlame: stale=true branch=master
 path=/tmp/oz_e2e_12642_100edit.zig
loop: blame=false active=true hold=1 move_ms=114998829 now=114998830 cursor=20
loop: blame=false active=true hold=114999236 move_ms=0 now=114999236 cursor=0
maybeLoadBlame: stale=true branch=master
 path=/tmp/oz_e2e_12642_101cmdt.zig
maybeLoadBlame: stale=true branch=master
 path=/tmp/oz_e2e_12642_101cmdt.zig
loop: blame=false active=true hold=114999588 move_ms=0 now=114999588 cursor=0
maybeLoadBlame: stale=true branch=master
 path=/tmp/oz_e2e_12642_102km.txt
maybeLoadBlame: stale=true branch=master
 path=/tmp/oz_e2e_12642_102km.txt
loop: blame=false active=true hold=114999899 move_ms=0 now=114999899 cursor=0
maybeLoadBlame: stale=true branch=master
 path=/tmp/oz_e2e_12642_103tr.txt
maybeLoadBlame: stale=true branch=master
 path=/tmp/oz_e2e_12642_103tr.txt
loop: blame=false active=true hold=115000207 move_ms=0 now=115000207 cursor=0
maybeLoadBlame: stale=true branch=master
 path=/home/leoz/sources/oz/build.zig
maybeLoadBlame: stale=true branch=master
 path=/home/leoz/sources/oz/build.zig
blame consumed: out=70902B parsed=true
ghost cond: active=true mode=.normal blame=true hold=115000262 line=0 pathMatch=true cursor=0
ghost cond: active=true mode=.normal blame=true hold=115000262 line=0 pathMatch=true cursor=0
loop: blame=false active=true hold=115000567 move_ms=0 now=115000567 cursor=0
maybeLoadBlame: stale=true branch=master
 path=/tmp/oz_e2e_12642_104_newfile.txt
loop: blame=false active=true hold=115000875 move_ms=0 now=115000875 cursor=0
maybeLoadBlame: stale=true branch=master
 path=/tmp/oz_e2e_12642_105_view.txt
maybeLoadBlame: stale=true branch=master
 path=/tmp/oz_e2e_12642_105_view.txt
loop: blame=false active=true hold=115001185 move_ms=0 now=115001185 cursor=0
maybeLoadBlame: stale=true branch=master
 path=/tmp/oz_e2e_12642_106fold.py
maybeLoadBlame: stale=true branch=master
 path=/tmp/oz_e2e_12642_106fold.py
loop: blame=false active=true hold=115001516 move_ms=0 now=115001516 cursor=0
maybeLoadBlame: stale=true branch=main
 path=/tmp/oz_e2e_git_12642/a.txt
maybeLoadBlame: stale=true branch=main
 path=/tmp/oz_e2e_git_12642/a.txt
blame consumed: out=5203B parsed=true
maybeLoadBlame: stale=true branch=main
 path=/tmp/oz_e2e_git_12642/a.txt
maybeLoadBlame: stale=true branch=main
 path=/tmp/oz_e2e_git_12642/a.txt
blame consumed: out=5203B parsed=true
maybeLoadBlame: stale=true branch=main
 path=/tmp/oz_e2e_git_12642/a.txt
maybeLoadBlame: stale=true branch=main
 path=/tmp/oz_e2e_git_12642/a.txt
blame consumed: out=5364B parsed=true
loop: blame=true active=true hold=894 move_ms=115001622 now=115002516 cursor=105
ghost cond: active=true mode=.normal blame=true hold=1000 line=16 pathMatch=true cursor=105
ghost SKIP: active=false mode=.normal blame=true hold=1000
maybeLoadBlame: stale=false branch=main
 path=/tmp/oz_e2e_git_12642/a.txt
ghost cond: active=true mode=.normal blame=true hold=1001 line=16 pathMatch=true cursor=105
maybeLoadBlame: stale=true branch=main
 path=/tmp/oz_e2e_git_12642/b.txt
maybeLoadBlame: stale=true branch=main
 path=/tmp/oz_e2e_git_12642/b.txt
loop: blame=false active=true hold=115002939 move_ms=0 now=115002939 cursor=0
maybeLoadBlame: stale=true branch=main
 path=/tmp/oz_e2e_ghost_12642/a.txt
maybeLoadBlame: stale=true branch=main
 path=/tmp/oz_e2e_ghost_12642/a.txt
blame consumed: out=288B parsed=true
ghost cond: active=true mode=.normal blame=true hold=115002942 line=0 pathMatch=true cursor=0
ghost cond: active=true mode=.normal blame=true hold=115002942 line=0 pathMatch=true cursor=0
ghost cond: active=true mode=.normal blame=true hold=115003243 line=0 pathMatch=true cursor=0
loop: blame=false active=true hold=115003547 move_ms=0 now=115003547 cursor=0
maybeLoadBlame: stale=true branch=master
 path=/tmp/oz_e2e_12642_107term.txt
maybeLoadBlame: stale=true branch=master
 path=/tmp/oz_e2e_12642_107term.txt
loop: blame=false active=true hold=115004121 move_ms=0 now=115004121 cursor=0
maybeLoadBlame: stale=true branch=master
 path=/tmp/oz_e2e_12642_108termq.txt
maybeLoadBlame: stale=true branch=master
 path=/tmp/oz_e2e_12642_108termq.txt
loop: blame=false active=true hold=115004968 move_ms=0 now=115004968 cursor=0
loop: blame=false active=true hold=115005274 move_ms=0 now=115005274 cursor=0
maybeLoadBlame: stale=true branch=master
 path=/tmp/oz_e2e_14522_1.txt
maybeLoadBlame: stale=true branch=master
 path=/tmp/oz_e2e_14522_1.txt
loop: blame=false active=true hold=115005581 move_ms=0 now=115005581 cursor=0
maybeLoadBlame: stale=true branch=master
 path=/tmp/oz_e2e_14522_2.txt
maybeLoadBlame: stale=true branch=master
 path=/tmp/oz_e2e_14522_2.txt
loop: blame=false active=true hold=115005889 move_ms=0 now=115005889 cursor=0
loop: blame=false active=true hold=115006196 move_ms=0 now=115006196 cursor=0
loop: blame=false active=true hold=115006502 move_ms=0 now=115006502 cursor=0
maybeLoadBlame: stale=true branch=master
 path=/tmp/oz_e2e_14522_5th.txt
maybeLoadBlame: stale=true branch=master
 path=/tmp/oz_e2e_14522_5th.txt
loop: blame=false active=true hold=115006810 move_ms=0 now=115006810 cursor=0
maybeLoadBlame: stale=true branch=master
 path=/tmp/oz_e2e_14522_6thp.txt
maybeLoadBlame: stale=true branch=master
 path=/tmp/oz_e2e_14522_6thp.txt
loop: blame=false active=true hold=115007119 move_ms=0 now=115007119 cursor=0
maybeLoadBlame: stale=true branch=master
 path=/tmp/oz_e2e_14522_7.txt
maybeLoadBlame: stale=true branch=master
 path=/tmp/oz_e2e_14522_7.txt
loop: blame=false active=true hold=115007427 move_ms=0 now=115007427 cursor=0
maybeLoadBlame: stale=true branch=master
 path=/tmp/oz_e2e_14522_8.txt
maybeLoadBlame: stale=true branch=master
 path=/tmp/oz_e2e_14522_8.txt
loop: blame=false active=true hold=115007735 move_ms=0 now=115007735 cursor=0
maybeLoadBlame: stale=true branch=master
 path=/tmp/oz_e2e_14522_9search.txt
maybeLoadBlame: stale=true branch=master
 path=/tmp/oz_e2e_14522_9search.txt
loop: blame=false active=true hold=115008043 move_ms=0 now=115008043 cursor=0
maybeLoadBlame: stale=true branch=master
 path=/tmp/oz_e2e_14522_10.txt
maybeLoadBlame: stale=true branch=master
 path=/tmp/oz_e2e_14522_10.txt
loop: blame=false active=true hold=115008351 move_ms=0 now=115008351 cursor=0
maybeLoadBlame: stale=true branch=master
 path=/tmp/oz_e2e_14522_11.txt
maybeLoadBlame: stale=true branch=master
 path=/tmp/oz_e2e_14522_11.txt
loop: blame=false active=true hold=115008660 move_ms=0 now=115008660 cursor=0
maybeLoadBlame: stale=true branch=master
 path=/tmp/oz_e2e_14522.zig
maybeLoadBlame: stale=true branch=master
 path=/tmp/oz_e2e_14522.zig
loop: blame=false active=true hold=115009017 move_ms=0 now=115009017 cursor=0
loop: blame=false active=true hold=115009323 move_ms=0 now=115009323 cursor=0
maybeLoadBlame: stale=true branch=master
 path=/tmp/oz_e2e_14522_13.txt
maybeLoadBlame: stale=true branch=master
 path=/tmp/oz_e2e_14522_13.txt
loop: blame=false active=true hold=115009632 move_ms=0 now=115009632 cursor=0
maybeLoadBlame: stale=true branch=master
 path=/tmp/oz_e2e_14522_14.txt
maybeLoadBlame: stale=true branch=master
 path=/tmp/oz_e2e_14522_14.txt
loop: blame=false active=true hold=115009940 move_ms=0 now=115009940 cursor=0
loop: blame=false active=true hold=115010246 move_ms=0 now=115010246 cursor=0
loop: blame=false active=true hold=115010553 move_ms=0 now=115010553 cursor=0
maybeLoadBlame: stale=true branch=master
 path=/tmp/oz_e2e_14522_17.txt
maybeLoadBlame: stale=true branch=master
 path=/tmp/oz_e2e_14522_17.txt
loop: blame=false active=true hold=115010862 move_ms=0 now=115010862 cursor=0
loop: blame=false active=true hold=115011168 move_ms=0 now=115011168 cursor=0
loop: blame=false active=true hold=115011474 move_ms=0 now=115011474 cursor=0
maybeLoadBlame: stale=true branch=master
 path=/tmp/oz_e2e_14522_19.txt
maybeLoadBlame: stale=true branch=master
 path=/tmp/oz_e2e_14522_19.txt
maybeLoadBlame: stale=true branch=master
 path=/home/leoz/sources/oz/test/e2e.zig
maybeLoadBlame: stale=true branch=master
 path=/home/leoz/sources/oz/test/e2e.zig
blame consumed: out=5611461B parsed=true
loop: blame=true active=true hold=978 move_ms=115011496 now=115012474 cursor=95781
ghost cond: active=true mode=.normal blame=true hold=1000 line=2573 pathMatch=true cursor=95781
ghost cond: active=true mode=.normal blame=true hold=6002 line=2573 pathMatch=true cursor=95781
loop: blame=false active=true hold=115017803 move_ms=0 now=115017803 cursor=0
maybeLoadBlame: stale=true branch=master
 path=/tmp/oz_e2e_14522_20g.txt
maybeLoadBlame: stale=true branch=master
 path=/tmp/oz_e2e_14522_20g.txt
maybeLoadBlame: stale=true branch=master
 path=/home/leoz/sources/oz/patches/vaxis-Screen.zig
maybeLoadBlame: stale=true branch=master
 path=/home/leoz/sources/oz/patches/vaxis-Screen.zig
loop: blame=false active=true hold=115018283 move_ms=0 now=115018283 cursor=0
maybeLoadBlame: stale=true branch=master
 path=/tmp/oz_e2e_14522_21.txt
maybeLoadBlame: stale=true branch=master
 path=/tmp/oz_e2e_14522_21.txt
loop: blame=false active=true hold=115018592 move_ms=0 now=115018592 cursor=0
maybeLoadBlame: stale=true branch=master
 path=/tmp/oz_e2e_14522_22ftb.txt
maybeLoadBlame: stale=true branch=master
 path=/tmp/oz_e2e_14522_22ftb.txt
loop: blame=false active=true hold=115018899 move_ms=0 now=115018899 cursor=0
maybeLoadBlame: stale=true branch=master
 path=/tmp/oz_e2e_14522_24b.txt
loop: blame=false active=true hold=115019207 move_ms=0 now=115019207 cursor=0
maybeLoadBlame: stale=true branch=master
 path=/tmp/oz_e2e_14522_26pb.txt
loop: blame=false active=true hold=115019515 move_ms=0 now=115019515 cursor=0
maybeLoadBlame: stale=true branch=master
 path=/tmp/oz_e2e_14522_28kb.txt
loop: blame=false active=true hold=115019824 move_ms=0 now=115019824 cursor=0
maybeLoadBlame: stale=true branch=master
 path=/tmp/oz_e2e_14522_29vs.txt
maybeLoadBlame: stale=true branch=master
 path=/tmp/oz_e2e_14522_29vs.txt
loop: blame=false active=true hold=115020131 move_ms=0 now=115020131 cursor=0
maybeLoadBlame: stale=true branch=master
 path=/tmp/oz_e2e_14522_30ra.txt
maybeLoadBlame: stale=true branch=master
 path=/tmp/oz_e2e_14522_30ra.txt
loop: blame=false active=true hold=115020439 move_ms=0 now=115020439 cursor=0
maybeLoadBlame: stale=true branch=master
 path=/tmp/oz_e2e_14522_32syn.zig
maybeLoadBlame: stale=true branch=master
 path=/tmp/oz_e2e_14522_32syn.zig
loop: blame=false active=true hold=115020792 move_ms=0 now=115020792 cursor=0
maybeLoadBlame: stale=true branch=master
 path=/tmp/oz_e2e_14522_33drift.zig
maybeLoadBlame: stale=true branch=master
 path=/tmp/oz_e2e_14522_33drift.zig
loop: blame=false active=true hold=115021169 move_ms=0 now=115021169 cursor=0
loop: blame=false active=true hold=115021475 move_ms=0 now=115021475 cursor=0
maybeLoadBlame: stale=true branch=master
 path=/tmp/oz_e2e_14522_35vis.zig
maybeLoadBlame: stale=true branch=master
 path=/tmp/oz_e2e_14522_35vis.zig
loop: blame=false active=true hold=115022296 move_ms=0 now=115022296 cursor=0
maybeLoadBlame: stale=true branch=master
 path=/tmp/oz_e2e_14522_36.zig
maybeLoadBlame: stale=true branch=master
 path=/tmp/oz_e2e_14522_36.zig
loop: blame=false active=true hold=115022907 move_ms=0 now=115022907 cursor=0
maybeLoadBlame: stale=true branch=master
 path=/tmp/oz_e2e_14522_37.zig
maybeLoadBlame: stale=true branch=master
 path=/tmp/oz_e2e_14522_37.zig
loop: blame=false active=true hold=115023518 move_ms=0 now=115023518 cursor=0
maybeLoadBlame: stale=true branch=master
 path=/tmp/oz_e2e_14522_38.txt
maybeLoadBlame: stale=true branch=master
 path=/tmp/oz_e2e_14522_38.txt
loop: blame=false active=true hold=115023826 move_ms=0 now=115023826 cursor=0
maybeLoadBlame: stale=true branch=master
 path=/tmp/oz_e2e_14522_39blk.txt
maybeLoadBlame: stale=true branch=master
 path=/tmp/oz_e2e_14522_39blk.txt
loop: blame=false active=true hold=115024133 move_ms=0 now=115024133 cursor=0
maybeLoadBlame: stale=true branch=master
 path=/tmp/oz_e2e_14522_40blkc.txt
maybeLoadBlame: stale=true branch=master
 path=/tmp/oz_e2e_14522_40blkc.txt
loop: blame=false active=true hold=115024441 move_ms=0 now=115024441 cursor=0
maybeLoadBlame: stale=true branch=master
 path=/tmp/oz_e2e_14522_41.txt
maybeLoadBlame: stale=true branch=master
 path=/tmp/oz_e2e_14522_41.txt
loop: blame=false active=true hold=115024750 move_ms=0 now=115024750 cursor=0
maybeLoadBlame: stale=true branch=master
 path=/tmp/oz_e2e_14522_42.txt
maybeLoadBlame: stale=true branch=master
 path=/tmp/oz_e2e_14522_42.txt
loop: blame=false active=true hold=115025058 move_ms=0 now=115025058 cursor=0
maybeLoadBlame: stale=true branch=master
 path=/tmp/oz_e2e_14522_43f.txt
maybeLoadBlame: stale=true branch=master
 path=/tmp/oz_e2e_14522_43f.txt
loop: blame=false active=true hold=115025367 move_ms=0 now=115025367 cursor=0
maybeLoadBlame: stale=true branch=master
 path=/tmp/oz_e2e_14522_44p.txt
maybeLoadBlame: stale=true branch=master
 path=/tmp/oz_e2e_14522_44p.txt
loop: blame=false active=true hold=115025675 move_ms=0 now=115025675 cursor=0
loop: blame=false active=true hold=115025982 move_ms=0 now=115025982 cursor=0
maybeLoadBlame: stale=true branch=master
 path=/tmp/oz_e2e_14522_46ft2.txt
maybeLoadBlame: stale=true branch=master
 path=/tmp/oz_e2e_14522_46ft2.txt
loop: blame=false active=true hold=115026292 move_ms=0 now=115026292 cursor=0
maybeLoadBlame: stale=true branch=master
 path=/tmp/oz_e2e_14522_47gta.txt
maybeLoadBlame: stale=true branch=master
 path=/tmp/oz_e2e_14522_47gta.txt
loop: blame=false active=true hold=115026601 move_ms=0 now=115026601 cursor=0
loop: blame=false active=true hold=115026908 move_ms=0 now=115026908 cursor=0
loop: blame=false active=true hold=115027214 move_ms=0 now=115027214 cursor=0
maybeLoadBlame: stale=true branch=master
 path=/tmp/oz_e2e_14522_51ctl.txt
maybeLoadBlame: stale=true branch=master
 path=/tmp/oz_e2e_14522_51ctl.txt
loop: blame=false active=true hold=115027522 move_ms=0 now=115027522 cursor=0
maybeLoadBlame: stale=true branch=master
 path=/tmp/oz_e2e_14522_52alt.txt
maybeLoadBlame: stale=true branch=master
 path=/tmp/oz_e2e_14522_52alt.txt
loop: blame=false active=true hold=115027830 move_ms=0 now=115027830 cursor=0
maybeLoadBlame: stale=true branch=master
 path=/tmp/oz_e2e_14522_53g.txt
maybeLoadBlame: stale=true branch=master
 path=/tmp/oz_e2e_14522_53g.txt
maybeLoadBlame: stale=true branch=master
 path=/home/leoz/sources/oz/src/root.zig
maybeLoadBlame: stale=true branch=master
 path=/home/leoz/sources/oz/src/root.zig
loop: blame=false active=true hold=115028187 move_ms=0 now=115028187 cursor=0
loop: blame=false active=true hold=115028493 move_ms=0 now=115028493 cursor=0
loop: blame=false active=true hold=115028800 move_ms=0 now=115028800 cursor=0
maybeLoadBlame: stale=true branch=master
 path=/tmp/oz_e2e_14522_56vlc.txt
maybeLoadBlame: stale=true branch=master
 path=/tmp/oz_e2e_14522_56vlc.txt
loop: blame=false active=true hold=115029108 move_ms=0 now=115029108 cursor=0
maybeLoadBlame: stale=true branch=master
 path=/tmp/oz_e2e_14522_57num.txt
maybeLoadBlame: stale=true branch=master
 path=/tmp/oz_e2e_14522_57num.txt
loop: blame=false active=true hold=115029415 move_ms=0 now=115029415 cursor=0
loop: blame=false active=true hold=115029722 move_ms=0 now=115029722 cursor=0
loop: blame=false active=true hold=115030028 move_ms=0 now=115030028 cursor=0
maybeLoadBlame: stale=true branch=master
 path=/tmp/oz_e2e_14522_60colc.txt
maybeLoadBlame: stale=true branch=master
 path=/tmp/oz_e2e_14522_60colc.txt
loop: blame=false active=true hold=115030335 move_ms=0 now=115030335 cursor=0
maybeLoadBlame: stale=true branch=master
 path=/tmp/oz_e2e_14522_61arr.txt
maybeLoadBlame: stale=true branch=master
 path=/tmp/oz_e2e_14522_61arr.txt
loop: blame=false active=true hold=115030642 move_ms=0 now=115030642 cursor=0
maybeLoadBlame: stale=true branch=master
 path=/tmp/oz_e2e_14522_62cnt.txt
maybeLoadBlame: stale=true branch=master
 path=/tmp/oz_e2e_14522_62cnt.txt
loop: blame=false active=true hold=115030950 move_ms=0 now=115030950 cursor=0
maybeLoadBlame: stale=true branch=master
 path=/tmp/oz_e2e_14522_63mc.txt
maybeLoadBlame: stale=true branch=master
 path=/tmp/oz_e2e_14522_63mc.txt
loop: blame=false active=true hold=115031258 move_ms=0 now=115031258 cursor=0
maybeLoadBlame: stale=true branch=master
 path=/tmp/oz_e2e_14522_64mcscroll.txt
maybeLoadBlame: stale=true branch=master
 path=/tmp/oz_e2e_14522_64mcscroll.txt
loop: blame=false active=true hold=115031565 move_ms=0 now=115031565 cursor=0
loop: blame=false active=true hold=115031875 move_ms=0 now=115031875 cursor=0
maybeLoadBlame: stale=true branch=master
 path=/tmp/oz_e2e_14522_66gutter.txt
maybeLoadBlame: stale=true branch=master
 path=/tmp/oz_e2e_14522_66gutter.txt
loop: blame=false active=true hold=115032183 move_ms=0 now=115032183 cursor=0
maybeLoadBlame: stale=true branch=master
 path=/home/leoz/sources/oz/build.zig
maybeLoadBlame: stale=true branch=master
 path=/home/leoz/sources/oz/build.zig
maybeLoadBlame: stale=true branch=master
 path=/home/leoz/sources/oz/README.md
maybeLoadBlame: stale=true branch=master
 path=/home/leoz/sources/oz/README.md
blame consumed: out=15464B parsed=true
ghost cond: active=true mode=.normal blame=true hold=115032239 line=0 pathMatch=true cursor=0
ghost cond: active=true mode=.normal blame=true hold=115032289 line=0 pathMatch=true cursor=0
ghost cond: active=true mode=.normal blame=true hold=115032340 line=0 pathMatch=true cursor=0
ghost cond: active=true mode=.normal blame=true hold=115032390 line=0 pathMatch=true cursor=0
ghost cond: active=true mode=.normal blame=true hold=115032441 line=0 pathMatch=true cursor=0
ghost cond: active=true mode=.normal blame=true hold=115032491 line=0 pathMatch=true cursor=0
ghost cond: active=true mode=.normal blame=true hold=115032590 line=0 pathMatch=true cursor=0
maybeLoadBlame: stale=true branch=master
 path=/home/leoz/sources/oz/src/buffer/ops.zig
maybeLoadBlame: stale=true branch=master
 path=/home/leoz/sources/oz/src/buffer/ops.zig
ghost cond: active=true mode=.normal blame=true hold=115032591 line=0 pathMatch=true cursor=0
ghost cond: active=true mode=.normal blame=true hold=115032592 line=0 pathMatch=true cursor=0
loop: blame=false active=true hold=115032896 move_ms=0 now=115032896 cursor=0
maybeLoadBlame: stale=true branch=master
 path=/tmp/oz_e2e_14522_67ud1.txt
maybeLoadBlame: stale=true branch=master
 path=/tmp/oz_e2e_14522_67ud1.txt
loop: blame=false active=true hold=115033203 move_ms=0 now=115033203 cursor=0
maybeLoadBlame: stale=true branch=master
 path=/tmp/oz_e2e_14522_68ud2.txt
maybeLoadBlame: stale=true branch=master
 path=/tmp/oz_e2e_14522_68ud2.txt
loop: blame=false active=true hold=115033510 move_ms=0 now=115033510 cursor=0
maybeLoadBlame: stale=true branch=master
 path=/tmp/oz_e2e_14522_69dd.txt
maybeLoadBlame: stale=true branch=master
 path=/tmp/oz_e2e_14522_69dd.txt
loop: blame=false active=true hold=115033818 move_ms=0 now=115033818 cursor=0
maybeLoadBlame: stale=true branch=master
 path=/tmp/oz_e2e_14522_702dd.txt
maybeLoadBlame: stale=true branch=master
 path=/tmp/oz_e2e_14522_702dd.txt
loop: blame=false active=true hold=115034125 move_ms=0 now=115034125 cursor=0
loop: blame=false active=true hold=115034432 move_ms=0 now=115034432 cursor=0
maybeLoadBlame: stale=true branch=master
 path=/tmp/oz_e2e_14522_72yank.txt
maybeLoadBlame: stale=true branch=master
 path=/tmp/oz_e2e_14522_72yank.txt
loop: blame=false active=true hold=115034743 move_ms=0 now=115034743 cursor=0
loop: blame=false active=true hold=115035049 move_ms=0 now=115035049 cursor=0
maybeLoadBlame: stale=true branch=master
 path=/tmp/oz_e2e_14522_74foc.txt
maybeLoadBlame: stale=true branch=master
 path=/tmp/oz_e2e_14522_74foc.txt
loop: blame=false active=true hold=115035360 move_ms=0 now=115035360 cursor=0
maybeLoadBlame: stale=true branch=master
 path=/tmp/oz_e2e_14522_75comp.txt
maybeLoadBlame: stale=true branch=master
 path=/tmp/oz_e2e_14522_75comp.txt
loop: blame=false active=true hold=115035668 move_ms=0 now=115035668 cursor=0
maybeLoadBlame: stale=true branch=master
 path=/tmp/oz_e2e_14522_76compc.txt
maybeLoadBlame: stale=true branch=master
 path=/tmp/oz_e2e_14522_76compc.txt
loop: blame=false active=true hold=115035976 move_ms=0 now=115035976 cursor=0
maybeLoadBlame: stale=true branch=master
 path=/tmp/oz_e2e_14522_77compn.txt
maybeLoadBlame: stale=true branch=master
 path=/tmp/oz_e2e_14522_77compn.txt
loop: blame=false active=true hold=1202 move_ms=115035978 now=115037180 cursor=34
loop: blame=false active=true hold=115037485 move_ms=0 now=115037485 cursor=0
maybeLoadBlame: stale=true branch=master
 path=/tmp/oz_e2e_14522_78jcol.zig
maybeLoadBlame: stale=true branch=master
 path=/tmp/oz_e2e_14522_78jcol.zig
loop: blame=false active=true hold=115037841 move_ms=0 now=115037841 cursor=0
maybeLoadBlame: stale=true branch=master
 path=/tmp/oz_e2e_14522_79win.txt
maybeLoadBlame: stale=true branch=master
 path=/tmp/oz_e2e_14522_79win.txt
loop: blame=false active=true hold=115038149 move_ms=0 now=115038149 cursor=0
maybeLoadBlame: stale=true branch=master
 path=/tmp/oz_e2e_14522_80winsp.txt
maybeLoadBlame: stale=true branch=master
 path=/tmp/oz_e2e_14522_80winsp.txt
loop: blame=false active=true hold=115038456 move_ms=0 now=115038456 cursor=0
maybeLoadBlame: stale=true branch=master
 path=/tmp/ozfz_14522_81/a.txt
maybeLoadBlame: stale=true branch=master
 path=/tmp/ozfz_14522_81/a.txt
loop: blame=false active=true hold=1 move_ms=115039660 now=115039661 cursor=3
loop: blame=false active=true hold=1202 move_ms=115039660 now=115040862 cursor=3
loop: blame=false active=true hold=2403 move_ms=115039660 now=115042063 cursor=3
loop: blame=false active=true hold=3604 move_ms=115039660 now=115043264 cursor=3
loop: blame=false active=true hold=4806 move_ms=115039660 now=115044466 cursor=3
loop: blame=false active=true hold=6007 move_ms=115039660 now=115045667 cursor=3
loop: blame=false active=true hold=7208 move_ms=115039660 now=115046868 cursor=3
loop: blame=false active=true hold=8409 move_ms=115039660 now=115048069 cursor=3
loop: blame=false active=true hold=9610 move_ms=115039660 now=115049270 cursor=3
loop: blame=false active=true hold=10812 move_ms=115039660 now=115050472 cursor=3
loop: blame=false active=true hold=12013 move_ms=115039660 now=115051673 cursor=3
loop: blame=false active=true hold=13214 move_ms=115039660 now=115052874 cursor=3
loop: blame=false active=true hold=14415 move_ms=115039660 now=115054075 cursor=3
loop: blame=false active=true hold=15616 move_ms=115039660 now=115055276 cursor=3
loop: blame=false active=true hold=16818 move_ms=115039660 now=115056478 cursor=3
loop: blame=false active=true hold=18019 move_ms=115039660 now=115057679 cursor=3
loop: blame=false active=true hold=19220 move_ms=115039660 now=115058880 cursor=3
loop: blame=false active=true hold=20422 move_ms=115039660 now=115060082 cursor=3
loop: blame=false active=true hold=21623 move_ms=115039660 now=115061283 cursor=3
loop: blame=false active=true hold=22825 move_ms=115039660 now=115062485 cursor=3
loop: blame=false active=true hold=24029 move_ms=115039660 now=115063689 cursor=3
loop: blame=false active=true hold=25234 move_ms=115039660 now=115064894 cursor=3
loop: blame=false active=true hold=26438 move_ms=115039660 now=115066098 cursor=3
loop: blame=false active=true hold=27642 move_ms=115039660 now=115067302 cursor=3
loop: blame=false active=true hold=28846 move_ms=115039660 now=115068506 cursor=3
loop: blame=false active=true hold=30049 move_ms=115039660 now=115069709 cursor=3
loop: blame=false active=true hold=31254 move_ms=115039660 now=115070914 cursor=3
loop: blame=false active=true hold=32458 move_ms=115039660 now=115072118 cursor=3
loop: blame=false active=true hold=33662 move_ms=115039660 now=115073322 cursor=3
loop: blame=false active=true hold=34866 move_ms=115039660 now=115074526 cursor=3
loop: blame=false active=true hold=36070 move_ms=115039660 now=115075730 cursor=3
loop: blame=false active=true hold=37275 move_ms=115039660 now=115076935 cursor=3
loop: blame=false active=true hold=38477 move_ms=115039660 now=115078137 cursor=3
loop: blame=false active=true hold=39683 move_ms=115039660 now=115079343 cursor=3
loop: blame=false active=true hold=40887 move_ms=115039660 now=115080547 cursor=3
loop: blame=false active=true hold=42091 move_ms=115039660 now=115081751 cursor=3
loop: blame=false active=true hold=43295 move_ms=115039660 now=115082955 cursor=3
loop: blame=false active=true hold=44500 move_ms=115039660 now=115084160 cursor=3
loop: blame=false active=true hold=45704 move_ms=115039660 now=115085364 cursor=3
loop: blame=false active=true hold=46907 move_ms=115039660 now=115086567 cursor=3
loop: blame=false active=true hold=48108 move_ms=115039660 now=115087768 cursor=3
loop: blame=false active=true hold=49309 move_ms=115039660 now=115088969 cursor=3
loop: blame=false active=true hold=50510 move_ms=115039660 now=115090170 cursor=3
loop: blame=false active=true hold=51712 move_ms=115039660 now=115091372 cursor=3
loop: blame=false active=true hold=52913 move_ms=115039660 now=115092573 cursor=3
loop: blame=false active=true hold=54115 move_ms=115039660 now=115093775 cursor=3
loop: blame=false active=true hold=55316 move_ms=115039660 now=115094976 cursor=3
loop: blame=false active=true hold=56517 move_ms=115039660 now=115096177 cursor=3
loop: blame=false active=true hold=57719 move_ms=115039660 now=115097379 cursor=3
loop: blame=false active=true hold=58920 move_ms=115039660 now=115098580 cursor=3
loop: blame=false active=true hold=60121 move_ms=115039660 now=115099781 cursor=3
loop: blame=false active=true hold=61322 move_ms=115039660 now=115100982 cursor=3
loop: blame=false active=true hold=62523 move_ms=115039660 now=115102183 cursor=3
loop: blame=false active=true hold=63725 move_ms=115039660 now=115103385 cursor=3
loop: blame=false active=true hold=64926 move_ms=115039660 now=115104586 cursor=3
loop: blame=false active=true hold=66127 move_ms=115039660 now=115105787 cursor=3
loop: blame=false active=true hold=67328 move_ms=115039660 now=115106988 cursor=3
loop: blame=false active=true hold=68529 move_ms=115039660 now=115108189 cursor=3
loop: blame=false active=true hold=69730 move_ms=115039660 now=115109390 cursor=3
loop: blame=false active=true hold=0 move_ms=115110591 now=115110591 cursor=5
loop: blame=false active=true hold=1201 move_ms=115110591 now=115111792 cursor=5
loop: blame=false active=true hold=2403 move_ms=115110591 now=115112994 cursor=5
loop: blame=false active=true hold=3604 move_ms=115110591 now=115114195 cursor=5
loop: blame=false active=true hold=4805 move_ms=115110591 now=115115396 cursor=5
loop: blame=false active=true hold=6006 move_ms=115110591 now=115116597 cursor=5
loop: blame=false active=true hold=7208 move_ms=115110591 now=115117799 cursor=5
loop: blame=false active=true hold=8409 move_ms=115110591 now=115119000 cursor=5
loop: blame=false active=true hold=9610 move_ms=115110591 now=115120201 cursor=5
loop: blame=false active=true hold=10812 move_ms=115110591 now=115121403 cursor=5
loop: blame=false active=true hold=12013 move_ms=115110591 now=115122604 cursor=5
loop: blame=false active=true hold=13215 move_ms=115110591 now=115123806 cursor=5
loop: blame=false active=true hold=14416 move_ms=115110591 now=115125007 cursor=5
loop: blame=false active=true hold=15617 move_ms=115110591 now=115126208 cursor=5
loop: blame=false active=true hold=16819 move_ms=115110591 now=115127410 cursor=5
loop: blame=false active=true hold=115128916 move_ms=0 now=115128916 cursor=0
maybeLoadBlame: stale=true branch=master
 path=/home/leoz/sources/oz/build.zig
maybeLoadBlame: stale=true branch=master
 path=/home/leoz/sources/oz/build.zig
blame consumed: out=70902B parsed=true
ghost cond: active=true mode=.normal blame=true hold=115128968 line=0 pathMatch=true cursor=0
ghost cond: active=true mode=.normal blame=true hold=115129369 line=0 pathMatch=true cursor=0
ghost cond: active=true mode=.normal blame=true hold=115129770 line=0 pathMatch=true cursor=0
ghost cond: active=true mode=.normal blame=true hold=115130170 line=0 pathMatch=true cursor=0
loop: blame=true active=true hold=115130171 move_ms=0 now=115130171 cursor=0
ghost cond: active=true mode=.normal blame=true hold=115130571 line=0 pathMatch=true cursor=0
ghost cond: active=true mode=.normal blame=true hold=115130972 line=0 pathMatch=true cursor=0
ghost cond: active=true mode=.normal blame=true hold=115131372 line=0 pathMatch=true cursor=0
loop: blame=true active=true hold=115131373 move_ms=0 now=115131373 cursor=0
ghost cond: active=true mode=.normal blame=true hold=115131773 line=0 pathMatch=true cursor=0
ghost cond: active=true mode=.normal blame=true hold=115132174 line=0 pathMatch=true cursor=0
ghost cond: active=true mode=.normal blame=true hold=115132575 line=0 pathMatch=true cursor=0
loop: blame=true active=true hold=115132575 move_ms=0 now=115132575 cursor=0
ghost cond: active=true mode=.normal blame=true hold=115132976 line=0 pathMatch=true cursor=0
ghost cond: active=true mode=.normal blame=true hold=115133378 line=0 pathMatch=true cursor=0
ghost cond: active=true mode=.normal blame=true hold=115133778 line=0 pathMatch=true cursor=0
loop: blame=true active=true hold=115133779 move_ms=0 now=115133779 cursor=0
ghost cond: active=true mode=.normal blame=true hold=115134179 line=0 pathMatch=true cursor=0
ghost cond: active=true mode=.normal blame=true hold=115134580 line=0 pathMatch=true cursor=0
ghost cond: active=true mode=.normal blame=true hold=115134981 line=0 pathMatch=true cursor=0
loop: blame=true active=true hold=115134981 move_ms=0 now=115134981 cursor=0
ghost cond: active=true mode=.normal blame=true hold=115135382 line=0 pathMatch=true cursor=0
ghost cond: active=true mode=.normal blame=true hold=115135784 line=0 pathMatch=true cursor=0
ghost cond: active=true mode=.normal blame=true hold=115136185 line=0 pathMatch=true cursor=0
loop: blame=true active=true hold=115136185 move_ms=0 now=115136185 cursor=0
ghost cond: active=true mode=.normal blame=true hold=115136586 line=0 pathMatch=true cursor=0
ghost cond: active=true mode=.normal blame=true hold=115136988 line=0 pathMatch=true cursor=0
ghost cond: active=true mode=.normal blame=true hold=115137389 line=0 pathMatch=true cursor=0
loop: blame=true active=true hold=115137389 move_ms=0 now=115137389 cursor=0
ghost cond: active=true mode=.normal blame=true hold=115137791 line=0 pathMatch=true cursor=0
ghost cond: active=true mode=.normal blame=true hold=115138192 line=0 pathMatch=true cursor=0
ghost cond: active=true mode=.normal blame=true hold=115138593 line=0 pathMatch=true cursor=0
loop: blame=true active=true hold=115138594 move_ms=0 now=115138594 cursor=0
ghost cond: active=true mode=.normal blame=true hold=115138995 line=0 pathMatch=true cursor=0
ghost cond: active=true mode=.normal blame=true hold=115139396 line=0 pathMatch=true cursor=0
ghost cond: active=true mode=.normal blame=true hold=115139797 line=0 pathMatch=true cursor=0
loop: blame=true active=true hold=115139797 move_ms=0 now=115139797 cursor=0
ghost cond: active=true mode=.normal blame=true hold=115140199 line=0 pathMatch=true cursor=0
ghost cond: active=true mode=.normal blame=true hold=115140600 line=0 pathMatch=true cursor=0
ghost cond: active=true mode=.normal blame=true hold=115141002 line=0 pathMatch=true cursor=0
loop: blame=true active=true hold=115141002 move_ms=0 now=115141002 cursor=0
ghost cond: active=true mode=.normal blame=true hold=115141403 line=0 pathMatch=true cursor=0
ghost cond: active=true mode=.normal blame=true hold=115141805 line=0 pathMatch=true cursor=0
ghost cond: active=true mode=.normal blame=true hold=115142206 line=0 pathMatch=true cursor=0
loop: blame=true active=true hold=115142207 move_ms=0 now=115142207 cursor=0
ghost cond: active=true mode=.normal blame=true hold=115142608 line=0 pathMatch=true cursor=0
ghost cond: active=true mode=.normal blame=true hold=115143010 line=0 pathMatch=true cursor=0
ghost cond: active=true mode=.normal blame=true hold=115143411 line=0 pathMatch=true cursor=0
loop: blame=true active=true hold=115143412 move_ms=0 now=115143412 cursor=0
ghost cond: active=true mode=.normal blame=true hold=115143813 line=0 pathMatch=true cursor=0
ghost cond: active=true mode=.normal blame=true hold=115144214 line=0 pathMatch=true cursor=0
ghost cond: active=true mode=.normal blame=true hold=115144616 line=0 pathMatch=true cursor=0
loop: blame=true active=true hold=115144616 move_ms=0 now=115144616 cursor=0
ghost cond: active=true mode=.normal blame=true hold=115145018 line=0 pathMatch=true cursor=0
ghost cond: active=true mode=.normal blame=true hold=115145419 line=0 pathMatch=true cursor=0
ghost cond: active=true mode=.normal blame=true hold=115145821 line=0 pathMatch=true cursor=0
loop: blame=true active=true hold=115145821 move_ms=0 now=115145821 cursor=0
ghost cond: active=true mode=.normal blame=true hold=115146222 line=0 pathMatch=true cursor=0
ghost cond: active=true mode=.normal blame=true hold=115146624 line=0 pathMatch=true cursor=0
ghost cond: active=true mode=.normal blame=true hold=115147025 line=0 pathMatch=true cursor=0
loop: blame=true active=true hold=115147026 move_ms=0 now=115147026 cursor=0
ghost cond: active=true mode=.normal blame=true hold=115147427 line=0 pathMatch=true cursor=0
ghost cond: active=true mode=.normal blame=true hold=115147829 line=0 pathMatch=true cursor=0
ghost cond: active=true mode=.normal blame=true hold=115148231 line=0 pathMatch=true cursor=0
loop: blame=true active=true hold=115148231 move_ms=0 now=115148231 cursor=0
ghost cond: active=true mode=.normal blame=true hold=115148632 line=0 pathMatch=true cursor=0
ghost cond: active=true mode=.normal blame=true hold=115149034 line=0 pathMatch=true cursor=0
ghost cond: active=true mode=.normal blame=true hold=115149435 line=0 pathMatch=true cursor=0
loop: blame=true active=true hold=115149435 move_ms=0 now=115149435 cursor=0
ghost cond: active=true mode=.normal blame=true hold=115149836 line=0 pathMatch=true cursor=0
ghost cond: active=true mode=.normal blame=true hold=115150238 line=0 pathMatch=true cursor=0
ghost cond: active=true mode=.normal blame=true hold=115150639 line=0 pathMatch=true cursor=0
loop: blame=true active=true hold=115150639 move_ms=0 now=115150639 cursor=0
ghost cond: active=true mode=.normal blame=true hold=115151041 line=0 pathMatch=true cursor=0
ghost cond: active=true mode=.normal blame=true hold=115151443 line=0 pathMatch=true cursor=0
ghost cond: active=true mode=.normal blame=true hold=115151845 line=0 pathMatch=true cursor=0
loop: blame=true active=true hold=115151845 move_ms=0 now=115151845 cursor=0
ghost cond: active=true mode=.normal blame=true hold=115152246 line=0 pathMatch=true cursor=0
ghost cond: active=true mode=.normal blame=true hold=115152648 line=0 pathMatch=true cursor=0
ghost cond: active=true mode=.normal blame=true hold=115153049 line=0 pathMatch=true cursor=0
loop: blame=false active=true hold=115153455 move_ms=0 now=115153455 cursor=0
maybeLoadBlame: stale=true branch=master
 path=/tmp/oz_14522_83b.txt
loop: blame=false active=true hold=115153764 move_ms=0 now=115153764 cursor=0
maybeLoadBlame: stale=true branch=master
 path=/tmp/oz_e2e_14522_86bhb.txt
maybeLoadBlame: stale=true branch=master
 path=/tmp/oz_e2e_14522_86bhb.txt
loop: blame=false active=true hold=115154073 move_ms=0 now=115154073 cursor=0
maybeLoadBlame: stale=true branch=master
 path=/home/leoz/sources/oz/build.zig
maybeLoadBlame: stale=true branch=master
 path=/home/leoz/sources/oz/build.zig
blame consumed: out=70902B parsed=true
ghost cond: active=true mode=.normal blame=true hold=115154127 line=0 pathMatch=true cursor=0
loop: blame=false active=true hold=115154437 move_ms=0 now=115154437 cursor=0
maybeLoadBlame: stale=true branch=master
 path=/home/leoz/sources/oz/build.zig
maybeLoadBlame: stale=true branch=master
 path=/home/leoz/sources/oz/build.zig
loop: blame=false active=true hold=115154851 move_ms=0 now=115154851 cursor=0
maybeLoadBlame: stale=true branch=master
 path=/tmp/oz_e2e_14522_87lsp.go
maybeLoadBlame: stale=true branch=master
 path=/tmp/oz_e2e_14522_87lsp.go
loop: blame=false active=true hold=115155181 move_ms=0 now=115155181 cursor=0
maybeLoadBlame: stale=true branch=master
 path=/tmp/oz_e2e_14522_88lspm.zig
maybeLoadBlame: stale=true branch=master
 path=/tmp/oz_e2e_14522_88lspm.zig
loop: blame=false active=true hold=115155653 move_ms=0 now=115155653 cursor=0
maybeLoadBlame: stale=true branch=master
 path=/tmp/oz_e2e_14522_89diagc.zig
maybeLoadBlame: stale=true branch=master
 path=/tmp/oz_e2e_14522_89diagc.zig
loop: blame=false active=true hold=115156028 move_ms=0 now=115156028 cursor=0
maybeLoadBlame: stale=true branch=master
 path=/tmp/oz_e2e_14522_90jksync.zig
maybeLoadBlame: stale=true branch=master
 path=/tmp/oz_e2e_14522_90jksync.zig
loop: blame=false active=true hold=115156402 move_ms=0 now=115156402 cursor=0
maybeLoadBlame: stale=true branch=master
 path=/tmp/oz_e2e_14522_91diag.zig
maybeLoadBlame: stale=true branch=master
 path=/tmp/oz_e2e_14522_91diag.zig
loop: blame=false active=true hold=115156876 move_ms=0 now=115156876 cursor=0
maybeLoadBlame: stale=true branch=master
 path=/tmp/oz_e2e_14522_92nav.zig
maybeLoadBlame: stale=true branch=master
 path=/tmp/oz_e2e_14522_92nav.zig
loop: blame=false active=true hold=115157440 move_ms=0 now=115157440 cursor=0
maybeLoadBlame: stale=true branch=master
 path=/tmp/oz_e2e_14522_93comp.zig
maybeLoadBlame: stale=true branch=master
 path=/tmp/oz_e2e_14522_93comp.zig
loop: blame=false active=true hold=115157913 move_ms=0 now=115157913 cursor=0
maybeLoadBlame: stale=true branch=master
 path=/tmp/oz_e2e_14522_94auto.zig
maybeLoadBlame: stale=true branch=master
 path=/tmp/oz_e2e_14522_94auto.zig
loop: blame=false active=true hold=115158387 move_ms=0 now=115158387 cursor=0
maybeLoadBlame: stale=true branch=master
 path=/tmp/oz_e2e_14522_95trig.zig
maybeLoadBlame: stale=true branch=master
 path=/tmp/oz_e2e_14522_95trig.zig
loop: blame=false active=true hold=115158861 move_ms=0 now=115158861 cursor=0
maybeLoadBlame: stale=true branch=master
 path=/tmp/oz_e2e_14522_96dyn.zig
maybeLoadBlame: stale=true branch=master
 path=/tmp/oz_e2e_14522_96dyn.zig
loop: blame=false active=true hold=115159336 move_ms=0 now=115159336 cursor=0
maybeLoadBlame: stale=true branch=master
 path=/tmp/oz_e2e_14522_97snp.zig
maybeLoadBlame: stale=true branch=master
 path=/tmp/oz_e2e_14522_97snp.zig
loop: blame=false active=true hold=115159809 move_ms=0 now=115159809 cursor=0
maybeLoadBlame: stale=true branch=master
 path=/tmp/oz_e2e_14522_98flow.zig
maybeLoadBlame: stale=true branch=master
 path=/tmp/oz_e2e_14522_98flow.zig
loop: blame=false active=true hold=115160303 move_ms=0 now=115160303 cursor=0
maybeLoadBlame: stale=true branch=master
 path=/tmp/oz_e2e_14522_99sig.zig
maybeLoadBlame: stale=true branch=master
 path=/tmp/oz_e2e_14522_99sig.zig
loop: blame=false active=true hold=115160780 move_ms=0 now=115160780 cursor=0
maybeLoadBlame: stale=true branch=master
 path=/tmp/oz_e2e_14522_100edit.zig
maybeLoadBlame: stale=true branch=master
 path=/tmp/oz_e2e_14522_100edit.zig
loop: blame=false active=true hold=0 move_ms=115165836 now=115165836 cursor=20
loop: blame=false active=true hold=115166242 move_ms=0 now=115166242 cursor=0
maybeLoadBlame: stale=true branch=master
 path=/tmp/oz_e2e_14522_101cmdt.zig
maybeLoadBlame: stale=true branch=master
 path=/tmp/oz_e2e_14522_101cmdt.zig
loop: blame=false active=true hold=115166596 move_ms=0 now=115166596 cursor=0
maybeLoadBlame: stale=true branch=master
 path=/tmp/oz_e2e_14522_102km.txt
maybeLoadBlame: stale=true branch=master
 path=/tmp/oz_e2e_14522_102km.txt
loop: blame=false active=true hold=115166908 move_ms=0 now=115166908 cursor=0
maybeLoadBlame: stale=true branch=master
 path=/tmp/oz_e2e_14522_103tr.txt
maybeLoadBlame: stale=true branch=master
 path=/tmp/oz_e2e_14522_103tr.txt
loop: blame=false active=true hold=115167216 move_ms=0 now=115167216 cursor=0
maybeLoadBlame: stale=true branch=master
 path=/home/leoz/sources/oz/build.zig
maybeLoadBlame: stale=true branch=master
 path=/home/leoz/sources/oz/build.zig
loop: blame=false active=true hold=115167571 move_ms=0 now=115167571 cursor=0
maybeLoadBlame: stale=true branch=master
 path=/tmp/oz_e2e_14522_104_newfile.txt
loop: blame=false active=true hold=115167879 move_ms=0 now=115167879 cursor=0
maybeLoadBlame: stale=true branch=master
 path=/tmp/oz_e2e_14522_105_view.txt
maybeLoadBlame: stale=true branch=master
 path=/tmp/oz_e2e_14522_105_view.txt
loop: blame=false active=true hold=115168189 move_ms=0 now=115168189 cursor=0
maybeLoadBlame: stale=true branch=master
 path=/tmp/oz_e2e_14522_106fold.py
maybeLoadBlame: stale=true branch=master
 path=/tmp/oz_e2e_14522_106fold.py
loop: blame=false active=true hold=115168520 move_ms=0 now=115168520 cursor=0
maybeLoadBlame: stale=true branch=main
 path=/tmp/oz_e2e_git_14522/a.txt
maybeLoadBlame: stale=true branch=main
 path=/tmp/oz_e2e_git_14522/a.txt
blame consumed: out=5203B parsed=true
maybeLoadBlame: stale=true branch=main
 path=/tmp/oz_e2e_git_14522/a.txt
maybeLoadBlame: stale=true branch=main
 path=/tmp/oz_e2e_git_14522/a.txt
blame consumed: out=5203B parsed=true
maybeLoadBlame: stale=true branch=main
 path=/tmp/oz_e2e_git_14522/a.txt
maybeLoadBlame: stale=true branch=main
 path=/tmp/oz_e2e_git_14522/a.txt
blame consumed: out=5364B parsed=true
loop: blame=true active=true hold=895 move_ms=115168625 now=115169520 cursor=105
ghost cond: active=true mode=.normal blame=true hold=1000 line=16 pathMatch=true cursor=105
ghost SKIP: active=false mode=.normal blame=true hold=1001
maybeLoadBlame: stale=false branch=main
 path=/tmp/oz_e2e_git_14522/a.txt
ghost cond: active=true mode=.normal blame=true hold=1001 line=16 pathMatch=true cursor=105
maybeLoadBlame: stale=true branch=main
 path=/tmp/oz_e2e_git_14522/b.txt
maybeLoadBlame: stale=true branch=main
 path=/tmp/oz_e2e_git_14522/b.txt
loop: blame=false active=true hold=115169940 move_ms=0 now=115169940 cursor=0
maybeLoadBlame: stale=true branch=main
 path=/tmp/oz_e2e_ghost_14522/a.txt
maybeLoadBlame: stale=true branch=main
 path=/tmp/oz_e2e_ghost_14522/a.txt
blame consumed: out=288B parsed=true
ghost cond: active=true mode=.normal blame=true hold=115169943 line=0 pathMatch=true cursor=0
ghost cond: active=true mode=.normal blame=true hold=115169944 line=0 pathMatch=true cursor=0
ghost cond: active=true mode=.normal blame=true hold=115170244 line=0 pathMatch=true cursor=0
loop: blame=false active=true hold=115170549 move_ms=0 now=115170549 cursor=0
maybeLoadBlame: stale=true branch=master
 path=/tmp/oz_e2e_14522_107term.txt
maybeLoadBlame: stale=true branch=master
 path=/tmp/oz_e2e_14522_107term.txt
loop: blame=false active=true hold=115171122 move_ms=0 now=115171122 cursor=0
maybeLoadBlame: stale=true branch=master
 path=/tmp/oz_e2e_14522_108termq.txt
maybeLoadBlame: stale=true branch=master
 path=/tmp/oz_e2e_14522_108termq.txt
